Using pre-set license
Built from '2022.3/staging' branch; Version is '2022.3.27f1 (73effa14754f) revision 7598074'; Using compiler version '192829333'; Build Type 'Release'
OS: 'Windows 11  (10.0.26100) 64bit CoreSingleLanguage' Language: 'en' Physical Memory: 16004 MB
BatchMode: 1, IsHumanControllingUs: 0, StartBugReporterOnCrash: 0, Is64bit: 1, IsPro: 1

COMMAND LINE ARGUMENTS:
E:\Unity\Hub\2022.3.27f1\Editor\Unity.exe
-adb2
-batchMode
-noUpm
-name
AssetImportWorker3
-projectPath
E:/ProjectGame/VR-for-Product-Placement-Simulation-1
-logFile
Logs/AssetImportWorker3.log
-srvPort
49401
Successfully changed project path to: E:/ProjectGame/VR-for-Product-Placement-Simulation-1
E:/ProjectGame/VR-for-Product-Placement-Simulation-1
[UnityMemory] Configuration Parameters - Can be set up in boot.config
    "memorysetup-bucket-allocator-granularity=16"
    "memorysetup-bucket-allocator-bucket-count=8"
    "memorysetup-bucket-allocator-block-size=33554432"
    "memorysetup-bucket-allocator-block-count=8"
    "memorysetup-main-allocator-block-size=16777216"
    "memorysetup-thread-allocator-block-size=16777216"
    "memorysetup-gfx-main-allocator-block-size=16777216"
    "memorysetup-gfx-thread-allocator-block-size=16777216"
    "memorysetup-cache-allocator-block-size=4194304"
    "memorysetup-typetree-allocator-block-size=2097152"
    "memorysetup-profiler-bucket-allocator-granularity=16"
    "memorysetup-profiler-bucket-allocator-bucket-count=8"
    "memorysetup-profiler-bucket-allocator-block-size=33554432"
    "memorysetup-profiler-bucket-allocator-block-count=8"
    "memorysetup-profiler-allocator-block-size=16777216"
    "memorysetup-profiler-editor-allocator-block-size=1048576"
    "memorysetup-temp-allocator-size-main=16777216"
    "memorysetup-job-temp-allocator-block-size=2097152"
    "memorysetup-job-temp-allocator-block-size-background=1048576"
    "memorysetup-job-temp-allocator-reduction-small-platforms=262144"
    "memorysetup-allocator-temp-initial-block-size-main=262144"
    "memorysetup-allocator-temp-initial-block-size-worker=262144"
    "memorysetup-temp-allocator-size-background-worker=32768"
    "memorysetup-temp-allocator-size-job-worker=262144"
    "memorysetup-temp-allocator-size-preload-manager=33554432"
    "memorysetup-temp-allocator-size-nav-mesh-worker=65536"
    "memorysetup-temp-allocator-size-audio-worker=65536"
    "memorysetup-temp-allocator-size-cloud-worker=32768"
    "memorysetup-temp-allocator-size-gi-baking-worker=262144"
    "memorysetup-temp-allocator-size-gfx=262144"
Player connection [28860] Host "[IP] 192.168.56.1 [Port] 0 [Flags] 2 [Guid] 1390093800 [EditorId] 1390093800 [Version] 1048832 [Id] WindowsEditor(7,LAPTOP-6KDHL29O) [Debug] 1 [PackageName] WindowsEditor [ProjectName] Editor" joined multi-casting on [225.0.0.222:54997]...

Player connection [28860] Host "[IP] 192.168.56.1 [Port] 0 [Flags] 2 [Guid] 1390093800 [EditorId] 1390093800 [Version] 1048832 [Id] WindowsEditor(7,LAPTOP-6KDHL29O) [Debug] 1 [PackageName] WindowsEditor [ProjectName] Editor" joined alternative multi-casting on [225.0.0.222:34997]...

[Physics::Module] Initialized MultithreadedJobDispatcher with 11 workers.
Refreshing native plugins compatible for Editor in 27.11 ms, found 9 plugins.
Preloading 0 native plugins for Editor in 0.00 ms.
Initialize engine version: 2022.3.27f1 (73effa14754f)
[Subsystems] Discovering subsystems at path E:/Unity/Hub/2022.3.27f1/Editor/Data/Resources/UnitySubsystems
[Subsystems] Discovering subsystems at path E:/ProjectGame/VR-for-Product-Placement-Simulation-1/Assets
GfxDevice: creating device client; threaded=0; jobified=0
Direct3D:
    Version:  Direct3D 11.0 [level 11.1]
    Renderer: NVIDIA GeForce RTX 3050 Laptop GPU (ID=0x25a2)
    Vendor:   NVIDIA
    VRAM:     3964 MB
    Driver:   32.0.15.7688
Initialize mono
Mono path[0] = 'E:/Unity/Hub/2022.3.27f1/Editor/Data/Managed'
Mono path[1] = 'E:/Unity/Hub/2022.3.27f1/Editor/Data/MonoBleedingEdge/lib/mono/unityjit-win32'
Mono config path = 'E:/Unity/Hub/2022.3.27f1/Editor/Data/MonoBleedingEdge/etc'
Using monoOptions --debugger-agent=transport=dt_socket,embedding=1,server=y,suspend=n,address=127.0.0.1:56848
Begin MonoManager ReloadAssembly
Registering precompiled unity dll's ...
Register platform support module: E:/Unity/Hub/2022.3.27f1/Editor/Data/PlaybackEngines/WindowsStandaloneSupport/UnityEditor.WindowsStandalone.Extensions.dll
Registered in 0.003741 seconds.
- Loaded All Assemblies, in  0.437 seconds
Native extension for WindowsStandalone target not found
Mono: successfully reloaded assembly
- Finished resetting the current domain, in  0.364 seconds
Domain Reload Profiling: 800ms
	BeginReloadAssembly (150ms)
		ExecutionOrderSort (0ms)
		DisableScriptedObjects (0ms)
		BackupInstance (0ms)
		ReleaseScriptingObjects (0ms)
		CreateAndSetChildDomain (1ms)
	RebuildCommonClasses (44ms)
	RebuildNativeTypeToScriptingClass (12ms)
	initialDomainReloadingComplete (64ms)
	LoadAllAssembliesAndSetupDomain (166ms)
		LoadAssemblies (150ms)
		RebuildTransferFunctionScriptingTraits (0ms)
		AnalyzeDomain (163ms)
			TypeCache.Refresh (162ms)
				TypeCache.ScanAssembly (147ms)
			ScanForSourceGeneratedMonoScriptInfo (0ms)
			ResolveRequiredComponents (1ms)
	FinalizeReload (364ms)
		ReleaseScriptCaches (0ms)
		RebuildScriptCaches (0ms)
		SetupLoadedEditorAssemblies (289ms)
			LogAssemblyErrors (0ms)
			InitializePlatformSupportModulesInManaged (10ms)
			SetLoadedEditorAssemblies (11ms)
			RefreshPlugins (0ms)
			BeforeProcessingInitializeOnLoad (3ms)
			ProcessInitializeOnLoadAttributes (201ms)
			ProcessInitializeOnLoadMethodAttributes (64ms)
			AfterProcessingInitializeOnLoad (0ms)
			EditorAssembliesLoaded (0ms)
		ExecutionOrderSort2 (0ms)
		AwakeInstancesAfterBackupRestoration (0ms)
========================================================================
Worker process is ready to serve import requests
Begin MonoManager ReloadAssembly
- Loaded All Assemblies, in  0.883 seconds
Refreshing native plugins compatible for Editor in 15.58 ms, found 9 plugins.
Native extension for WindowsStandalone target not found
Package Manager log level set to [2]
[Package Manager] Server::EnsureServerProcessIsRunning -- launch failed, reason: Unity was launched with the -noUpm command-line argument
[Package Manager] UpmClient::Send -- Unable to send message (not connected to UPM process).
[Package Manager] Cannot connect to Unity Package Manager local server
Mono: successfully reloaded assembly
[Package Manager] Server::EnsureServerProcessIsRunning -- launch failed, reason: Unity was launched with the -noUpm command-line argument
[Package Manager] UpmClient::Send -- Unable to send message (not connected to UPM process).
[Package Manager] Cannot connect to Unity Package Manager local server
[Package Manager] Server::EnsureServerProcessIsRunning -- launch failed, reason: Unity was launched with the -noUpm command-line argument
[Package Manager] UpmClient::Send -- Unable to send message (not connected to UPM process).
[Package Manager] Cannot connect to Unity Package Manager local server
- Finished resetting the current domain, in  0.990 seconds
Domain Reload Profiling: 1873ms
	BeginReloadAssembly (189ms)
		ExecutionOrderSort (0ms)
		DisableScriptedObjects (6ms)
		BackupInstance (0ms)
		ReleaseScriptingObjects (0ms)
		CreateAndSetChildDomain (24ms)
	RebuildCommonClasses (44ms)
	RebuildNativeTypeToScriptingClass (12ms)
	initialDomainReloadingComplete (50ms)
	LoadAllAssembliesAndSetupDomain (588ms)
		LoadAssemblies (428ms)
		RebuildTransferFunctionScriptingTraits (0ms)
		AnalyzeDomain (279ms)
			TypeCache.Refresh (239ms)
				TypeCache.ScanAssembly (219ms)
			ScanForSourceGeneratedMonoScriptInfo (29ms)
			ResolveRequiredComponents (9ms)
	FinalizeReload (990ms)
		ReleaseScriptCaches (0ms)
		RebuildScriptCaches (0ms)
		SetupLoadedEditorAssemblies (765ms)
			LogAssemblyErrors (0ms)
			InitializePlatformSupportModulesInManaged (5ms)
			SetLoadedEditorAssemblies (7ms)
			RefreshPlugins (0ms)
			BeforeProcessingInitializeOnLoad (88ms)
			ProcessInitializeOnLoadAttributes (586ms)
			ProcessInitializeOnLoadMethodAttributes (76ms)
			AfterProcessingInitializeOnLoad (2ms)
			EditorAssembliesLoaded (0ms)
		ExecutionOrderSort2 (0ms)
		AwakeInstancesAfterBackupRestoration (8ms)
Launched and connected shader compiler UnityShaderCompiler.exe after 0.08 seconds
Refreshing native plugins compatible for Editor in 25.12 ms, found 9 plugins.
Preloading 0 native plugins for Editor in 0.00 ms.
Unloading 4500 Unused Serialized files (Serialized files now loaded: 0)
Unloading 82 unused Assets / (49.3 KB). Loaded Objects now: 5003.
Memory consumption went from 167.9 MB to 167.9 MB.
Total: 5.498000 ms (FindLiveObjects: 0.393600 ms CreateObjectMapping: 0.243200 ms MarkObjects: 4.651100 ms  DeleteObjects: 0.208200 ms)

AssetImportParameters requested are different than current active one (requested -> active):
  custom:container-demuxer-ogg: 62fdf1f143b41e24485cea50d1cbac27 -> 
  custom:video-codec-MediaFoundation-h265: 746d11721c4dcdbdad8f713fa42b33f4 -> 
  custom:video-decoder-ogg-theora: a1e56fd34408186e4bbccfd4996cb3dc -> 
  custom:framework-win-MediaFoundation: 216162199b28c13a410421893ffa2e32 -> 
  custom:scripting/monoscript/fileName/DisconnectOnGrab.cs: b6d535f14de0b54fc350dbde59139bca -> 829cd3f79b470f7b924c00f819c10ca8
  custom:CustomObjectIndexerAttribute: 9a22284fe3817be447336de3de66b15e -> 
  custom:scripting/monoscript/fileName/SocketChecker.cs: 81e2c6ae821d2f82fca4ae7f488fee82 -> 11eea032f05868895a3d7bd31e5112c8
  custom:container-demuxer-webm: 4f35f7cbe854078d1ac9338744f61a02 -> 
  custom:container-muxer-webm: aa71ff27fc2769a1b78a27578f13a17b -> 
  custom:video-decoder-webm-vp8: 9c59270c3fd7afecdb556c50c9e8de78 -> 
  custom:scripting/monoscript/fileName/ObjectConnector.cs: b6889c6d7c3a3d07a33c3997b113a4de -> 27ec08e04caab7342e1ebf9ebffa40c1
  custom:SearchIndexIgnoredProperties: e643bd26f0fe6173181afceb89e7c659 -> 
  custom:AudioImporter_EditorPlatform: d09bf68614088b80899f8185d706f6e7 -> 
  custom:video-encoder-webm-vp8: eb34c28f22e8b96e1ab97ce403110664 -> 
  custom:scripting/monoscript/fileName/BasketTrigger.cs: aa00535640a464914bb19856add306dc -> 48c5e4ba96c9f234beae8838e152e959
  custom:audio-decoder-ogg-vorbis: bf7c407c2cedff20999df2af8eb42d56 -> 
  custom:audio-encoder-webm-vorbis: bf7c407c2cedff20999df2af8eb42d56 -> 
  custom:scripting/monoscript/fileName/ScoreManager.cs: 8bf37ad2a0e5ee64fa29f25e7049ed24 -> 2117df56b7ba23abd331d761e713022a
  custom:scripting/monoscript/fileName/BasketTriggerObject.cs: 9b05c554f29a11072e71a667da6ed2cb -> 
========================================================================
Received Import Request.
  Time since last request: 261809.778444 seconds.
  path: Assets/Product/prefab/nachos.prefab
  artifactKey: Guid(a0575b821270a6447bd2633f8308031c) Importer(815301076,1909f56bfc062723c751e8b465ee728b)
Start importing Assets/Product/prefab/nachos.prefab using Guid(a0575b821270a6447bd2633f8308031c) Importer(815301076,1909f56bfc062723c751e8b465ee728b)  -> (artifact id: 'efecfe92c6484890d88e952ca5dfaed4') in 0.139819 seconds
Number of updated asset objects reloaded before import = 0
Number of asset objects unloaded after import = 16
========================================================================
Received Import Request.
  Time since last request: 191.369739 seconds.
  path: Assets/Samples/XR Interaction Toolkit/2.5.4/Starter Assets/DemoSceneAssets/Sprites/Asset.png
  artifactKey: Guid(17d565bb4a7744b41b7e4dc7e3a09e35) Importer(815301076,1909f56bfc062723c751e8b465ee728b)
Start importing Assets/Samples/XR Interaction Toolkit/2.5.4/Starter Assets/DemoSceneAssets/Sprites/Asset.png using Guid(17d565bb4a7744b41b7e4dc7e3a09e35) Importer(815301076,1909f56bfc062723c751e8b465ee728b)  -> (artifact id: '4b349eee6991d07a98ead3f5a59168d5') in 0.041438 seconds
Number of updated asset objects reloaded before import = 0
Number of asset objects unloaded after import = 3
========================================================================
Received Import Request.
  Time since last request: 0.000023 seconds.
  path: Assets/SimplePoly City - Low Poly Assets/Textures/Building Sky_small_color01.png
  artifactKey: Guid(bee58bddcdaac384fbe8998755d603fb) Importer(815301076,1909f56bfc062723c751e8b465ee728b)
Start importing Assets/SimplePoly City - Low Poly Assets/Textures/Building Sky_small_color01.png using Guid(bee58bddcdaac384fbe8998755d603fb) Importer(815301076,1909f56bfc062723c751e8b465ee728b)  -> (artifact id: '4c2610823ecb74b334244620fb3f315e') in 0.015404 seconds
Number of updated asset objects reloaded before import = 0
Number of asset objects unloaded after import = 2
========================================================================
Received Import Request.
  Time since last request: 0.000044 seconds.
  path: Assets/SimplePoly City - Low Poly Assets/Textures/Building_Books Shop.png
  artifactKey: Guid(29d6ba98d5bca734695ddaf5fdf19baf) Importer(815301076,1909f56bfc062723c751e8b465ee728b)
Start importing Assets/SimplePoly City - Low Poly Assets/Textures/Building_Books Shop.png using Guid(29d6ba98d5bca734695ddaf5fdf19baf) Importer(815301076,1909f56bfc062723c751e8b465ee728b)  -> (artifact id: '3fc637699a39a70f2fd07e0b390e64e8') in 0.016000 seconds
Number of updated asset objects reloaded before import = 0
Number of asset objects unloaded after import = 2
========================================================================
Received Import Request.
  Time since last request: 0.000139 seconds.
  path: Assets/SimplePoly City - Low Poly Assets/Textures/Building_Chicken Shop.png
  artifactKey: Guid(b648d0554709c6c4e9269e311432c5d6) Importer(815301076,1909f56bfc062723c751e8b465ee728b)
Start importing Assets/SimplePoly City - Low Poly Assets/Textures/Building_Chicken Shop.png using Guid(b648d0554709c6c4e9269e311432c5d6) Importer(815301076,1909f56bfc062723c751e8b465ee728b)  -> (artifact id: '222a2d0940e3756c70246a92c4ed3aed') in 0.016056 seconds
Number of updated asset objects reloaded before import = 0
Number of asset objects unloaded after import = 2
========================================================================
Received Import Request.
  Time since last request: 0.000020 seconds.
  path: Assets/SimplePoly City - Low Poly Assets/Textures/Building_Fast Food.png
  artifactKey: Guid(06b4c0119aac8524ca9230c7fabe315b) Importer(815301076,1909f56bfc062723c751e8b465ee728b)
Start importing Assets/SimplePoly City - Low Poly Assets/Textures/Building_Fast Food.png using Guid(06b4c0119aac8524ca9230c7fabe315b) Importer(815301076,1909f56bfc062723c751e8b465ee728b)  -> (artifact id: 'f0e3635338bc688d7a08fec91ec86090') in 0.016142 seconds
Number of updated asset objects reloaded before import = 0
Number of asset objects unloaded after import = 2
========================================================================
Received Import Request.
  Time since last request: 0.000148 seconds.
  path: Assets/TextMesh Pro/Examples & Extras/Resources/Fonts & Materials/Bangers SDF.asset
  artifactKey: Guid(125cb55b44b24c4393181402bc6200e6) Importer(815301076,1909f56bfc062723c751e8b465ee728b)
Start importing Assets/TextMesh Pro/Examples & Extras/Resources/Fonts & Materials/Bangers SDF.asset using Guid(125cb55b44b24c4393181402bc6200e6) Importer(815301076,1909f56bfc062723c751e8b465ee728b)  -> (artifact id: 'c650bf7720fb9f5ab1bbdbc685915a2a') in 0.052591 seconds
Number of updated asset objects reloaded before import = 0
Number of asset objects unloaded after import = 6
========================================================================
Received Import Request.
  Time since last request: 0.000024 seconds.
  path: Assets/SimplePoly City - Low Poly Assets/Textures/Building Sky_small_color03.png
  artifactKey: Guid(0bfefad86ca42384bad95b74e07c5e68) Importer(815301076,1909f56bfc062723c751e8b465ee728b)
Start importing Assets/SimplePoly City - Low Poly Assets/Textures/Building Sky_small_color03.png using Guid(0bfefad86ca42384bad95b74e07c5e68) Importer(815301076,1909f56bfc062723c751e8b465ee728b)  -> (artifact id: '785d1df2f82608a8901a63c51d44dd67') in 0.012849 seconds
Number of updated asset objects reloaded before import = 0
Number of asset objects unloaded after import = 2
========================================================================
Received Import Request.
  Time since last request: 0.000049 seconds.
  path: Assets/SimplePoly City - Low Poly Assets/Textures/Building_Coffee Shop.png
  artifactKey: Guid(939ea9febbadb6e4c906dcd31ca81e78) Importer(815301076,1909f56bfc062723c751e8b465ee728b)
Start importing Assets/SimplePoly City - Low Poly Assets/Textures/Building_Coffee Shop.png using Guid(939ea9febbadb6e4c906dcd31ca81e78) Importer(815301076,1909f56bfc062723c751e8b465ee728b)  -> (artifact id: '7cb3ebdc7819f965b5f27da6b7fe4866') in 0.021970 seconds
Number of updated asset objects reloaded before import = 0
Number of asset objects unloaded after import = 2
========================================================================
Received Import Request.
  Time since last request: 0.000021 seconds.
  path: Assets/SimplePoly City - Low Poly Assets/Textures/Building_House_03_color01.png
  artifactKey: Guid(22102af343715b9418233bc6460f0a8d) Importer(815301076,1909f56bfc062723c751e8b465ee728b)
Start importing Assets/SimplePoly City - Low Poly Assets/Textures/Building_House_03_color01.png using Guid(22102af343715b9418233bc6460f0a8d) Importer(815301076,1909f56bfc062723c751e8b465ee728b)  -> (artifact id: '111d9d8d978d65ddddd79bcd1c9cd602') in 0.015599 seconds
Number of updated asset objects reloaded before import = 0
Number of asset objects unloaded after import = 2
========================================================================
Received Import Request.
  Time since last request: 0.000019 seconds.
  path: Assets/SimplePoly City - Low Poly Assets/Textures/Building_Residential_color01.png
  artifactKey: Guid(b9f7df78bf267034f9f9667336dae55a) Importer(815301076,1909f56bfc062723c751e8b465ee728b)
Start importing Assets/SimplePoly City - Low Poly Assets/Textures/Building_Residential_color01.png using Guid(b9f7df78bf267034f9f9667336dae55a) Importer(815301076,1909f56bfc062723c751e8b465ee728b)  -> (artifact id: '94c2527be665f934accd6bb20a8af5a1') in 0.014622 seconds
Number of updated asset objects reloaded before import = 0
Number of asset objects unloaded after import = 2
========================================================================
Received Import Request.
  Time since last request: 0.000093 seconds.
  path: Assets/SimplePoly City - Low Poly Assets/Textures/Building_Shoes Shop.png
  artifactKey: Guid(2b65a3a19e6eed944b6118802215ede0) Importer(815301076,1909f56bfc062723c751e8b465ee728b)
Start importing Assets/SimplePoly City - Low Poly Assets/Textures/Building_Shoes Shop.png using Guid(2b65a3a19e6eed944b6118802215ede0) Importer(815301076,1909f56bfc062723c751e8b465ee728b)  -> (artifact id: 'caa7587a5bf50ec16039d250b8c22d82') in 0.015344 seconds
Number of updated asset objects reloaded before import = 0
Number of asset objects unloaded after import = 2
========================================================================
Received Import Request.
  Time since last request: 0.000018 seconds.
  path: Assets/SimplePoly City - Low Poly Assets/Textures/Building_Residential_color03.png
  artifactKey: Guid(10b9114ae4fb5014c9989aa81e2f168f) Importer(815301076,1909f56bfc062723c751e8b465ee728b)
Start importing Assets/SimplePoly City - Low Poly Assets/Textures/Building_Residential_color03.png using Guid(10b9114ae4fb5014c9989aa81e2f168f) Importer(815301076,1909f56bfc062723c751e8b465ee728b)  -> (artifact id: '708a7a76ba3c5d156cf8ac6cbef235a1') in 0.027049 seconds
Number of updated asset objects reloaded before import = 0
Number of asset objects unloaded after import = 2
========================================================================
Received Import Request.
  Time since last request: 0.000133 seconds.
  path: Assets/Samples/XR Interaction Toolkit/2.5.4/AR Starter Assets/ARDemoSceneAssets/Sprites/Button - Rounded Highlight.png
  artifactKey: Guid(c5adfe294554543868fc7cf60dded650) Importer(815301076,1909f56bfc062723c751e8b465ee728b)
Start importing Assets/Samples/XR Interaction Toolkit/2.5.4/AR Starter Assets/ARDemoSceneAssets/Sprites/Button - Rounded Highlight.png using Guid(c5adfe294554543868fc7cf60dded650) Importer(815301076,1909f56bfc062723c751e8b465ee728b)  -> (artifact id: 'ebc1758dc075e8082241600c8b38fe0c') in 0.016636 seconds
Number of updated asset objects reloaded before import = 0
Number of asset objects unloaded after import = 3
========================================================================
Received Import Request.
  Time since last request: 0.000063 seconds.
  path: Assets/Samples/XR Interaction Toolkit/2.5.4/XR Device Simulator/UI/ControllerDevice/ControllerRight.png
  artifactKey: Guid(17c263f6077f14b218b13656aacd9551) Importer(815301076,1909f56bfc062723c751e8b465ee728b)
Start importing Assets/Samples/XR Interaction Toolkit/2.5.4/XR Device Simulator/UI/ControllerDevice/ControllerRight.png using Guid(17c263f6077f14b218b13656aacd9551) Importer(815301076,1909f56bfc062723c751e8b465ee728b)  -> (artifact id: '60d0c4b67ae6efb474d5348683ad4232') in 0.024192 seconds
Number of updated asset objects reloaded before import = 0
Number of asset objects unloaded after import = 3
========================================================================
Received Import Request.
  Time since last request: 0.000251 seconds.
  path: Assets/Samples/XR Interaction Toolkit/2.5.4/XR Device Simulator/UI/Mouse/Cursor.png
  artifactKey: Guid(9e4e923f2e0534a56b6a0c2321388194) Importer(815301076,1909f56bfc062723c751e8b465ee728b)
Start importing Assets/Samples/XR Interaction Toolkit/2.5.4/XR Device Simulator/UI/Mouse/Cursor.png using Guid(9e4e923f2e0534a56b6a0c2321388194) Importer(815301076,1909f56bfc062723c751e8b465ee728b)  -> (artifact id: '979ae1e3738a4cf0a1d11579df6a9b00') in 0.018706 seconds
Number of updated asset objects reloaded before import = 0
Number of asset objects unloaded after import = 3
========================================================================
Received Import Request.
  Time since last request: 0.000029 seconds.
  path: Assets/TextMesh Pro/Examples & Extras/Fonts/Oswald-Bold.ttf
  artifactKey: Guid(c9f6d0e7bc8541498c9a4799ba184ede) Importer(815301076,1909f56bfc062723c751e8b465ee728b)
Start importing Assets/TextMesh Pro/Examples & Extras/Fonts/Oswald-Bold.ttf using Guid(c9f6d0e7bc8541498c9a4799ba184ede) Importer(815301076,1909f56bfc062723c751e8b465ee728b)  -> (artifact id: 'ad0f5fb7ce287f3943c453a0870f16d0') in 0.020970 seconds
Number of updated asset objects reloaded before import = 0
Number of asset objects unloaded after import = 4
========================================================================
Received Import Request.
  Time since last request: 0.000018 seconds.
  path: Assets/Samples/XR Interaction Toolkit/2.5.4/XR Device Simulator/UI/ControllerDevice/ControllerLeft.png
  artifactKey: Guid(10abf1be8eef148d4aa4b96b2af7a9f0) Importer(815301076,1909f56bfc062723c751e8b465ee728b)
Start importing Assets/Samples/XR Interaction Toolkit/2.5.4/XR Device Simulator/UI/ControllerDevice/ControllerLeft.png using Guid(10abf1be8eef148d4aa4b96b2af7a9f0) Importer(815301076,1909f56bfc062723c751e8b465ee728b)  -> (artifact id: '9c9fdd4ac368c28f5ddf4d4cadfd5f4d') in 0.016526 seconds
Number of updated asset objects reloaded before import = 0
Number of asset objects unloaded after import = 3
========================================================================
Received Import Request.
  Time since last request: 0.000024 seconds.
  path: Assets/Samples/XR Interaction Toolkit/2.5.4/XR Device Simulator/UI/General/CloseWindow.png
  artifactKey: Guid(c76518a5819794083a346812c0906b77) Importer(815301076,1909f56bfc062723c751e8b465ee728b)
Start importing Assets/Samples/XR Interaction Toolkit/2.5.4/XR Device Simulator/UI/General/CloseWindow.png using Guid(c76518a5819794083a346812c0906b77) Importer(815301076,1909f56bfc062723c751e8b465ee728b)  -> (artifact id: 'c6b4b4f063a350ad5b34ca1e7f4dbd66') in 0.015807 seconds
Number of updated asset objects reloaded before import = 0
Number of asset objects unloaded after import = 3
========================================================================
Received Import Request.
  Time since last request: 0.000109 seconds.
  path: Assets/Samples/XR Interaction Toolkit/2.5.4/XR Device Simulator/UI/Hands/hand.png
  artifactKey: Guid(290d158031622c645aa55f8bd981be12) Importer(815301076,1909f56bfc062723c751e8b465ee728b)
Start importing Assets/Samples/XR Interaction Toolkit/2.5.4/XR Device Simulator/UI/Hands/hand.png using Guid(290d158031622c645aa55f8bd981be12) Importer(815301076,1909f56bfc062723c751e8b465ee728b)  -> (artifact id: '289f5dfbeecbdc4a4119c5e9c8ecd916') in 0.018988 seconds
Number of updated asset objects reloaded before import = 0
Number of asset objects unloaded after import = 3
========================================================================
Received Import Request.
  Time since last request: 0.000024 seconds.
  path: Assets/Samples/XR Interaction Toolkit/2.5.4/XR Device Simulator/UI/General/Gripper.png
  artifactKey: Guid(17689808316e14280ad508a625c4c88f) Importer(815301076,1909f56bfc062723c751e8b465ee728b)
Start importing Assets/Samples/XR Interaction Toolkit/2.5.4/XR Device Simulator/UI/General/Gripper.png using Guid(17689808316e14280ad508a625c4c88f) Importer(815301076,1909f56bfc062723c751e8b465ee728b)  -> (artifact id: '9aed7efcca449490d8b006cd61e45a6c') in 0.026760 seconds
Number of updated asset objects reloaded before import = 0
Number of asset objects unloaded after import = 3
========================================================================
Received Import Request.
  Time since last request: 0.000072 seconds.
  path: Assets/Samples/XR Interaction Toolkit/2.5.4/XR Device Simulator/UI/Hands/Hand_Default.png
  artifactKey: Guid(7d3dbc333af046c4193982e1166659dd) Importer(815301076,1909f56bfc062723c751e8b465ee728b)
Start importing Assets/Samples/XR Interaction Toolkit/2.5.4/XR Device Simulator/UI/Hands/Hand_Default.png using Guid(7d3dbc333af046c4193982e1166659dd) Importer(815301076,1909f56bfc062723c751e8b465ee728b)  -> (artifact id: '27727bad477477c5224df706b0ffb0c1') in 0.025458 seconds
Number of updated asset objects reloaded before import = 0
Number of asset objects unloaded after import = 3
========================================================================
Received Import Request.
  Time since last request: 0.000020 seconds.
  path: Assets/ModularFirstPersonController/FirstPersonController/CircleReticle.png
  artifactKey: Guid(be4ce60e2c9768c44b9b10b9c5258045) Importer(815301076,1909f56bfc062723c751e8b465ee728b)
Start importing Assets/ModularFirstPersonController/FirstPersonController/CircleReticle.png using Guid(be4ce60e2c9768c44b9b10b9c5258045) Importer(815301076,1909f56bfc062723c751e8b465ee728b)  -> (artifact id: 'a55cbed337d0620fffcea8927f0ffb7a') in 0.021994 seconds
Number of updated asset objects reloaded before import = 0
Number of asset objects unloaded after import = 3
========================================================================
Received Import Request.
  Time since last request: 0.000023 seconds.
  path: Assets/TextMesh Pro/Examples & Extras/Textures/Floor Tiles 1 - diffuse.jpg
  artifactKey: Guid(85ac55597b97403c82fc6601a93cf241) Importer(815301076,1909f56bfc062723c751e8b465ee728b)
Start importing Assets/TextMesh Pro/Examples & Extras/Textures/Floor Tiles 1 - diffuse.jpg using Guid(85ac55597b97403c82fc6601a93cf241) Importer(815301076,1909f56bfc062723c751e8b465ee728b)  -> (artifact id: '17a997c00e6d2425e116c2d2ab0f09c8') in 0.018128 seconds
Number of updated asset objects reloaded before import = 0
Number of asset objects unloaded after import = 2
========================================================================
Received Import Request.
  Time since last request: 0.000024 seconds.
  path: Assets/Samples/XR Interaction Toolkit/2.5.4/XR Device Simulator/UI/ControllerDevice/ControllerOverlayLinesLeft.png
  artifactKey: Guid(cd4fe4c19a40743a6896069a50a394ec) Importer(815301076,1909f56bfc062723c751e8b465ee728b)
Start importing Assets/Samples/XR Interaction Toolkit/2.5.4/XR Device Simulator/UI/ControllerDevice/ControllerOverlayLinesLeft.png using Guid(cd4fe4c19a40743a6896069a50a394ec) Importer(815301076,1909f56bfc062723c751e8b465ee728b)  -> (artifact id: '5f2b1bacb765c2d801c2bf46535d3c07') in 0.021843 seconds
Number of updated asset objects reloaded before import = 0
Number of asset objects unloaded after import = 3
========================================================================
Received Import Request.
  Time since last request: 0.000020 seconds.
  path: Assets/TextMesh Pro/Examples & Extras/Fonts/Anton.ttf
  artifactKey: Guid(997a43b767814dd0a7642ec9b78cba41) Importer(815301076,1909f56bfc062723c751e8b465ee728b)
Start importing Assets/TextMesh Pro/Examples & Extras/Fonts/Anton.ttf using Guid(997a43b767814dd0a7642ec9b78cba41) Importer(815301076,1909f56bfc062723c751e8b465ee728b)  -> (artifact id: 'd07c1fec7e1ba8f56ab9eb3c6ff450ce') in 0.011397 seconds
Number of updated asset objects reloaded before import = 0
Number of asset objects unloaded after import = 4
========================================================================
Received Import Request.
  Time since last request: 0.000040 seconds.
  path: Assets/TextMesh Pro/Examples & Extras/Resources/Fonts & Materials/Electronic Highway Sign SDF.asset
  artifactKey: Guid(dc36b3fdc14f47ebb36fd484a67e268a) Importer(815301076,1909f56bfc062723c751e8b465ee728b)
Start importing Assets/TextMesh Pro/Examples & Extras/Resources/Fonts & Materials/Electronic Highway Sign SDF.asset using Guid(dc36b3fdc14f47ebb36fd484a67e268a) Importer(815301076,1909f56bfc062723c751e8b465ee728b)  -> (artifact id: '739efcb150fc79394e7ed299951d92f5') in 0.022955 seconds
Number of updated asset objects reloaded before import = 0
Number of asset objects unloaded after import = 6
========================================================================
Received Import Request.
  Time since last request: 0.000018 seconds.
  path: Assets/TextMesh Pro/Examples & Extras/Textures/Gradient Horizontal (Color).jpg
  artifactKey: Guid(6eb184de103d4b3f812b38561065192f) Importer(815301076,1909f56bfc062723c751e8b465ee728b)
Start importing Assets/TextMesh Pro/Examples & Extras/Textures/Gradient Horizontal (Color).jpg using Guid(6eb184de103d4b3f812b38561065192f) Importer(815301076,1909f56bfc062723c751e8b465ee728b)  -> (artifact id: 'c96495a496ad77e8596699d7f082436e') in 0.015212 seconds
Number of updated asset objects reloaded before import = 0
Number of asset objects unloaded after import = 2
========================================================================
Received Import Request.
  Time since last request: 0.000023 seconds.
  path: Assets/TextMesh Pro/Examples & Extras/Textures/Gradient Diagonal (Color).jpg
  artifactKey: Guid(2ce5c55e85304b819a1826ecbc839aa5) Importer(815301076,1909f56bfc062723c751e8b465ee728b)
Start importing Assets/TextMesh Pro/Examples & Extras/Textures/Gradient Diagonal (Color).jpg using Guid(2ce5c55e85304b819a1826ecbc839aa5) Importer(815301076,1909f56bfc062723c751e8b465ee728b)  -> (artifact id: 'a8c015a372c8e2432520881b0c15c0a3') in 0.017728 seconds
Number of updated asset objects reloaded before import = 0
Number of asset objects unloaded after import = 2
========================================================================
Received Import Request.
  Time since last request: 0.000029 seconds.
  path: Assets/TextMesh Pro/Examples & Extras/Sprites/DropCap Numbers.psd
  artifactKey: Guid(fd09957580ac4326916010f1f260975b) Importer(815301076,1909f56bfc062723c751e8b465ee728b)
Start importing Assets/TextMesh Pro/Examples & Extras/Sprites/DropCap Numbers.psd using Guid(fd09957580ac4326916010f1f260975b) Importer(815301076,1909f56bfc062723c751e8b465ee728b)  -> (artifact id: 'cf1e197cddaf4091cfddac8ddb74cce7') in 0.019208 seconds
Number of updated asset objects reloaded before import = 0
Number of asset objects unloaded after import = 2
========================================================================
Received Import Request.
  Time since last request: 0.000029 seconds.
  path: Assets/SimplePoly City - Low Poly Assets/Textures/Building_Residential_color02.png
  artifactKey: Guid(84b90ff10d36543418f423d8e1f20c3c) Importer(815301076,1909f56bfc062723c751e8b465ee728b)
Start importing Assets/SimplePoly City - Low Poly Assets/Textures/Building_Residential_color02.png using Guid(84b90ff10d36543418f423d8e1f20c3c) Importer(815301076,1909f56bfc062723c751e8b465ee728b)  -> (artifact id: '9e7b70de3d3c281567912abd2ebe0bc5') in 0.030183 seconds
Number of updated asset objects reloaded before import = 0
Number of asset objects unloaded after import = 2
========================================================================
Received Import Request.
  Time since last request: 0.000023 seconds.
  path: Assets/TextMesh Pro/Examples & Extras/Fonts/Electronic Highway Sign.TTF
  artifactKey: Guid(8a2b9e2a607dd2143b58c44bc32410b4) Importer(815301076,1909f56bfc062723c751e8b465ee728b)
Start importing Assets/TextMesh Pro/Examples & Extras/Fonts/Electronic Highway Sign.TTF using Guid(8a2b9e2a607dd2143b58c44bc32410b4) Importer(815301076,1909f56bfc062723c751e8b465ee728b)  -> (artifact id: '982b6653d703c18de0e519e4e39e98c4') in 0.011496 seconds
Number of updated asset objects reloaded before import = 0
Number of asset objects unloaded after import = 4
========================================================================
Received Import Request.
  Time since last request: 0.000022 seconds.
  path: Assets/SimplePoly City - Low Poly Assets/Textures/Building_Gas Station.png
  artifactKey: Guid(f1067f42b9db674419e1ca765b447e4f) Importer(815301076,1909f56bfc062723c751e8b465ee728b)
Start importing Assets/SimplePoly City - Low Poly Assets/Textures/Building_Gas Station.png using Guid(f1067f42b9db674419e1ca765b447e4f) Importer(815301076,1909f56bfc062723c751e8b465ee728b)  -> (artifact id: '3470da9de9ce9993b77d081efa964d0a') in 0.020002 seconds
Number of updated asset objects reloaded before import = 0
Number of asset objects unloaded after import = 2
========================================================================
Received Import Request.
  Time since last request: 0.000091 seconds.
  path: Assets/Samples/XR Interaction Toolkit/2.5.4/XR Device Simulator/UI/Hands/Hand_Open.png
  artifactKey: Guid(ceccab26080354140af21950c6d338d5) Importer(815301076,1909f56bfc062723c751e8b465ee728b)
Start importing Assets/Samples/XR Interaction Toolkit/2.5.4/XR Device Simulator/UI/Hands/Hand_Open.png using Guid(ceccab26080354140af21950c6d338d5) Importer(815301076,1909f56bfc062723c751e8b465ee728b)  -> (artifact id: '374984e0445683e2426c36d935fc5ecd') in 0.023918 seconds
Number of updated asset objects reloaded before import = 0
Number of asset objects unloaded after import = 3
========================================================================
Received Import Request.
  Time since last request: 0.000016 seconds.
  path: Assets/Samples/XR Interaction Toolkit/2.5.4/Starter Assets/DemoSceneAssets/Sprites/Forward.png
  artifactKey: Guid(f8ecc54972abacc46a93f671b0602139) Importer(815301076,1909f56bfc062723c751e8b465ee728b)
Start importing Assets/Samples/XR Interaction Toolkit/2.5.4/Starter Assets/DemoSceneAssets/Sprites/Forward.png using Guid(f8ecc54972abacc46a93f671b0602139) Importer(815301076,1909f56bfc062723c751e8b465ee728b)  -> (artifact id: '7d978cd540a74531cac3bf965b356347') in 0.018999 seconds
Number of updated asset objects reloaded before import = 0
Number of asset objects unloaded after import = 3
========================================================================
Received Import Request.
  Time since last request: 0.000027 seconds.
  path: Assets/SimplePoly City - Low Poly Assets/Textures/Building_Fruits  Shop.png
  artifactKey: Guid(06486f90deb2cc24492333b868a4b0a2) Importer(815301076,1909f56bfc062723c751e8b465ee728b)
Start importing Assets/SimplePoly City - Low Poly Assets/Textures/Building_Fruits  Shop.png using Guid(06486f90deb2cc24492333b868a4b0a2) Importer(815301076,1909f56bfc062723c751e8b465ee728b)  -> (artifact id: '9e14ff3f98a9bff0a11b029068a728db') in 0.019182 seconds
Number of updated asset objects reloaded before import = 0
Number of asset objects unloaded after import = 2
========================================================================
Received Import Request.
  Time since last request: 0.000027 seconds.
  path: Assets/SimplePoly City - Low Poly Assets/Textures/Building_House_02_color03.png
  artifactKey: Guid(c8eafda441adc3e46951fc68b9da655a) Importer(815301076,1909f56bfc062723c751e8b465ee728b)
Start importing Assets/SimplePoly City - Low Poly Assets/Textures/Building_House_02_color03.png using Guid(c8eafda441adc3e46951fc68b9da655a) Importer(815301076,1909f56bfc062723c751e8b465ee728b)  -> (artifact id: 'd2f93a209fbfcff53659d7777b7544e2') in 0.018714 seconds
Number of updated asset objects reloaded before import = 0
Number of asset objects unloaded after import = 2
========================================================================
Received Import Request.
  Time since last request: 0.000038 seconds.
  path: Assets/SimplePoly City - Low Poly Assets/Textures/Building_Auto Service.png
  artifactKey: Guid(b3ce51c34fdf8474d9ec1d87f9433000) Importer(815301076,1909f56bfc062723c751e8b465ee728b)
Start importing Assets/SimplePoly City - Low Poly Assets/Textures/Building_Auto Service.png using Guid(b3ce51c34fdf8474d9ec1d87f9433000) Importer(815301076,1909f56bfc062723c751e8b465ee728b)  -> (artifact id: 'bacc6c9bef5a86077e4eb113dcb3eb10') in 0.028073 seconds
Number of updated asset objects reloaded before import = 0
Number of asset objects unloaded after import = 2
========================================================================
Received Import Request.
  Time since last request: 0.000022 seconds.
  path: Assets/SimplePoly City - Low Poly Assets/Textures/Building_House_03_color03.png
  artifactKey: Guid(e7e8298ecf8f3ff4c8c778c73cbed0d6) Importer(815301076,1909f56bfc062723c751e8b465ee728b)
Start importing Assets/SimplePoly City - Low Poly Assets/Textures/Building_House_03_color03.png using Guid(e7e8298ecf8f3ff4c8c778c73cbed0d6) Importer(815301076,1909f56bfc062723c751e8b465ee728b)  -> (artifact id: '923c765bb157266b25587f3535194b9f') in 0.017865 seconds
Number of updated asset objects reloaded before import = 0
Number of asset objects unloaded after import = 2
========================================================================
Received Import Request.
  Time since last request: 0.000070 seconds.
  path: Assets/SimplePoly City - Low Poly Assets/Textures/Building_Drug Store.png
  artifactKey: Guid(a2ca9c84c117c3e4d9779bfccd3e1b4e) Importer(815301076,1909f56bfc062723c751e8b465ee728b)
Start importing Assets/SimplePoly City - Low Poly Assets/Textures/Building_Drug Store.png using Guid(a2ca9c84c117c3e4d9779bfccd3e1b4e) Importer(815301076,1909f56bfc062723c751e8b465ee728b)  -> (artifact id: '03ab92d46b59ca09864f778ce9f4e2eb') in 0.019150 seconds
Number of updated asset objects reloaded before import = 0
Number of asset objects unloaded after import = 2
========================================================================
Received Import Request.
  Time since last request: 0.000021 seconds.
  path: Assets/SimplePoly City - Low Poly Assets/Textures/Building Sky_big_color01.png
  artifactKey: Guid(276815996ac5b2144bdd94486e724ca4) Importer(815301076,1909f56bfc062723c751e8b465ee728b)
Start importing Assets/SimplePoly City - Low Poly Assets/Textures/Building Sky_big_color01.png using Guid(276815996ac5b2144bdd94486e724ca4) Importer(815301076,1909f56bfc062723c751e8b465ee728b)  -> (artifact id: '7b3212e6df9c987c359991d28147d90c') in 0.033014 seconds
Number of updated asset objects reloaded before import = 0
Number of asset objects unloaded after import = 2
========================================================================
Received Import Request.
  Time since last request: 0.000029 seconds.
  path: Assets/SimplePoly City - Low Poly Assets/Textures/Building_Gift Shop.png
  artifactKey: Guid(0ddba491ce4a04c4b8def1195e6300d8) Importer(815301076,1909f56bfc062723c751e8b465ee728b)
Start importing Assets/SimplePoly City - Low Poly Assets/Textures/Building_Gift Shop.png using Guid(0ddba491ce4a04c4b8def1195e6300d8) Importer(815301076,1909f56bfc062723c751e8b465ee728b)  -> (artifact id: '0cf810f7853c0fa86da97f14d278a318') in 0.017729 seconds
Number of updated asset objects reloaded before import = 0
Number of asset objects unloaded after import = 2
========================================================================
Received Import Request.
  Time since last request: 0.000022 seconds.
  path: Assets/SimplePoly City - Low Poly Assets/Textures/Building_Bar.png
  artifactKey: Guid(dcf28aa94c297d441b5bb2e655c5b1a5) Importer(815301076,1909f56bfc062723c751e8b465ee728b)
Start importing Assets/SimplePoly City - Low Poly Assets/Textures/Building_Bar.png using Guid(dcf28aa94c297d441b5bb2e655c5b1a5) Importer(815301076,1909f56bfc062723c751e8b465ee728b)  -> (artifact id: '370e84b904e3f691c432b21d1b42068c') in 0.028360 seconds
Number of updated asset objects reloaded before import = 0
Number of asset objects unloaded after import = 2
========================================================================
Received Import Request.
  Time since last request: 4.670116 seconds.
  path: Assets/Samples/XR Interaction Toolkit/2.5.4/XR Device Simulator/UI/Hands/Hand_Thumb.png
  artifactKey: Guid(3b2e62babc5249f42921c2cd027852cd) Importer(815301076,1909f56bfc062723c751e8b465ee728b)
Start importing Assets/Samples/XR Interaction Toolkit/2.5.4/XR Device Simulator/UI/Hands/Hand_Thumb.png using Guid(3b2e62babc5249f42921c2cd027852cd) Importer(815301076,1909f56bfc062723c751e8b465ee728b)  -> (artifact id: '92c8de0f579d76ad60684d5a997227b9') in 0.026898 seconds
Number of updated asset objects reloaded before import = 0
Number of asset objects unloaded after import = 3
========================================================================
Received Import Request.
  Time since last request: 0.000030 seconds.
  path: Assets/Samples/XR Interaction Toolkit/2.5.4/XR Device Simulator/UI/HeadDevice/HMDOverlay.png
  artifactKey: Guid(fb2db2f40ceaf458085c82fc17cfe800) Importer(815301076,1909f56bfc062723c751e8b465ee728b)
Start importing Assets/Samples/XR Interaction Toolkit/2.5.4/XR Device Simulator/UI/HeadDevice/HMDOverlay.png using Guid(fb2db2f40ceaf458085c82fc17cfe800) Importer(815301076,1909f56bfc062723c751e8b465ee728b)  -> (artifact id: '5b7317af0a056b62f382ee4174c8ebf7') in 0.026677 seconds
Number of updated asset objects reloaded before import = 0
Number of asset objects unloaded after import = 3
========================================================================
Received Import Request.
  Time since last request: 0.000029 seconds.
  path: Assets/Samples/XR Interaction Toolkit/2.5.4/AR Starter Assets/ARDemoSceneAssets/Sprites/Icon - Delete.png
  artifactKey: Guid(85f8bee1bf27748239fb5488c40a5e4c) Importer(815301076,1909f56bfc062723c751e8b465ee728b)
Start importing Assets/Samples/XR Interaction Toolkit/2.5.4/AR Starter Assets/ARDemoSceneAssets/Sprites/Icon - Delete.png using Guid(85f8bee1bf27748239fb5488c40a5e4c) Importer(815301076,1909f56bfc062723c751e8b465ee728b)  -> (artifact id: '2f5b249d65e9d6d4cabcd2255bfde066') in 0.024221 seconds
Number of updated asset objects reloaded before import = 0
Number of asset objects unloaded after import = 3
========================================================================
Received Import Request.
  Time since last request: 0.000028 seconds.
  path: Assets/Samples/XR Interaction Toolkit/2.5.4/XR Device Simulator/UI/HeadDevice/HMD.png
  artifactKey: Guid(4eb43321e418951499417cda6141b31a) Importer(815301076,1909f56bfc062723c751e8b465ee728b)
Start importing Assets/Samples/XR Interaction Toolkit/2.5.4/XR Device Simulator/UI/HeadDevice/HMD.png using Guid(4eb43321e418951499417cda6141b31a) Importer(815301076,1909f56bfc062723c751e8b465ee728b)  -> (artifact id: '5d9e86e3d5a2a6d41f6d9ef601ff62e7') in 0.025283 seconds
Number of updated asset objects reloaded before import = 0
Number of asset objects unloaded after import = 3
========================================================================
Received Import Request.
  Time since last request: 0.000024 seconds.
  path: Assets/Samples/XR Interaction Toolkit/2.5.4/AR Starter Assets/ARDemoSceneAssets/Sprites/Icon - Object - Pyramid.png
  artifactKey: Guid(d80cabb7f46004842b09173491e74cc6) Importer(815301076,1909f56bfc062723c751e8b465ee728b)
Start importing Assets/Samples/XR Interaction Toolkit/2.5.4/AR Starter Assets/ARDemoSceneAssets/Sprites/Icon - Object - Pyramid.png using Guid(d80cabb7f46004842b09173491e74cc6) Importer(815301076,1909f56bfc062723c751e8b465ee728b)  -> (artifact id: '2819492584eda6a35cd8a164b96c3e91') in 0.021753 seconds
Number of updated asset objects reloaded before import = 0
Number of asset objects unloaded after import = 3
========================================================================
Received Import Request.
  Time since last request: 0.000019 seconds.
  path: Assets/Samples/XR Interaction Toolkit/2.5.4/AR Starter Assets/ARDemoSceneAssets/Sprites/Icon - Object - Torus.png
  artifactKey: Guid(cc39c192440c8432582befdd623cb4db) Importer(815301076,1909f56bfc062723c751e8b465ee728b)
Start importing Assets/Samples/XR Interaction Toolkit/2.5.4/AR Starter Assets/ARDemoSceneAssets/Sprites/Icon - Object - Torus.png using Guid(cc39c192440c8432582befdd623cb4db) Importer(815301076,1909f56bfc062723c751e8b465ee728b)  -> (artifact id: 'a752d39d35b68d9c42dc0c21593bb361') in 0.019792 seconds
Number of updated asset objects reloaded before import = 0
Number of asset objects unloaded after import = 3
========================================================================
Received Import Request.
  Time since last request: 0.000019 seconds.
  path: Assets/Samples/XR Interaction Toolkit/2.5.4/XR Device Simulator/UI/General/Look.png
  artifactKey: Guid(5410adf0b914f49438506b7dd0022773) Importer(815301076,1909f56bfc062723c751e8b465ee728b)
Start importing Assets/Samples/XR Interaction Toolkit/2.5.4/XR Device Simulator/UI/General/Look.png using Guid(5410adf0b914f49438506b7dd0022773) Importer(815301076,1909f56bfc062723c751e8b465ee728b)  -> (artifact id: 'e7e441723130ea89115bd44534e5a07f') in 0.017761 seconds
Number of updated asset objects reloaded before import = 0
Number of asset objects unloaded after import = 3
========================================================================
Received Import Request.
  Time since last request: 0.000021 seconds.
  path: Assets/TextMesh Pro/Resources/Fonts & Materials/LiberationSans SDF.asset
  artifactKey: Guid(8f586378b4e144a9851e7b34d9b748ee) Importer(815301076,1909f56bfc062723c751e8b465ee728b)
Start importing Assets/TextMesh Pro/Resources/Fonts & Materials/LiberationSans SDF.asset using Guid(8f586378b4e144a9851e7b34d9b748ee) Importer(815301076,1909f56bfc062723c751e8b465ee728b)  -> (artifact id: '8002f6769b1d2795730041c828c0fd23') in 0.053489 seconds
Number of updated asset objects reloaded before import = 0
Number of asset objects unloaded after import = 9
========================================================================
Received Import Request.
  Time since last request: 0.000031 seconds.
  path: Assets/Samples/XR Interaction Toolkit/2.5.4/XR Device Simulator/UI/General/OpenWindow.png
  artifactKey: Guid(633d1ace045fe402a9b307cb58251aa4) Importer(815301076,1909f56bfc062723c751e8b465ee728b)
Start importing Assets/Samples/XR Interaction Toolkit/2.5.4/XR Device Simulator/UI/General/OpenWindow.png using Guid(633d1ace045fe402a9b307cb58251aa4) Importer(815301076,1909f56bfc062723c751e8b465ee728b)  -> (artifact id: 'dffc5bcd41193a76e4ea5721623ad2c8') in 0.019043 seconds
Number of updated asset objects reloaded before import = 0
Number of asset objects unloaded after import = 3
========================================================================
Received Import Request.
  Time since last request: 0.000023 seconds.
  path: Assets/TextMesh Pro/Examples & Extras/Textures/Mask Zig-n-Zag.psd
  artifactKey: Guid(bb8dfcd263ad4eb383a33d74a720be6f) Importer(815301076,1909f56bfc062723c751e8b465ee728b)
Start importing Assets/TextMesh Pro/Examples & Extras/Textures/Mask Zig-n-Zag.psd using Guid(bb8dfcd263ad4eb383a33d74a720be6f) Importer(815301076,1909f56bfc062723c751e8b465ee728b)  -> (artifact id: 'd5f00f61a4345e067557450c9f4f65f8') in 0.016448 seconds
Number of updated asset objects reloaded before import = 0
Number of asset objects unloaded after import = 2
========================================================================
Received Import Request.
  Time since last request: 0.000063 seconds.
  path: Assets/ModularFirstPersonController/DemoScene/Gridbox Prototype Materials/Resources/Textures/Prototype Grid/prototype_512x512_blue3.png
  artifactKey: Guid(b6fc60785b6a795478135ce6f7712c5a) Importer(815301076,1909f56bfc062723c751e8b465ee728b)
Start importing Assets/ModularFirstPersonController/DemoScene/Gridbox Prototype Materials/Resources/Textures/Prototype Grid/prototype_512x512_blue3.png using Guid(b6fc60785b6a795478135ce6f7712c5a) Importer(815301076,1909f56bfc062723c751e8b465ee728b)  -> (artifact id: '8f48cb4ffc5baba6aa2beccb81aedb20') in 0.015376 seconds
Number of updated asset objects reloaded before import = 0
Number of asset objects unloaded after import = 2
========================================================================
Received Import Request.
  Time since last request: 0.000020 seconds.
  path: Assets/SimplePoly City - Low Poly Assets/Textures/Props_BillBoard_large.png
  artifactKey: Guid(28abf4ed6741ed84c9b83df6cecde508) Importer(815301076,1909f56bfc062723c751e8b465ee728b)
Start importing Assets/SimplePoly City - Low Poly Assets/Textures/Props_BillBoard_large.png using Guid(28abf4ed6741ed84c9b83df6cecde508) Importer(815301076,1909f56bfc062723c751e8b465ee728b)  -> (artifact id: '835d5b0daa1baef9376a484d4dd44ca2') in 0.017213 seconds
Number of updated asset objects reloaded before import = 0
Number of asset objects unloaded after import = 2
========================================================================
Received Import Request.
  Time since last request: 0.000019 seconds.
  path: Assets/ModularFirstPersonController/DemoScene/Gridbox Prototype Materials/Resources/Textures/Prototype Grid/prototype_512x512_green2.png
  artifactKey: Guid(382df89af99b9f2459dd19206e68a63d) Importer(815301076,1909f56bfc062723c751e8b465ee728b)
Start importing Assets/ModularFirstPersonController/DemoScene/Gridbox Prototype Materials/Resources/Textures/Prototype Grid/prototype_512x512_green2.png using Guid(382df89af99b9f2459dd19206e68a63d) Importer(815301076,1909f56bfc062723c751e8b465ee728b)  -> (artifact id: 'ba1fde585596a55bd52afd8411752c6c') in 0.016640 seconds
Number of updated asset objects reloaded before import = 0
Number of asset objects unloaded after import = 2
========================================================================
Received Import Request.
  Time since last request: 0.000019 seconds.
  path: Assets/SimplePoly City - Low Poly Assets/Textures/Props_RoofProps.png
  artifactKey: Guid(c9a153aaa15e0194b8e8f7c16cdf5be7) Importer(815301076,1909f56bfc062723c751e8b465ee728b)
Start importing Assets/SimplePoly City - Low Poly Assets/Textures/Props_RoofProps.png using Guid(c9a153aaa15e0194b8e8f7c16cdf5be7) Importer(815301076,1909f56bfc062723c751e8b465ee728b)  -> (artifact id: '0e59f3fbb079e92b0c1bdbf6e2ca8e8a') in 0.015995 seconds
Number of updated asset objects reloaded before import = 0
Number of asset objects unloaded after import = 2
========================================================================
Received Import Request.
  Time since last request: 0.000074 seconds.
  path: Assets/ModularFirstPersonController/DemoScene/Gridbox Prototype Materials/Resources/Textures/Prototype Grid/prototype_512x512_grey4.png
  artifactKey: Guid(ed0c2c8a99e92e14ba740ac8aa428288) Importer(815301076,1909f56bfc062723c751e8b465ee728b)
Start importing Assets/ModularFirstPersonController/DemoScene/Gridbox Prototype Materials/Resources/Textures/Prototype Grid/prototype_512x512_grey4.png using Guid(ed0c2c8a99e92e14ba740ac8aa428288) Importer(815301076,1909f56bfc062723c751e8b465ee728b)  -> (artifact id: 'd6a9efb97491960ce2fbb143f759c07f') in 0.016346 seconds
Number of updated asset objects reloaded before import = 0
Number of asset objects unloaded after import = 2
========================================================================
Received Import Request.
  Time since last request: 0.000022 seconds.
  path: Assets/Samples/XR Interaction Toolkit/2.5.4/XR Device Simulator/UI/Mouse/MouseR_d.png
  artifactKey: Guid(308cc8b73722e43eab64c228a76560a6) Importer(815301076,1909f56bfc062723c751e8b465ee728b)
Start importing Assets/Samples/XR Interaction Toolkit/2.5.4/XR Device Simulator/UI/Mouse/MouseR_d.png using Guid(308cc8b73722e43eab64c228a76560a6) Importer(815301076,1909f56bfc062723c751e8b465ee728b)  -> (artifact id: '73a70aa884ad6b4d7d098ba491ad06d4') in 0.020360 seconds
Number of updated asset objects reloaded before import = 0
Number of asset objects unloaded after import = 3
========================================================================
Received Import Request.
  Time since last request: 0.000018 seconds.
  path: Assets/ModularFirstPersonController/DemoScene/Gridbox Prototype Materials/Resources/Textures/Prototype Grid/prototype_512x512_yellow.png
  artifactKey: Guid(ee12d2bc9f5c8554d97d5beb9dc4b275) Importer(815301076,1909f56bfc062723c751e8b465ee728b)
Start importing Assets/ModularFirstPersonController/DemoScene/Gridbox Prototype Materials/Resources/Textures/Prototype Grid/prototype_512x512_yellow.png using Guid(ee12d2bc9f5c8554d97d5beb9dc4b275) Importer(815301076,1909f56bfc062723c751e8b465ee728b)  -> (artifact id: '913d2cd143bf66a9ebc025e385ce26b3') in 0.019682 seconds
Number of updated asset objects reloaded before import = 0
Number of asset objects unloaded after import = 2
========================================================================
Received Import Request.
  Time since last request: 0.000024 seconds.
  path: Assets/TextMesh Pro/Examples & Extras/Resources/Fonts & Materials/Oswald Bold SDF.asset
  artifactKey: Guid(0161d805a3764c089bef00bfe00793f5) Importer(815301076,1909f56bfc062723c751e8b465ee728b)
Start importing Assets/TextMesh Pro/Examples & Extras/Resources/Fonts & Materials/Oswald Bold SDF.asset using Guid(0161d805a3764c089bef00bfe00793f5) Importer(815301076,1909f56bfc062723c751e8b465ee728b)  -> (artifact id: 'c9e51e2faca1d9a1ef09b6f143d87a57') in 0.023286 seconds
Number of updated asset objects reloaded before import = 0
Number of asset objects unloaded after import = 6
========================================================================
Received Import Request.
  Time since last request: 0.086515 seconds.
  path: Assets/TextMesh Pro/Examples & Extras/Resources/Fonts & Materials/Roboto-Bold SDF.asset
  artifactKey: Guid(5302535af1044152a457ed104f1f4b91) Importer(815301076,1909f56bfc062723c751e8b465ee728b)
Start importing Assets/TextMesh Pro/Examples & Extras/Resources/Fonts & Materials/Roboto-Bold SDF.asset using Guid(5302535af1044152a457ed104f1f4b91) Importer(815301076,1909f56bfc062723c751e8b465ee728b)  -> (artifact id: '8d1c9a674a93d63ef3a21497f4c86da7') in 0.021886 seconds
Number of updated asset objects reloaded before import = 0
Number of asset objects unloaded after import = 6
========================================================================
Received Import Request.
  Time since last request: 0.000016 seconds.
  path: Assets/PanoramicCartoonSkybox/Textures/SkyNight.psd
  artifactKey: Guid(3f0adde132b8a5147ae89d4413353eba) Importer(815301076,1909f56bfc062723c751e8b465ee728b)
Start importing Assets/PanoramicCartoonSkybox/Textures/SkyNight.psd using Guid(3f0adde132b8a5147ae89d4413353eba) Importer(815301076,1909f56bfc062723c751e8b465ee728b)  -> (artifact id: '26f02c47d4941f49a429857bc2b2fb13') in 0.031941 seconds
Number of updated asset objects reloaded before import = 0
Number of asset objects unloaded after import = 2
========================================================================
Received Import Request.
  Time since last request: 0.000017 seconds.
  path: Assets/PanoramicCartoonSkybox/Textures/SkyDay.psd
  artifactKey: Guid(914ee1385e8c4b842bd2e1807cef4968) Importer(815301076,1909f56bfc062723c751e8b465ee728b)
Start importing Assets/PanoramicCartoonSkybox/Textures/SkyDay.psd using Guid(914ee1385e8c4b842bd2e1807cef4968) Importer(815301076,1909f56bfc062723c751e8b465ee728b)  -> (artifact id: '5d0b2da76ce52f9c2712f7ab7ed0595f') in 0.023556 seconds
Number of updated asset objects reloaded before import = 0
Number of asset objects unloaded after import = 2
========================================================================
Received Import Request.
  Time since last request: 0.033083 seconds.
  path: Assets/SimplePoly City - Low Poly Assets/Textures/Vehicle_Ambulance.png
  artifactKey: Guid(17940d1c2e08c404aa577caf96bbaec2) Importer(815301076,1909f56bfc062723c751e8b465ee728b)
Start importing Assets/SimplePoly City - Low Poly Assets/Textures/Vehicle_Ambulance.png using Guid(17940d1c2e08c404aa577caf96bbaec2) Importer(815301076,1909f56bfc062723c751e8b465ee728b)  -> (artifact id: 'b6c311d84871752683aace232fd7c1b3') in 0.015885 seconds
Number of updated asset objects reloaded before import = 0
Number of asset objects unloaded after import = 2
========================================================================
Received Import Request.
  Time since last request: 0.007383 seconds.
  path: Assets/SimplePoly City - Low Poly Assets/Textures/Vehicle_Bus_3.png
  artifactKey: Guid(f6e5e6c56838a5046bcfcdbf324b0f85) Importer(815301076,1909f56bfc062723c751e8b465ee728b)
Start importing Assets/SimplePoly City - Low Poly Assets/Textures/Vehicle_Bus_3.png using Guid(f6e5e6c56838a5046bcfcdbf324b0f85) Importer(815301076,1909f56bfc062723c751e8b465ee728b)  -> (artifact id: 'bc9aa320a063e461dbefd96ab6646c0e') in 0.017408 seconds
Number of updated asset objects reloaded before import = 0
Number of asset objects unloaded after import = 2
========================================================================
Received Import Request.
  Time since last request: 0.000019 seconds.
  path: Assets/SimplePoly City - Low Poly Assets/Textures/Vehicle_Container_1.png
  artifactKey: Guid(65b68621c76dea14ca7efad04a2716f5) Importer(815301076,1909f56bfc062723c751e8b465ee728b)
Start importing Assets/SimplePoly City - Low Poly Assets/Textures/Vehicle_Container_1.png using Guid(65b68621c76dea14ca7efad04a2716f5) Importer(815301076,1909f56bfc062723c751e8b465ee728b)  -> (artifact id: '54bf0b08193838053938b65af50b5002') in 0.014554 seconds
Number of updated asset objects reloaded before import = 0
Number of asset objects unloaded after import = 2
========================================================================
Received Import Request.
  Time since last request: 0.000130 seconds.
  path: Assets/SimplePoly City - Low Poly Assets/Textures/Vehicle_Container_3.png
  artifactKey: Guid(8eac3f6a5408bf54683eca8076ada1d7) Importer(815301076,1909f56bfc062723c751e8b465ee728b)
Start importing Assets/SimplePoly City - Low Poly Assets/Textures/Vehicle_Container_3.png using Guid(8eac3f6a5408bf54683eca8076ada1d7) Importer(815301076,1909f56bfc062723c751e8b465ee728b)  -> (artifact id: '35d910c04f1752e404ea3ca094255b54') in 0.016536 seconds
Number of updated asset objects reloaded before import = 0
Number of asset objects unloaded after import = 2
========================================================================
Received Import Request.
  Time since last request: 0.000019 seconds.
  path: Assets/SimplePoly City - Low Poly Assets/Textures/Vehicle_Pick up Truck_2.png
  artifactKey: Guid(a120475b7d3ac7543b8092f9fbc3adf4) Importer(815301076,1909f56bfc062723c751e8b465ee728b)
Start importing Assets/SimplePoly City - Low Poly Assets/Textures/Vehicle_Pick up Truck_2.png using Guid(a120475b7d3ac7543b8092f9fbc3adf4) Importer(815301076,1909f56bfc062723c751e8b465ee728b)  -> (artifact id: '068960dde8c32795883ae0345e34f2a0') in 0.015321 seconds
Number of updated asset objects reloaded before import = 0
Number of asset objects unloaded after import = 2
========================================================================
Received Prepare
Begin MonoManager ReloadAssembly
- Loaded All Assemblies, in  0.437 seconds
Refreshing native plugins compatible for Editor in 11.24 ms, found 9 plugins.
Native extension for WindowsStandalone target not found
[Package Manager] Server::EnsureServerProcessIsRunning -- launch failed, reason: Unity was launched with the -noUpm command-line argument
[Package Manager] UpmClient::Send -- Unable to send message (not connected to UPM process).
[Package Manager] Cannot connect to Unity Package Manager local server
Mono: successfully reloaded assembly
[Package Manager] Server::EnsureServerProcessIsRunning -- launch failed, reason: Unity was launched with the -noUpm command-line argument
[Package Manager] UpmClient::Send -- Unable to send message (not connected to UPM process).
[Package Manager] Cannot connect to Unity Package Manager local server
- Finished resetting the current domain, in  1.073 seconds
Domain Reload Profiling: 1509ms
	BeginReloadAssembly (154ms)
		ExecutionOrderSort (0ms)
		DisableScriptedObjects (4ms)
		BackupInstance (0ms)
		ReleaseScriptingObjects (0ms)
		CreateAndSetChildDomain (37ms)
	RebuildCommonClasses (32ms)
	RebuildNativeTypeToScriptingClass (12ms)
	initialDomainReloadingComplete (24ms)
	LoadAllAssembliesAndSetupDomain (213ms)
		LoadAssemblies (277ms)
		RebuildTransferFunctionScriptingTraits (0ms)
		AnalyzeDomain (19ms)
			TypeCache.Refresh (7ms)
				TypeCache.ScanAssembly (0ms)
			ScanForSourceGeneratedMonoScriptInfo (0ms)
			ResolveRequiredComponents (9ms)
	FinalizeReload (1073ms)
		ReleaseScriptCaches (0ms)
		RebuildScriptCaches (0ms)
		SetupLoadedEditorAssemblies (540ms)
			LogAssemblyErrors (0ms)
			InitializePlatformSupportModulesInManaged (6ms)
			SetLoadedEditorAssemblies (6ms)
			RefreshPlugins (0ms)
			BeforeProcessingInitializeOnLoad (67ms)
			ProcessInitializeOnLoadAttributes (418ms)
			ProcessInitializeOnLoadMethodAttributes (41ms)
			AfterProcessingInitializeOnLoad (2ms)
			EditorAssembliesLoaded (0ms)
		ExecutionOrderSort2 (0ms)
		AwakeInstancesAfterBackupRestoration (7ms)
Refreshing native plugins compatible for Editor in 23.45 ms, found 9 plugins.
Preloading 0 native plugins for Editor in 0.00 ms.
Unloading 4469 Unused Serialized files (Serialized files now loaded: 0)
Unloading 61 unused Assets / (50.7 KB). Loaded Objects now: 5071.
Memory consumption went from 167.2 MB to 167.1 MB.
Total: 7.185300 ms (FindLiveObjects: 0.371300 ms CreateObjectMapping: 0.335100 ms MarkObjects: 6.359500 ms  DeleteObjects: 0.117700 ms)

Prepare: number of updated asset objects reloaded= 0
AssetImportParameters requested are different than current active one (requested -> active):
  custom:container-demuxer-ogg: 62fdf1f143b41e24485cea50d1cbac27 -> 
  custom:video-codec-MediaFoundation-h265: 746d11721c4dcdbdad8f713fa42b33f4 -> 
  custom:video-decoder-ogg-theora: a1e56fd34408186e4bbccfd4996cb3dc -> 
  custom:framework-win-MediaFoundation: 216162199b28c13a410421893ffa2e32 -> 
  custom:scripting/monoscript/fileName/DisconnectOnGrab.cs: b6d535f14de0b54fc350dbde59139bca -> 829cd3f79b470f7b924c00f819c10ca8
  custom:CustomObjectIndexerAttribute: 9a22284fe3817be447336de3de66b15e -> 
  custom:scripting/monoscript/fileName/SocketChecker.cs: 81e2c6ae821d2f82fca4ae7f488fee82 -> 11eea032f05868895a3d7bd31e5112c8
  custom:container-demuxer-webm: 4f35f7cbe854078d1ac9338744f61a02 -> 
  custom:container-muxer-webm: aa71ff27fc2769a1b78a27578f13a17b -> 
  custom:video-decoder-webm-vp8: 9c59270c3fd7afecdb556c50c9e8de78 -> 
  custom:scripting/monoscript/fileName/ObjectConnector.cs: b6889c6d7c3a3d07a33c3997b113a4de -> 27ec08e04caab7342e1ebf9ebffa40c1
  custom:SearchIndexIgnoredProperties: e643bd26f0fe6173181afceb89e7c659 -> 
  custom:AudioImporter_EditorPlatform: d09bf68614088b80899f8185d706f6e7 -> 
  custom:video-encoder-webm-vp8: eb34c28f22e8b96e1ab97ce403110664 -> 
  custom:scripting/monoscript/fileName/BasketTrigger.cs: aa00535640a464914bb19856add306dc -> 48c5e4ba96c9f234beae8838e152e959
  custom:audio-decoder-ogg-vorbis: bf7c407c2cedff20999df2af8eb42d56 -> 
  custom:audio-encoder-webm-vorbis: bf7c407c2cedff20999df2af8eb42d56 -> 
  custom:scripting/monoscript/fileName/ScoreManager.cs: 8bf37ad2a0e5ee64fa29f25e7049ed24 -> 2117df56b7ba23abd331d761e713022a
  custom:scripting/monoscript/fileName/BasketTriggerObject.cs: 9b05c554f29a11072e71a667da6ed2cb -> 
========================================================================
Received Prepare
Begin MonoManager ReloadAssembly
- Loaded All Assemblies, in  0.421 seconds
Refreshing native plugins compatible for Editor in 10.74 ms, found 9 plugins.
Native extension for WindowsStandalone target not found
[Package Manager] Server::EnsureServerProcessIsRunning -- launch failed, reason: Unity was launched with the -noUpm command-line argument
[Package Manager] UpmClient::Send -- Unable to send message (not connected to UPM process).
[Package Manager] Cannot connect to Unity Package Manager local server
Mono: successfully reloaded assembly
[Package Manager] Server::EnsureServerProcessIsRunning -- launch failed, reason: Unity was launched with the -noUpm command-line argument
[Package Manager] UpmClient::Send -- Unable to send message (not connected to UPM process).
[Package Manager] Cannot connect to Unity Package Manager local server
- Finished resetting the current domain, in  1.074 seconds
Domain Reload Profiling: 1494ms
	BeginReloadAssembly (151ms)
		ExecutionOrderSort (0ms)
		DisableScriptedObjects (4ms)
		BackupInstance (0ms)
		ReleaseScriptingObjects (0ms)
		CreateAndSetChildDomain (32ms)
	RebuildCommonClasses (30ms)
	RebuildNativeTypeToScriptingClass (10ms)
	initialDomainReloadingComplete (23ms)
	LoadAllAssembliesAndSetupDomain (206ms)
		LoadAssemblies (275ms)
		RebuildTransferFunctionScriptingTraits (0ms)
		AnalyzeDomain (18ms)
			TypeCache.Refresh (7ms)
				TypeCache.ScanAssembly (0ms)
			ScanForSourceGeneratedMonoScriptInfo (0ms)
			ResolveRequiredComponents (8ms)
	FinalizeReload (1075ms)
		ReleaseScriptCaches (0ms)
		RebuildScriptCaches (0ms)
		SetupLoadedEditorAssemblies (506ms)
			LogAssemblyErrors (0ms)
			InitializePlatformSupportModulesInManaged (4ms)
			SetLoadedEditorAssemblies (5ms)
			RefreshPlugins (0ms)
			BeforeProcessingInitializeOnLoad (64ms)
			ProcessInitializeOnLoadAttributes (392ms)
			ProcessInitializeOnLoadMethodAttributes (38ms)
			AfterProcessingInitializeOnLoad (2ms)
			EditorAssembliesLoaded (0ms)
		ExecutionOrderSort2 (0ms)
		AwakeInstancesAfterBackupRestoration (9ms)
Refreshing native plugins compatible for Editor in 27.21 ms, found 9 plugins.
Preloading 0 native plugins for Editor in 0.00 ms.
Unloading 4470 Unused Serialized files (Serialized files now loaded: 0)
Unloading 61 unused Assets / (50.8 KB). Loaded Objects now: 5075.
Memory consumption went from 167.4 MB to 167.4 MB.
Total: 5.690600 ms (FindLiveObjects: 0.478100 ms CreateObjectMapping: 0.370500 ms MarkObjects: 4.723400 ms  DeleteObjects: 0.116500 ms)

Prepare: number of updated asset objects reloaded= 0
AssetImportParameters requested are different than current active one (requested -> active):
  custom:container-demuxer-ogg: 62fdf1f143b41e24485cea50d1cbac27 -> 
  custom:video-codec-MediaFoundation-h265: 746d11721c4dcdbdad8f713fa42b33f4 -> 
  custom:video-decoder-ogg-theora: a1e56fd34408186e4bbccfd4996cb3dc -> 
  custom:framework-win-MediaFoundation: 216162199b28c13a410421893ffa2e32 -> 
  custom:scripting/monoscript/fileName/DisconnectOnGrab.cs: b6d535f14de0b54fc350dbde59139bca -> 829cd3f79b470f7b924c00f819c10ca8
  custom:CustomObjectIndexerAttribute: 9a22284fe3817be447336de3de66b15e -> 
  custom:scripting/monoscript/fileName/SocketChecker.cs: 81e2c6ae821d2f82fca4ae7f488fee82 -> 11eea032f05868895a3d7bd31e5112c8
  custom:container-demuxer-webm: 4f35f7cbe854078d1ac9338744f61a02 -> 
  custom:container-muxer-webm: aa71ff27fc2769a1b78a27578f13a17b -> 
  custom:video-decoder-webm-vp8: 9c59270c3fd7afecdb556c50c9e8de78 -> 
  custom:scripting/monoscript/fileName/ObjectConnector.cs: b6889c6d7c3a3d07a33c3997b113a4de -> 27ec08e04caab7342e1ebf9ebffa40c1
  custom:SearchIndexIgnoredProperties: e643bd26f0fe6173181afceb89e7c659 -> 
  custom:AudioImporter_EditorPlatform: d09bf68614088b80899f8185d706f6e7 -> 
  custom:video-encoder-webm-vp8: eb34c28f22e8b96e1ab97ce403110664 -> 
  custom:scripting/monoscript/fileName/BasketTrigger.cs: aa00535640a464914bb19856add306dc -> 48c5e4ba96c9f234beae8838e152e959
  custom:audio-decoder-ogg-vorbis: bf7c407c2cedff20999df2af8eb42d56 -> 
  custom:audio-encoder-webm-vorbis: bf7c407c2cedff20999df2af8eb42d56 -> 
  custom:scripting/monoscript/fileName/ScoreManager.cs: 8bf37ad2a0e5ee64fa29f25e7049ed24 -> 2117df56b7ba23abd331d761e713022a
  custom:scripting/monoscript/fileName/BasketTriggerObject.cs: 9b05c554f29a11072e71a667da6ed2cb -> 
========================================================================
Received Prepare
Begin MonoManager ReloadAssembly
- Loaded All Assemblies, in  0.432 seconds
Refreshing native plugins compatible for Editor in 9.49 ms, found 9 plugins.
Native extension for WindowsStandalone target not found
[Package Manager] Server::EnsureServerProcessIsRunning -- launch failed, reason: Unity was launched with the -noUpm command-line argument
[Package Manager] UpmClient::Send -- Unable to send message (not connected to UPM process).
[Package Manager] Cannot connect to Unity Package Manager local server
Mono: successfully reloaded assembly
[Package Manager] Server::EnsureServerProcessIsRunning -- launch failed, reason: Unity was launched with the -noUpm command-line argument
[Package Manager] UpmClient::Send -- Unable to send message (not connected to UPM process).
[Package Manager] Cannot connect to Unity Package Manager local server
- Finished resetting the current domain, in  1.133 seconds
Domain Reload Profiling: 1566ms
	BeginReloadAssembly (165ms)
		ExecutionOrderSort (0ms)
		DisableScriptedObjects (3ms)
		BackupInstance (0ms)
		ReleaseScriptingObjects (0ms)
		CreateAndSetChildDomain (37ms)
	RebuildCommonClasses (32ms)
	RebuildNativeTypeToScriptingClass (10ms)
	initialDomainReloadingComplete (24ms)
	LoadAllAssembliesAndSetupDomain (201ms)
		LoadAssemblies (279ms)
		RebuildTransferFunctionScriptingTraits (0ms)
		AnalyzeDomain (16ms)
			TypeCache.Refresh (6ms)
				TypeCache.ScanAssembly (0ms)
			ScanForSourceGeneratedMonoScriptInfo (0ms)
			ResolveRequiredComponents (7ms)
	FinalizeReload (1134ms)
		ReleaseScriptCaches (0ms)
		RebuildScriptCaches (0ms)
		SetupLoadedEditorAssemblies (558ms)
			LogAssemblyErrors (0ms)
			InitializePlatformSupportModulesInManaged (5ms)
			SetLoadedEditorAssemblies (5ms)
			RefreshPlugins (0ms)
			BeforeProcessingInitializeOnLoad (68ms)
			ProcessInitializeOnLoadAttributes (437ms)
			ProcessInitializeOnLoadMethodAttributes (41ms)
			AfterProcessingInitializeOnLoad (2ms)
			EditorAssembliesLoaded (0ms)
		ExecutionOrderSort2 (0ms)
		AwakeInstancesAfterBackupRestoration (10ms)
Refreshing native plugins compatible for Editor in 26.91 ms, found 9 plugins.
Preloading 0 native plugins for Editor in 0.00 ms.
Unloading 4470 Unused Serialized files (Serialized files now loaded: 0)
Unloading 61 unused Assets / (50.7 KB). Loaded Objects now: 5079.
Memory consumption went from 167.4 MB to 167.4 MB.
Total: 5.506700 ms (FindLiveObjects: 0.353900 ms CreateObjectMapping: 0.296600 ms MarkObjects: 4.670500 ms  DeleteObjects: 0.184100 ms)

Prepare: number of updated asset objects reloaded= 0
AssetImportParameters requested are different than current active one (requested -> active):
  custom:container-demuxer-ogg: 62fdf1f143b41e24485cea50d1cbac27 -> 
  custom:video-codec-MediaFoundation-h265: 746d11721c4dcdbdad8f713fa42b33f4 -> 
  custom:video-decoder-ogg-theora: a1e56fd34408186e4bbccfd4996cb3dc -> 
  custom:framework-win-MediaFoundation: 216162199b28c13a410421893ffa2e32 -> 
  custom:scripting/monoscript/fileName/DisconnectOnGrab.cs: b6d535f14de0b54fc350dbde59139bca -> 829cd3f79b470f7b924c00f819c10ca8
  custom:CustomObjectIndexerAttribute: 9a22284fe3817be447336de3de66b15e -> 
  custom:scripting/monoscript/fileName/SocketChecker.cs: 81e2c6ae821d2f82fca4ae7f488fee82 -> 11eea032f05868895a3d7bd31e5112c8
  custom:container-demuxer-webm: 4f35f7cbe854078d1ac9338744f61a02 -> 
  custom:container-muxer-webm: aa71ff27fc2769a1b78a27578f13a17b -> 
  custom:video-decoder-webm-vp8: 9c59270c3fd7afecdb556c50c9e8de78 -> 
  custom:scripting/monoscript/fileName/ObjectConnector.cs: b6889c6d7c3a3d07a33c3997b113a4de -> 27ec08e04caab7342e1ebf9ebffa40c1
  custom:SearchIndexIgnoredProperties: e643bd26f0fe6173181afceb89e7c659 -> 
  custom:AudioImporter_EditorPlatform: d09bf68614088b80899f8185d706f6e7 -> 
  custom:video-encoder-webm-vp8: eb34c28f22e8b96e1ab97ce403110664 -> 
  custom:scripting/monoscript/fileName/BasketTrigger.cs: aa00535640a464914bb19856add306dc -> 48c5e4ba96c9f234beae8838e152e959
  custom:audio-decoder-ogg-vorbis: bf7c407c2cedff20999df2af8eb42d56 -> 
  custom:audio-encoder-webm-vorbis: bf7c407c2cedff20999df2af8eb42d56 -> 
  custom:scripting/monoscript/fileName/ScoreManager.cs: 8bf37ad2a0e5ee64fa29f25e7049ed24 -> 2117df56b7ba23abd331d761e713022a
  custom:scripting/monoscript/fileName/BasketTriggerObject.cs: 9b05c554f29a11072e71a667da6ed2cb -> 
========================================================================
Received Prepare
Begin MonoManager ReloadAssembly
- Loaded All Assemblies, in  0.464 seconds
Refreshing native plugins compatible for Editor in 11.23 ms, found 9 plugins.
Native extension for WindowsStandalone target not found
[Package Manager] Server::EnsureServerProcessIsRunning -- launch failed, reason: Unity was launched with the -noUpm command-line argument
[Package Manager] UpmClient::Send -- Unable to send message (not connected to UPM process).
[Package Manager] Cannot connect to Unity Package Manager local server
Mono: successfully reloaded assembly
[Package Manager] Server::EnsureServerProcessIsRunning -- launch failed, reason: Unity was launched with the -noUpm command-line argument
[Package Manager] UpmClient::Send -- Unable to send message (not connected to UPM process).
[Package Manager] Cannot connect to Unity Package Manager local server
- Finished resetting the current domain, in  1.142 seconds
Domain Reload Profiling: 1606ms
	BeginReloadAssembly (167ms)
		ExecutionOrderSort (0ms)
		DisableScriptedObjects (4ms)
		BackupInstance (0ms)
		ReleaseScriptingObjects (0ms)
		CreateAndSetChildDomain (34ms)
	RebuildCommonClasses (35ms)
	RebuildNativeTypeToScriptingClass (12ms)
	initialDomainReloadingComplete (28ms)
	LoadAllAssembliesAndSetupDomain (222ms)
		LoadAssemblies (305ms)
		RebuildTransferFunctionScriptingTraits (0ms)
		AnalyzeDomain (17ms)
			TypeCache.Refresh (6ms)
				TypeCache.ScanAssembly (0ms)
			ScanForSourceGeneratedMonoScriptInfo (0ms)
			ResolveRequiredComponents (8ms)
	FinalizeReload (1143ms)
		ReleaseScriptCaches (0ms)
		RebuildScriptCaches (0ms)
		SetupLoadedEditorAssemblies (549ms)
			LogAssemblyErrors (0ms)
			InitializePlatformSupportModulesInManaged (4ms)
			SetLoadedEditorAssemblies (5ms)
			RefreshPlugins (0ms)
			BeforeProcessingInitializeOnLoad (73ms)
			ProcessInitializeOnLoadAttributes (423ms)
			ProcessInitializeOnLoadMethodAttributes (41ms)
			AfterProcessingInitializeOnLoad (3ms)
			EditorAssembliesLoaded (0ms)
		ExecutionOrderSort2 (0ms)
		AwakeInstancesAfterBackupRestoration (11ms)
Refreshing native plugins compatible for Editor in 27.22 ms, found 9 plugins.
Preloading 0 native plugins for Editor in 0.00 ms.
Unloading 4470 Unused Serialized files (Serialized files now loaded: 0)
Unloading 61 unused Assets / (50.7 KB). Loaded Objects now: 5083.
Memory consumption went from 167.4 MB to 167.4 MB.
Total: 5.347000 ms (FindLiveObjects: 0.345000 ms CreateObjectMapping: 0.355700 ms MarkObjects: 4.489300 ms  DeleteObjects: 0.154900 ms)

Prepare: number of updated asset objects reloaded= 0
AssetImportParameters requested are different than current active one (requested -> active):
  custom:container-demuxer-ogg: 62fdf1f143b41e24485cea50d1cbac27 -> 
  custom:video-codec-MediaFoundation-h265: 746d11721c4dcdbdad8f713fa42b33f4 -> 
  custom:video-decoder-ogg-theora: a1e56fd34408186e4bbccfd4996cb3dc -> 
  custom:framework-win-MediaFoundation: 216162199b28c13a410421893ffa2e32 -> 
  custom:scripting/monoscript/fileName/DisconnectOnGrab.cs: b6d535f14de0b54fc350dbde59139bca -> 829cd3f79b470f7b924c00f819c10ca8
  custom:CustomObjectIndexerAttribute: 9a22284fe3817be447336de3de66b15e -> 
  custom:scripting/monoscript/fileName/SocketChecker.cs: 81e2c6ae821d2f82fca4ae7f488fee82 -> 11eea032f05868895a3d7bd31e5112c8
  custom:container-demuxer-webm: 4f35f7cbe854078d1ac9338744f61a02 -> 
  custom:container-muxer-webm: aa71ff27fc2769a1b78a27578f13a17b -> 
  custom:video-decoder-webm-vp8: 9c59270c3fd7afecdb556c50c9e8de78 -> 
  custom:scripting/monoscript/fileName/ObjectConnector.cs: b6889c6d7c3a3d07a33c3997b113a4de -> 27ec08e04caab7342e1ebf9ebffa40c1
  custom:SearchIndexIgnoredProperties: e643bd26f0fe6173181afceb89e7c659 -> 
  custom:AudioImporter_EditorPlatform: d09bf68614088b80899f8185d706f6e7 -> 
  custom:video-encoder-webm-vp8: eb34c28f22e8b96e1ab97ce403110664 -> 
  custom:scripting/monoscript/fileName/BasketTrigger.cs: aa00535640a464914bb19856add306dc -> 48c5e4ba96c9f234beae8838e152e959
  custom:audio-decoder-ogg-vorbis: bf7c407c2cedff20999df2af8eb42d56 -> 
  custom:audio-encoder-webm-vorbis: bf7c407c2cedff20999df2af8eb42d56 -> 
  custom:scripting/monoscript/fileName/ScoreManager.cs: 8bf37ad2a0e5ee64fa29f25e7049ed24 -> 2117df56b7ba23abd331d761e713022a
  custom:scripting/monoscript/fileName/BasketTriggerObject.cs: 9b05c554f29a11072e71a667da6ed2cb -> 
========================================================================
Received Prepare
Begin MonoManager ReloadAssembly
- Loaded All Assemblies, in  0.436 seconds
Refreshing native plugins compatible for Editor in 11.57 ms, found 9 plugins.
Native extension for WindowsStandalone target not found
[Package Manager] Server::EnsureServerProcessIsRunning -- launch failed, reason: Unity was launched with the -noUpm command-line argument
[Package Manager] UpmClient::Send -- Unable to send message (not connected to UPM process).
[Package Manager] Cannot connect to Unity Package Manager local server
Mono: successfully reloaded assembly
[Package Manager] Server::EnsureServerProcessIsRunning -- launch failed, reason: Unity was launched with the -noUpm command-line argument
[Package Manager] UpmClient::Send -- Unable to send message (not connected to UPM process).
[Package Manager] Cannot connect to Unity Package Manager local server
- Finished resetting the current domain, in  1.139 seconds
Domain Reload Profiling: 1575ms
	BeginReloadAssembly (169ms)
		ExecutionOrderSort (0ms)
		DisableScriptedObjects (3ms)
		BackupInstance (0ms)
		ReleaseScriptingObjects (0ms)
		CreateAndSetChildDomain (38ms)
	RebuildCommonClasses (31ms)
	RebuildNativeTypeToScriptingClass (11ms)
	initialDomainReloadingComplete (25ms)
	LoadAllAssembliesAndSetupDomain (199ms)
		LoadAssemblies (279ms)
		RebuildTransferFunctionScriptingTraits (0ms)
		AnalyzeDomain (16ms)
			TypeCache.Refresh (6ms)
				TypeCache.ScanAssembly (0ms)
			ScanForSourceGeneratedMonoScriptInfo (0ms)
			ResolveRequiredComponents (7ms)
	FinalizeReload (1139ms)
		ReleaseScriptCaches (0ms)
		RebuildScriptCaches (0ms)
		SetupLoadedEditorAssemblies (538ms)
			LogAssemblyErrors (0ms)
			InitializePlatformSupportModulesInManaged (7ms)
			SetLoadedEditorAssemblies (6ms)
			RefreshPlugins (0ms)
			BeforeProcessingInitializeOnLoad (67ms)
			ProcessInitializeOnLoadAttributes (414ms)
			ProcessInitializeOnLoadMethodAttributes (42ms)
			AfterProcessingInitializeOnLoad (3ms)
			EditorAssembliesLoaded (0ms)
		ExecutionOrderSort2 (0ms)
		AwakeInstancesAfterBackupRestoration (12ms)
Refreshing native plugins compatible for Editor in 26.78 ms, found 9 plugins.
Preloading 0 native plugins for Editor in 0.00 ms.
Unloading 4470 Unused Serialized files (Serialized files now loaded: 0)
Unloading 61 unused Assets / (50.7 KB). Loaded Objects now: 5087.
Memory consumption went from 167.4 MB to 167.4 MB.
Total: 5.971400 ms (FindLiveObjects: 0.429700 ms CreateObjectMapping: 0.468500 ms MarkObjects: 4.943500 ms  DeleteObjects: 0.127900 ms)

Prepare: number of updated asset objects reloaded= 0
AssetImportParameters requested are different than current active one (requested -> active):
  custom:container-demuxer-ogg: 62fdf1f143b41e24485cea50d1cbac27 -> 
  custom:video-codec-MediaFoundation-h265: 746d11721c4dcdbdad8f713fa42b33f4 -> 
  custom:video-decoder-ogg-theora: a1e56fd34408186e4bbccfd4996cb3dc -> 
  custom:framework-win-MediaFoundation: 216162199b28c13a410421893ffa2e32 -> 
  custom:scripting/monoscript/fileName/DisconnectOnGrab.cs: b6d535f14de0b54fc350dbde59139bca -> 829cd3f79b470f7b924c00f819c10ca8
  custom:CustomObjectIndexerAttribute: 9a22284fe3817be447336de3de66b15e -> 
  custom:scripting/monoscript/fileName/SocketChecker.cs: 81e2c6ae821d2f82fca4ae7f488fee82 -> 11eea032f05868895a3d7bd31e5112c8
  custom:container-demuxer-webm: 4f35f7cbe854078d1ac9338744f61a02 -> 
  custom:container-muxer-webm: aa71ff27fc2769a1b78a27578f13a17b -> 
  custom:video-decoder-webm-vp8: 9c59270c3fd7afecdb556c50c9e8de78 -> 
  custom:scripting/monoscript/fileName/ObjectConnector.cs: b6889c6d7c3a3d07a33c3997b113a4de -> 27ec08e04caab7342e1ebf9ebffa40c1
  custom:SearchIndexIgnoredProperties: e643bd26f0fe6173181afceb89e7c659 -> 
  custom:AudioImporter_EditorPlatform: d09bf68614088b80899f8185d706f6e7 -> 
  custom:video-encoder-webm-vp8: eb34c28f22e8b96e1ab97ce403110664 -> 
  custom:scripting/monoscript/fileName/BasketTrigger.cs: aa00535640a464914bb19856add306dc -> 48c5e4ba96c9f234beae8838e152e959
  custom:audio-decoder-ogg-vorbis: bf7c407c2cedff20999df2af8eb42d56 -> 
  custom:audio-encoder-webm-vorbis: bf7c407c2cedff20999df2af8eb42d56 -> 
  custom:scripting/monoscript/fileName/ScoreManager.cs: 8bf37ad2a0e5ee64fa29f25e7049ed24 -> 2117df56b7ba23abd331d761e713022a
  custom:scripting/monoscript/fileName/BasketTriggerObject.cs: 9b05c554f29a11072e71a667da6ed2cb -> 
========================================================================
Received Prepare
Begin MonoManager ReloadAssembly
- Loaded All Assemblies, in  0.441 seconds
Refreshing native plugins compatible for Editor in 12.63 ms, found 9 plugins.
Native extension for WindowsStandalone target not found
[Package Manager] Server::EnsureServerProcessIsRunning -- launch failed, reason: Unity was launched with the -noUpm command-line argument
[Package Manager] UpmClient::Send -- Unable to send message (not connected to UPM process).
[Package Manager] Cannot connect to Unity Package Manager local server
Mono: successfully reloaded assembly
[Package Manager] Server::EnsureServerProcessIsRunning -- launch failed, reason: Unity was launched with the -noUpm command-line argument
[Package Manager] UpmClient::Send -- Unable to send message (not connected to UPM process).
[Package Manager] Cannot connect to Unity Package Manager local server
- Finished resetting the current domain, in  1.187 seconds
Domain Reload Profiling: 1628ms
	BeginReloadAssembly (167ms)
		ExecutionOrderSort (0ms)
		DisableScriptedObjects (3ms)
		BackupInstance (0ms)
		ReleaseScriptingObjects (0ms)
		CreateAndSetChildDomain (37ms)
	RebuildCommonClasses (31ms)
	RebuildNativeTypeToScriptingClass (10ms)
	initialDomainReloadingComplete (25ms)
	LoadAllAssembliesAndSetupDomain (206ms)
		LoadAssemblies (286ms)
		RebuildTransferFunctionScriptingTraits (0ms)
		AnalyzeDomain (17ms)
			TypeCache.Refresh (6ms)
				TypeCache.ScanAssembly (0ms)
			ScanForSourceGeneratedMonoScriptInfo (0ms)
			ResolveRequiredComponents (8ms)
	FinalizeReload (1188ms)
		ReleaseScriptCaches (0ms)
		RebuildScriptCaches (0ms)
		SetupLoadedEditorAssemblies (607ms)
			LogAssemblyErrors (0ms)
			InitializePlatformSupportModulesInManaged (5ms)
			SetLoadedEditorAssemblies (5ms)
			RefreshPlugins (0ms)
			BeforeProcessingInitializeOnLoad (66ms)
			ProcessInitializeOnLoadAttributes (484ms)
			ProcessInitializeOnLoadMethodAttributes (44ms)
			AfterProcessingInitializeOnLoad (2ms)
			EditorAssembliesLoaded (0ms)
		ExecutionOrderSort2 (0ms)
		AwakeInstancesAfterBackupRestoration (7ms)
Refreshing native plugins compatible for Editor in 29.32 ms, found 9 plugins.
Preloading 0 native plugins for Editor in 0.00 ms.
Unloading 4470 Unused Serialized files (Serialized files now loaded: 0)
Unloading 61 unused Assets / (50.7 KB). Loaded Objects now: 5091.
Memory consumption went from 167.4 MB to 167.4 MB.
Total: 5.530400 ms (FindLiveObjects: 0.355700 ms CreateObjectMapping: 0.294300 ms MarkObjects: 4.683300 ms  DeleteObjects: 0.195500 ms)

Prepare: number of updated asset objects reloaded= 0
AssetImportParameters requested are different than current active one (requested -> active):
  custom:container-demuxer-ogg: 62fdf1f143b41e24485cea50d1cbac27 -> 
  custom:video-codec-MediaFoundation-h265: 746d11721c4dcdbdad8f713fa42b33f4 -> 
  custom:video-decoder-ogg-theora: a1e56fd34408186e4bbccfd4996cb3dc -> 
  custom:framework-win-MediaFoundation: 216162199b28c13a410421893ffa2e32 -> 
  custom:scripting/monoscript/fileName/DisconnectOnGrab.cs: b6d535f14de0b54fc350dbde59139bca -> 829cd3f79b470f7b924c00f819c10ca8
  custom:CustomObjectIndexerAttribute: 9a22284fe3817be447336de3de66b15e -> 
  custom:scripting/monoscript/fileName/SocketChecker.cs: 81e2c6ae821d2f82fca4ae7f488fee82 -> 11eea032f05868895a3d7bd31e5112c8
  custom:container-demuxer-webm: 4f35f7cbe854078d1ac9338744f61a02 -> 
  custom:container-muxer-webm: aa71ff27fc2769a1b78a27578f13a17b -> 
  custom:video-decoder-webm-vp8: 9c59270c3fd7afecdb556c50c9e8de78 -> 
  custom:scripting/monoscript/fileName/ObjectConnector.cs: b6889c6d7c3a3d07a33c3997b113a4de -> 27ec08e04caab7342e1ebf9ebffa40c1
  custom:SearchIndexIgnoredProperties: e643bd26f0fe6173181afceb89e7c659 -> 
  custom:AudioImporter_EditorPlatform: d09bf68614088b80899f8185d706f6e7 -> 
  custom:video-encoder-webm-vp8: eb34c28f22e8b96e1ab97ce403110664 -> 
  custom:scripting/monoscript/fileName/BasketTrigger.cs: aa00535640a464914bb19856add306dc -> 48c5e4ba96c9f234beae8838e152e959
  custom:audio-decoder-ogg-vorbis: bf7c407c2cedff20999df2af8eb42d56 -> 
  custom:audio-encoder-webm-vorbis: bf7c407c2cedff20999df2af8eb42d56 -> 
  custom:scripting/monoscript/fileName/ScoreManager.cs: 8bf37ad2a0e5ee64fa29f25e7049ed24 -> 2117df56b7ba23abd331d761e713022a
  custom:scripting/monoscript/fileName/BasketTriggerObject.cs: 9b05c554f29a11072e71a667da6ed2cb -> 
========================================================================
Received Prepare
Begin MonoManager ReloadAssembly
- Loaded All Assemblies, in  0.464 seconds
Refreshing native plugins compatible for Editor in 11.93 ms, found 9 plugins.
Native extension for WindowsStandalone target not found
[Package Manager] Server::EnsureServerProcessIsRunning -- launch failed, reason: Unity was launched with the -noUpm command-line argument
[Package Manager] UpmClient::Send -- Unable to send message (not connected to UPM process).
[Package Manager] Cannot connect to Unity Package Manager local server
Mono: successfully reloaded assembly
[Package Manager] Server::EnsureServerProcessIsRunning -- launch failed, reason: Unity was launched with the -noUpm command-line argument
[Package Manager] UpmClient::Send -- Unable to send message (not connected to UPM process).
[Package Manager] Cannot connect to Unity Package Manager local server
- Finished resetting the current domain, in  1.194 seconds
Domain Reload Profiling: 1658ms
	BeginReloadAssembly (168ms)
		ExecutionOrderSort (0ms)
		DisableScriptedObjects (3ms)
		BackupInstance (0ms)
		ReleaseScriptingObjects (0ms)
		CreateAndSetChildDomain (35ms)
	RebuildCommonClasses (33ms)
	RebuildNativeTypeToScriptingClass (11ms)
	initialDomainReloadingComplete (25ms)
	LoadAllAssembliesAndSetupDomain (226ms)
		LoadAssemblies (306ms)
		RebuildTransferFunctionScriptingTraits (0ms)
		AnalyzeDomain (19ms)
			TypeCache.Refresh (7ms)
				TypeCache.ScanAssembly (0ms)
			ScanForSourceGeneratedMonoScriptInfo (0ms)
			ResolveRequiredComponents (9ms)
	FinalizeReload (1195ms)
		ReleaseScriptCaches (0ms)
		RebuildScriptCaches (0ms)
		SetupLoadedEditorAssemblies (586ms)
			LogAssemblyErrors (0ms)
			InitializePlatformSupportModulesInManaged (5ms)
			SetLoadedEditorAssemblies (6ms)
			RefreshPlugins (0ms)
			BeforeProcessingInitializeOnLoad (71ms)
			ProcessInitializeOnLoadAttributes (451ms)
			ProcessInitializeOnLoadMethodAttributes (51ms)
			AfterProcessingInitializeOnLoad (2ms)
			EditorAssembliesLoaded (0ms)
		ExecutionOrderSort2 (0ms)
		AwakeInstancesAfterBackupRestoration (8ms)
Refreshing native plugins compatible for Editor in 27.30 ms, found 9 plugins.
Preloading 0 native plugins for Editor in 0.00 ms.
Unloading 4470 Unused Serialized files (Serialized files now loaded: 0)
Unloading 61 unused Assets / (50.8 KB). Loaded Objects now: 5095.
Memory consumption went from 167.4 MB to 167.4 MB.
Total: 5.483200 ms (FindLiveObjects: 0.430300 ms CreateObjectMapping: 0.337400 ms MarkObjects: 4.575500 ms  DeleteObjects: 0.138000 ms)

Prepare: number of updated asset objects reloaded= 0
AssetImportParameters requested are different than current active one (requested -> active):
  custom:container-demuxer-ogg: 62fdf1f143b41e24485cea50d1cbac27 -> 
  custom:video-codec-MediaFoundation-h265: 746d11721c4dcdbdad8f713fa42b33f4 -> 
  custom:video-decoder-ogg-theora: a1e56fd34408186e4bbccfd4996cb3dc -> 
  custom:framework-win-MediaFoundation: 216162199b28c13a410421893ffa2e32 -> 
  custom:scripting/monoscript/fileName/DisconnectOnGrab.cs: b6d535f14de0b54fc350dbde59139bca -> 829cd3f79b470f7b924c00f819c10ca8
  custom:CustomObjectIndexerAttribute: 9a22284fe3817be447336de3de66b15e -> 
  custom:scripting/monoscript/fileName/SocketChecker.cs: 81e2c6ae821d2f82fca4ae7f488fee82 -> 11eea032f05868895a3d7bd31e5112c8
  custom:container-demuxer-webm: 4f35f7cbe854078d1ac9338744f61a02 -> 
  custom:container-muxer-webm: aa71ff27fc2769a1b78a27578f13a17b -> 
  custom:video-decoder-webm-vp8: 9c59270c3fd7afecdb556c50c9e8de78 -> 
  custom:scripting/monoscript/fileName/ObjectConnector.cs: b6889c6d7c3a3d07a33c3997b113a4de -> 27ec08e04caab7342e1ebf9ebffa40c1
  custom:SearchIndexIgnoredProperties: e643bd26f0fe6173181afceb89e7c659 -> 
  custom:AudioImporter_EditorPlatform: d09bf68614088b80899f8185d706f6e7 -> 
  custom:video-encoder-webm-vp8: eb34c28f22e8b96e1ab97ce403110664 -> 
  custom:scripting/monoscript/fileName/BasketTrigger.cs: aa00535640a464914bb19856add306dc -> 48c5e4ba96c9f234beae8838e152e959
  custom:audio-decoder-ogg-vorbis: bf7c407c2cedff20999df2af8eb42d56 -> 
  custom:audio-encoder-webm-vorbis: bf7c407c2cedff20999df2af8eb42d56 -> 
  custom:scripting/monoscript/fileName/ScoreManager.cs: 8bf37ad2a0e5ee64fa29f25e7049ed24 -> 2117df56b7ba23abd331d761e713022a
  custom:scripting/monoscript/fileName/BasketTriggerObject.cs: 9b05c554f29a11072e71a667da6ed2cb -> 
========================================================================
Received Prepare
Begin MonoManager ReloadAssembly
- Loaded All Assemblies, in  0.443 seconds
Refreshing native plugins compatible for Editor in 11.75 ms, found 9 plugins.
Native extension for WindowsStandalone target not found
[Package Manager] Server::EnsureServerProcessIsRunning -- launch failed, reason: Unity was launched with the -noUpm command-line argument
[Package Manager] UpmClient::Send -- Unable to send message (not connected to UPM process).
[Package Manager] Cannot connect to Unity Package Manager local server
Mono: successfully reloaded assembly
[Package Manager] Server::EnsureServerProcessIsRunning -- launch failed, reason: Unity was launched with the -noUpm command-line argument
[Package Manager] UpmClient::Send -- Unable to send message (not connected to UPM process).
[Package Manager] Cannot connect to Unity Package Manager local server
- Finished resetting the current domain, in  1.181 seconds
Domain Reload Profiling: 1624ms
	BeginReloadAssembly (164ms)
		ExecutionOrderSort (0ms)
		DisableScriptedObjects (4ms)
		BackupInstance (0ms)
		ReleaseScriptingObjects (0ms)
		CreateAndSetChildDomain (33ms)
	RebuildCommonClasses (33ms)
	RebuildNativeTypeToScriptingClass (10ms)
	initialDomainReloadingComplete (26ms)
	LoadAllAssembliesAndSetupDomain (210ms)
		LoadAssemblies (289ms)
		RebuildTransferFunctionScriptingTraits (0ms)
		AnalyzeDomain (16ms)
			TypeCache.Refresh (6ms)
				TypeCache.ScanAssembly (0ms)
			ScanForSourceGeneratedMonoScriptInfo (0ms)
			ResolveRequiredComponents (7ms)
	FinalizeReload (1181ms)
		ReleaseScriptCaches (0ms)
		RebuildScriptCaches (0ms)
		SetupLoadedEditorAssemblies (611ms)
			LogAssemblyErrors (0ms)
			InitializePlatformSupportModulesInManaged (4ms)
			SetLoadedEditorAssemblies (5ms)
			RefreshPlugins (0ms)
			BeforeProcessingInitializeOnLoad (73ms)
			ProcessInitializeOnLoadAttributes (485ms)
			ProcessInitializeOnLoadMethodAttributes (41ms)
			AfterProcessingInitializeOnLoad (3ms)
			EditorAssembliesLoaded (0ms)
		ExecutionOrderSort2 (0ms)
		AwakeInstancesAfterBackupRestoration (10ms)
Refreshing native plugins compatible for Editor in 28.34 ms, found 9 plugins.
Preloading 0 native plugins for Editor in 0.00 ms.
Unloading 4470 Unused Serialized files (Serialized files now loaded: 0)
Unloading 61 unused Assets / (50.7 KB). Loaded Objects now: 5099.
Memory consumption went from 167.5 MB to 167.4 MB.
Total: 5.623300 ms (FindLiveObjects: 0.363800 ms CreateObjectMapping: 0.305600 ms MarkObjects: 4.769900 ms  DeleteObjects: 0.182100 ms)

Prepare: number of updated asset objects reloaded= 0
AssetImportParameters requested are different than current active one (requested -> active):
  custom:container-demuxer-ogg: 62fdf1f143b41e24485cea50d1cbac27 -> 
  custom:video-codec-MediaFoundation-h265: 746d11721c4dcdbdad8f713fa42b33f4 -> 
  custom:video-decoder-ogg-theora: a1e56fd34408186e4bbccfd4996cb3dc -> 
  custom:framework-win-MediaFoundation: 216162199b28c13a410421893ffa2e32 -> 
  custom:scripting/monoscript/fileName/DisconnectOnGrab.cs: b6d535f14de0b54fc350dbde59139bca -> 829cd3f79b470f7b924c00f819c10ca8
  custom:CustomObjectIndexerAttribute: 9a22284fe3817be447336de3de66b15e -> 
  custom:scripting/monoscript/fileName/SocketChecker.cs: 81e2c6ae821d2f82fca4ae7f488fee82 -> 11eea032f05868895a3d7bd31e5112c8
  custom:container-demuxer-webm: 4f35f7cbe854078d1ac9338744f61a02 -> 
  custom:container-muxer-webm: aa71ff27fc2769a1b78a27578f13a17b -> 
  custom:video-decoder-webm-vp8: 9c59270c3fd7afecdb556c50c9e8de78 -> 
  custom:scripting/monoscript/fileName/ObjectConnector.cs: b6889c6d7c3a3d07a33c3997b113a4de -> 27ec08e04caab7342e1ebf9ebffa40c1
  custom:SearchIndexIgnoredProperties: e643bd26f0fe6173181afceb89e7c659 -> 
  custom:AudioImporter_EditorPlatform: d09bf68614088b80899f8185d706f6e7 -> 
  custom:video-encoder-webm-vp8: eb34c28f22e8b96e1ab97ce403110664 -> 
  custom:scripting/monoscript/fileName/BasketTrigger.cs: aa00535640a464914bb19856add306dc -> 48c5e4ba96c9f234beae8838e152e959
  custom:audio-decoder-ogg-vorbis: bf7c407c2cedff20999df2af8eb42d56 -> 
  custom:audio-encoder-webm-vorbis: bf7c407c2cedff20999df2af8eb42d56 -> 
  custom:scripting/monoscript/fileName/ScoreManager.cs: 8bf37ad2a0e5ee64fa29f25e7049ed24 -> 2117df56b7ba23abd331d761e713022a
  custom:scripting/monoscript/fileName/BasketTriggerObject.cs: 9b05c554f29a11072e71a667da6ed2cb -> 
========================================================================
Received Prepare
Begin MonoManager ReloadAssembly
- Loaded All Assemblies, in  0.462 seconds
Refreshing native plugins compatible for Editor in 11.00 ms, found 9 plugins.
Native extension for WindowsStandalone target not found
[Package Manager] Server::EnsureServerProcessIsRunning -- launch failed, reason: Unity was launched with the -noUpm command-line argument
[Package Manager] UpmClient::Send -- Unable to send message (not connected to UPM process).
[Package Manager] Cannot connect to Unity Package Manager local server
Mono: successfully reloaded assembly
[Package Manager] Server::EnsureServerProcessIsRunning -- launch failed, reason: Unity was launched with the -noUpm command-line argument
[Package Manager] UpmClient::Send -- Unable to send message (not connected to UPM process).
[Package Manager] Cannot connect to Unity Package Manager local server
- Finished resetting the current domain, in  1.114 seconds
Domain Reload Profiling: 1575ms
	BeginReloadAssembly (160ms)
		ExecutionOrderSort (0ms)
		DisableScriptedObjects (3ms)
		BackupInstance (0ms)
		ReleaseScriptingObjects (0ms)
		CreateAndSetChildDomain (31ms)
	RebuildCommonClasses (33ms)
	RebuildNativeTypeToScriptingClass (13ms)
	initialDomainReloadingComplete (31ms)
	LoadAllAssembliesAndSetupDomain (225ms)
		LoadAssemblies (305ms)
		RebuildTransferFunctionScriptingTraits (0ms)
		AnalyzeDomain (17ms)
			TypeCache.Refresh (7ms)
				TypeCache.ScanAssembly (0ms)
			ScanForSourceGeneratedMonoScriptInfo (0ms)
			ResolveRequiredComponents (8ms)
	FinalizeReload (1115ms)
		ReleaseScriptCaches (0ms)
		RebuildScriptCaches (0ms)
		SetupLoadedEditorAssemblies (560ms)
			LogAssemblyErrors (0ms)
			InitializePlatformSupportModulesInManaged (5ms)
			SetLoadedEditorAssemblies (6ms)
			RefreshPlugins (0ms)
			BeforeProcessingInitializeOnLoad (70ms)
			ProcessInitializeOnLoadAttributes (436ms)
			ProcessInitializeOnLoadMethodAttributes (41ms)
			AfterProcessingInitializeOnLoad (2ms)
			EditorAssembliesLoaded (0ms)
		ExecutionOrderSort2 (0ms)
		AwakeInstancesAfterBackupRestoration (7ms)
Refreshing native plugins compatible for Editor in 26.13 ms, found 9 plugins.
Preloading 0 native plugins for Editor in 0.00 ms.
Unloading 4470 Unused Serialized files (Serialized files now loaded: 0)
Unloading 61 unused Assets / (50.8 KB). Loaded Objects now: 5103.
Memory consumption went from 167.5 MB to 167.4 MB.
Total: 5.994500 ms (FindLiveObjects: 0.422400 ms CreateObjectMapping: 0.266200 ms MarkObjects: 5.182300 ms  DeleteObjects: 0.121300 ms)

Prepare: number of updated asset objects reloaded= 0
AssetImportParameters requested are different than current active one (requested -> active):
  custom:container-demuxer-ogg: 62fdf1f143b41e24485cea50d1cbac27 -> 
  custom:video-codec-MediaFoundation-h265: 746d11721c4dcdbdad8f713fa42b33f4 -> 
  custom:video-decoder-ogg-theora: a1e56fd34408186e4bbccfd4996cb3dc -> 
  custom:framework-win-MediaFoundation: 216162199b28c13a410421893ffa2e32 -> 
  custom:scripting/monoscript/fileName/DisconnectOnGrab.cs: b6d535f14de0b54fc350dbde59139bca -> 829cd3f79b470f7b924c00f819c10ca8
  custom:CustomObjectIndexerAttribute: 9a22284fe3817be447336de3de66b15e -> 
  custom:scripting/monoscript/fileName/SocketChecker.cs: 81e2c6ae821d2f82fca4ae7f488fee82 -> 11eea032f05868895a3d7bd31e5112c8
  custom:container-demuxer-webm: 4f35f7cbe854078d1ac9338744f61a02 -> 
  custom:container-muxer-webm: aa71ff27fc2769a1b78a27578f13a17b -> 
  custom:video-decoder-webm-vp8: 9c59270c3fd7afecdb556c50c9e8de78 -> 
  custom:scripting/monoscript/fileName/ObjectConnector.cs: b6889c6d7c3a3d07a33c3997b113a4de -> 27ec08e04caab7342e1ebf9ebffa40c1
  custom:SearchIndexIgnoredProperties: e643bd26f0fe6173181afceb89e7c659 -> 
  custom:AudioImporter_EditorPlatform: d09bf68614088b80899f8185d706f6e7 -> 
  custom:video-encoder-webm-vp8: eb34c28f22e8b96e1ab97ce403110664 -> 
  custom:scripting/monoscript/fileName/BasketTrigger.cs: aa00535640a464914bb19856add306dc -> 48c5e4ba96c9f234beae8838e152e959
  custom:audio-decoder-ogg-vorbis: bf7c407c2cedff20999df2af8eb42d56 -> 
  custom:audio-encoder-webm-vorbis: bf7c407c2cedff20999df2af8eb42d56 -> 
  custom:scripting/monoscript/fileName/ScoreManager.cs: 8bf37ad2a0e5ee64fa29f25e7049ed24 -> 2117df56b7ba23abd331d761e713022a
  custom:scripting/monoscript/fileName/BasketTriggerObject.cs: 9b05c554f29a11072e71a667da6ed2cb -> 
========================================================================
Received Prepare
Begin MonoManager ReloadAssembly
- Loaded All Assemblies, in  0.437 seconds
Refreshing native plugins compatible for Editor in 12.45 ms, found 9 plugins.
Native extension for WindowsStandalone target not found
[Package Manager] Server::EnsureServerProcessIsRunning -- launch failed, reason: Unity was launched with the -noUpm command-line argument
[Package Manager] UpmClient::Send -- Unable to send message (not connected to UPM process).
[Package Manager] Cannot connect to Unity Package Manager local server
Mono: successfully reloaded assembly
[Package Manager] Server::EnsureServerProcessIsRunning -- launch failed, reason: Unity was launched with the -noUpm command-line argument
[Package Manager] UpmClient::Send -- Unable to send message (not connected to UPM process).
[Package Manager] Cannot connect to Unity Package Manager local server
- Finished resetting the current domain, in  1.146 seconds
Domain Reload Profiling: 1582ms
	BeginReloadAssembly (156ms)
		ExecutionOrderSort (0ms)
		DisableScriptedObjects (3ms)
		BackupInstance (0ms)
		ReleaseScriptingObjects (0ms)
		CreateAndSetChildDomain (32ms)
	RebuildCommonClasses (35ms)
	RebuildNativeTypeToScriptingClass (11ms)
	initialDomainReloadingComplete (24ms)
	LoadAllAssembliesAndSetupDomain (209ms)
		LoadAssemblies (281ms)
		RebuildTransferFunctionScriptingTraits (0ms)
		AnalyzeDomain (18ms)
			TypeCache.Refresh (6ms)
				TypeCache.ScanAssembly (0ms)
			ScanForSourceGeneratedMonoScriptInfo (0ms)
			ResolveRequiredComponents (8ms)
	FinalizeReload (1147ms)
		ReleaseScriptCaches (0ms)
		RebuildScriptCaches (0ms)
		SetupLoadedEditorAssemblies (573ms)
			LogAssemblyErrors (0ms)
			InitializePlatformSupportModulesInManaged (5ms)
			SetLoadedEditorAssemblies (6ms)
			RefreshPlugins (0ms)
			BeforeProcessingInitializeOnLoad (70ms)
			ProcessInitializeOnLoadAttributes (447ms)
			ProcessInitializeOnLoadMethodAttributes (44ms)
			AfterProcessingInitializeOnLoad (2ms)
			EditorAssembliesLoaded (0ms)
		ExecutionOrderSort2 (0ms)
		AwakeInstancesAfterBackupRestoration (9ms)
Refreshing native plugins compatible for Editor in 27.07 ms, found 9 plugins.
Preloading 0 native plugins for Editor in 0.00 ms.
Unloading 4470 Unused Serialized files (Serialized files now loaded: 0)
Unloading 61 unused Assets / (50.7 KB). Loaded Objects now: 5107.
Memory consumption went from 167.5 MB to 167.4 MB.
Total: 6.200700 ms (FindLiveObjects: 0.448700 ms CreateObjectMapping: 0.379900 ms MarkObjects: 5.226300 ms  DeleteObjects: 0.144100 ms)

Prepare: number of updated asset objects reloaded= 0
AssetImportParameters requested are different than current active one (requested -> active):
  custom:container-demuxer-ogg: 62fdf1f143b41e24485cea50d1cbac27 -> 
  custom:video-codec-MediaFoundation-h265: 746d11721c4dcdbdad8f713fa42b33f4 -> 
  custom:video-decoder-ogg-theora: a1e56fd34408186e4bbccfd4996cb3dc -> 
  custom:framework-win-MediaFoundation: 216162199b28c13a410421893ffa2e32 -> 
  custom:scripting/monoscript/fileName/DisconnectOnGrab.cs: b6d535f14de0b54fc350dbde59139bca -> 829cd3f79b470f7b924c00f819c10ca8
  custom:CustomObjectIndexerAttribute: 9a22284fe3817be447336de3de66b15e -> 
  custom:scripting/monoscript/fileName/SocketChecker.cs: 81e2c6ae821d2f82fca4ae7f488fee82 -> 11eea032f05868895a3d7bd31e5112c8
  custom:container-demuxer-webm: 4f35f7cbe854078d1ac9338744f61a02 -> 
  custom:container-muxer-webm: aa71ff27fc2769a1b78a27578f13a17b -> 
  custom:video-decoder-webm-vp8: 9c59270c3fd7afecdb556c50c9e8de78 -> 
  custom:scripting/monoscript/fileName/ObjectConnector.cs: b6889c6d7c3a3d07a33c3997b113a4de -> 27ec08e04caab7342e1ebf9ebffa40c1
  custom:SearchIndexIgnoredProperties: e643bd26f0fe6173181afceb89e7c659 -> 
  custom:AudioImporter_EditorPlatform: d09bf68614088b80899f8185d706f6e7 -> 
  custom:video-encoder-webm-vp8: eb34c28f22e8b96e1ab97ce403110664 -> 
  custom:scripting/monoscript/fileName/BasketTrigger.cs: aa00535640a464914bb19856add306dc -> 48c5e4ba96c9f234beae8838e152e959
  custom:audio-decoder-ogg-vorbis: bf7c407c2cedff20999df2af8eb42d56 -> 
  custom:audio-encoder-webm-vorbis: bf7c407c2cedff20999df2af8eb42d56 -> 
  custom:scripting/monoscript/fileName/ScoreManager.cs: 8bf37ad2a0e5ee64fa29f25e7049ed24 -> 2117df56b7ba23abd331d761e713022a
  custom:scripting/monoscript/fileName/BasketTriggerObject.cs: 9b05c554f29a11072e71a667da6ed2cb -> 
========================================================================
Received Prepare
Begin MonoManager ReloadAssembly
- Loaded All Assemblies, in  0.458 seconds
Refreshing native plugins compatible for Editor in 12.04 ms, found 9 plugins.
Native extension for WindowsStandalone target not found
[Package Manager] Server::EnsureServerProcessIsRunning -- launch failed, reason: Unity was launched with the -noUpm command-line argument
[Package Manager] UpmClient::Send -- Unable to send message (not connected to UPM process).
[Package Manager] Cannot connect to Unity Package Manager local server
Mono: successfully reloaded assembly
[Package Manager] Server::EnsureServerProcessIsRunning -- launch failed, reason: Unity was launched with the -noUpm command-line argument
[Package Manager] UpmClient::Send -- Unable to send message (not connected to UPM process).
[Package Manager] Cannot connect to Unity Package Manager local server
- Finished resetting the current domain, in  1.124 seconds
Domain Reload Profiling: 1582ms
	BeginReloadAssembly (170ms)
		ExecutionOrderSort (0ms)
		DisableScriptedObjects (3ms)
		BackupInstance (0ms)
		ReleaseScriptingObjects (0ms)
		CreateAndSetChildDomain (36ms)
	RebuildCommonClasses (32ms)
	RebuildNativeTypeToScriptingClass (10ms)
	initialDomainReloadingComplete (24ms)
	LoadAllAssembliesAndSetupDomain (221ms)
		LoadAssemblies (302ms)
		RebuildTransferFunctionScriptingTraits (0ms)
		AnalyzeDomain (17ms)
			TypeCache.Refresh (6ms)
				TypeCache.ScanAssembly (0ms)
			ScanForSourceGeneratedMonoScriptInfo (0ms)
			ResolveRequiredComponents (8ms)
	FinalizeReload (1125ms)
		ReleaseScriptCaches (0ms)
		RebuildScriptCaches (0ms)
		SetupLoadedEditorAssemblies (520ms)
			LogAssemblyErrors (0ms)
			InitializePlatformSupportModulesInManaged (4ms)
			SetLoadedEditorAssemblies (5ms)
			RefreshPlugins (0ms)
			BeforeProcessingInitializeOnLoad (71ms)
			ProcessInitializeOnLoadAttributes (400ms)
			ProcessInitializeOnLoadMethodAttributes (38ms)
			AfterProcessingInitializeOnLoad (2ms)
			EditorAssembliesLoaded (0ms)
		ExecutionOrderSort2 (0ms)
		AwakeInstancesAfterBackupRestoration (7ms)
Refreshing native plugins compatible for Editor in 26.23 ms, found 9 plugins.
Preloading 0 native plugins for Editor in 0.00 ms.
Unloading 4470 Unused Serialized files (Serialized files now loaded: 0)
Unloading 61 unused Assets / (50.8 KB). Loaded Objects now: 5111.
Memory consumption went from 167.5 MB to 167.4 MB.
Total: 5.286900 ms (FindLiveObjects: 0.371100 ms CreateObjectMapping: 0.278800 ms MarkObjects: 4.455700 ms  DeleteObjects: 0.179700 ms)

Prepare: number of updated asset objects reloaded= 0
AssetImportParameters requested are different than current active one (requested -> active):
  custom:container-demuxer-ogg: 62fdf1f143b41e24485cea50d1cbac27 -> 
  custom:video-codec-MediaFoundation-h265: 746d11721c4dcdbdad8f713fa42b33f4 -> 
  custom:video-decoder-ogg-theora: a1e56fd34408186e4bbccfd4996cb3dc -> 
  custom:framework-win-MediaFoundation: 216162199b28c13a410421893ffa2e32 -> 
  custom:scripting/monoscript/fileName/DisconnectOnGrab.cs: b6d535f14de0b54fc350dbde59139bca -> 829cd3f79b470f7b924c00f819c10ca8
  custom:CustomObjectIndexerAttribute: 9a22284fe3817be447336de3de66b15e -> 
  custom:scripting/monoscript/fileName/SocketChecker.cs: 81e2c6ae821d2f82fca4ae7f488fee82 -> 11eea032f05868895a3d7bd31e5112c8
  custom:container-demuxer-webm: 4f35f7cbe854078d1ac9338744f61a02 -> 
  custom:container-muxer-webm: aa71ff27fc2769a1b78a27578f13a17b -> 
  custom:video-decoder-webm-vp8: 9c59270c3fd7afecdb556c50c9e8de78 -> 
  custom:scripting/monoscript/fileName/ObjectConnector.cs: b6889c6d7c3a3d07a33c3997b113a4de -> 27ec08e04caab7342e1ebf9ebffa40c1
  custom:SearchIndexIgnoredProperties: e643bd26f0fe6173181afceb89e7c659 -> 
  custom:AudioImporter_EditorPlatform: d09bf68614088b80899f8185d706f6e7 -> 
  custom:video-encoder-webm-vp8: eb34c28f22e8b96e1ab97ce403110664 -> 
  custom:scripting/monoscript/fileName/BasketTrigger.cs: aa00535640a464914bb19856add306dc -> 48c5e4ba96c9f234beae8838e152e959
  custom:audio-decoder-ogg-vorbis: bf7c407c2cedff20999df2af8eb42d56 -> 
  custom:audio-encoder-webm-vorbis: bf7c407c2cedff20999df2af8eb42d56 -> 
  custom:scripting/monoscript/fileName/ScoreManager.cs: 8bf37ad2a0e5ee64fa29f25e7049ed24 -> 2117df56b7ba23abd331d761e713022a
  custom:scripting/monoscript/fileName/BasketTriggerObject.cs: 9b05c554f29a11072e71a667da6ed2cb -> 
========================================================================
Received Prepare
Begin MonoManager ReloadAssembly
- Loaded All Assemblies, in  0.435 seconds
Refreshing native plugins compatible for Editor in 10.84 ms, found 9 plugins.
Native extension for WindowsStandalone target not found
[Package Manager] Server::EnsureServerProcessIsRunning -- launch failed, reason: Unity was launched with the -noUpm command-line argument
[Package Manager] UpmClient::Send -- Unable to send message (not connected to UPM process).
[Package Manager] Cannot connect to Unity Package Manager local server
Mono: successfully reloaded assembly
[Package Manager] Server::EnsureServerProcessIsRunning -- launch failed, reason: Unity was launched with the -noUpm command-line argument
[Package Manager] UpmClient::Send -- Unable to send message (not connected to UPM process).
[Package Manager] Cannot connect to Unity Package Manager local server
- Finished resetting the current domain, in  1.137 seconds
Domain Reload Profiling: 1571ms
	BeginReloadAssembly (164ms)
		ExecutionOrderSort (0ms)
		DisableScriptedObjects (3ms)
		BackupInstance (0ms)
		ReleaseScriptingObjects (0ms)
		CreateAndSetChildDomain (32ms)
	RebuildCommonClasses (33ms)
	RebuildNativeTypeToScriptingClass (10ms)
	initialDomainReloadingComplete (24ms)
	LoadAllAssembliesAndSetupDomain (203ms)
		LoadAssemblies (283ms)
		RebuildTransferFunctionScriptingTraits (0ms)
		AnalyzeDomain (18ms)
			TypeCache.Refresh (6ms)
				TypeCache.ScanAssembly (0ms)
			ScanForSourceGeneratedMonoScriptInfo (0ms)
			ResolveRequiredComponents (8ms)
	FinalizeReload (1137ms)
		ReleaseScriptCaches (0ms)
		RebuildScriptCaches (0ms)
		SetupLoadedEditorAssemblies (578ms)
			LogAssemblyErrors (0ms)
			InitializePlatformSupportModulesInManaged (6ms)
			SetLoadedEditorAssemblies (6ms)
			RefreshPlugins (0ms)
			BeforeProcessingInitializeOnLoad (71ms)
			ProcessInitializeOnLoadAttributes (452ms)
			ProcessInitializeOnLoadMethodAttributes (42ms)
			AfterProcessingInitializeOnLoad (2ms)
			EditorAssembliesLoaded (0ms)
		ExecutionOrderSort2 (0ms)
		AwakeInstancesAfterBackupRestoration (7ms)
Refreshing native plugins compatible for Editor in 26.39 ms, found 9 plugins.
Preloading 0 native plugins for Editor in 0.00 ms.
Unloading 4470 Unused Serialized files (Serialized files now loaded: 0)
Unloading 61 unused Assets / (50.9 KB). Loaded Objects now: 5115.
Memory consumption went from 167.5 MB to 167.4 MB.
Total: 5.651200 ms (FindLiveObjects: 0.590200 ms CreateObjectMapping: 0.274500 ms MarkObjects: 4.655300 ms  DeleteObjects: 0.128700 ms)

Prepare: number of updated asset objects reloaded= 0
AssetImportParameters requested are different than current active one (requested -> active):
  custom:container-demuxer-ogg: 62fdf1f143b41e24485cea50d1cbac27 -> 
  custom:video-codec-MediaFoundation-h265: 746d11721c4dcdbdad8f713fa42b33f4 -> 
  custom:video-decoder-ogg-theora: a1e56fd34408186e4bbccfd4996cb3dc -> 
  custom:framework-win-MediaFoundation: 216162199b28c13a410421893ffa2e32 -> 
  custom:scripting/monoscript/fileName/DisconnectOnGrab.cs: b6d535f14de0b54fc350dbde59139bca -> 829cd3f79b470f7b924c00f819c10ca8
  custom:CustomObjectIndexerAttribute: 9a22284fe3817be447336de3de66b15e -> 
  custom:scripting/monoscript/fileName/SocketChecker.cs: 81e2c6ae821d2f82fca4ae7f488fee82 -> 11eea032f05868895a3d7bd31e5112c8
  custom:container-demuxer-webm: 4f35f7cbe854078d1ac9338744f61a02 -> 
  custom:container-muxer-webm: aa71ff27fc2769a1b78a27578f13a17b -> 
  custom:video-decoder-webm-vp8: 9c59270c3fd7afecdb556c50c9e8de78 -> 
  custom:scripting/monoscript/fileName/ObjectConnector.cs: b6889c6d7c3a3d07a33c3997b113a4de -> 27ec08e04caab7342e1ebf9ebffa40c1
  custom:SearchIndexIgnoredProperties: e643bd26f0fe6173181afceb89e7c659 -> 
  custom:AudioImporter_EditorPlatform: d09bf68614088b80899f8185d706f6e7 -> 
  custom:video-encoder-webm-vp8: eb34c28f22e8b96e1ab97ce403110664 -> 
  custom:scripting/monoscript/fileName/BasketTrigger.cs: aa00535640a464914bb19856add306dc -> 48c5e4ba96c9f234beae8838e152e959
  custom:audio-decoder-ogg-vorbis: bf7c407c2cedff20999df2af8eb42d56 -> 
  custom:audio-encoder-webm-vorbis: bf7c407c2cedff20999df2af8eb42d56 -> 
  custom:scripting/monoscript/fileName/ScoreManager.cs: 8bf37ad2a0e5ee64fa29f25e7049ed24 -> 2117df56b7ba23abd331d761e713022a
  custom:scripting/monoscript/fileName/BasketTriggerObject.cs: 9b05c554f29a11072e71a667da6ed2cb -> 
========================================================================
Received Import Request.
  Time since last request: 1848.343066 seconds.
  path: Assets/SimplePoly City - Low Poly Assets/Materials/Building_Books Shop.mat
  artifactKey: Guid(d2be81fdd0927fa40a4ac00be93d9bf6) Importer(815301076,1909f56bfc062723c751e8b465ee728b)
Start importing Assets/SimplePoly City - Low Poly Assets/Materials/Building_Books Shop.mat using Guid(d2be81fdd0927fa40a4ac00be93d9bf6) Importer(815301076,1909f56bfc062723c751e8b465ee728b)  -> (artifact id: 'd2423ca26e2f694f5b7a48131b9b812a') in 0.101187 seconds
Number of updated asset objects reloaded before import = 0
Number of asset objects unloaded after import = 2
========================================================================
Received Import Request.
  Time since last request: 0.000028 seconds.
  path: Assets/SimplePoly City - Low Poly Assets/Materials/Building_Stadium.mat
  artifactKey: Guid(748bc3a1eddacab499ba4248377c18a3) Importer(815301076,1909f56bfc062723c751e8b465ee728b)
Start importing Assets/SimplePoly City - Low Poly Assets/Materials/Building_Stadium.mat using Guid(748bc3a1eddacab499ba4248377c18a3) Importer(815301076,1909f56bfc062723c751e8b465ee728b)  -> (artifact id: '539dd9748dd33059e80fe71a9ba7a565') in 0.030611 seconds
Number of updated asset objects reloaded before import = 0
Number of asset objects unloaded after import = 2
========================================================================
Received Import Request.
  Time since last request: 0.000021 seconds.
  path: Assets/Samples/XR Interaction Toolkit/2.5.4/Starter Assets/DemoSceneAssets/Models/Primitive_Torus.fbx
  artifactKey: Guid(f077c919501a44778a0c2edb6eb1a54a) Importer(815301076,1909f56bfc062723c751e8b465ee728b)
Start importing Assets/Samples/XR Interaction Toolkit/2.5.4/Starter Assets/DemoSceneAssets/Models/Primitive_Torus.fbx using Guid(f077c919501a44778a0c2edb6eb1a54a) Importer(815301076,1909f56bfc062723c751e8b465ee728b)  -> (artifact id: '85531543034dde392cd0f48969b2d0ce') in 0.081439 seconds
Number of updated asset objects reloaded before import = 0
Number of asset objects unloaded after import = 8
========================================================================
Received Import Request.
  Time since last request: 0.000032 seconds.
  path: Assets/Samples/XR Interaction Toolkit/2.5.4/AR Starter Assets/ARDemoSceneAssets/Materials/InteractableMat.mat
  artifactKey: Guid(405529b091e884f32ad1cdb05c634ebe) Importer(815301076,1909f56bfc062723c751e8b465ee728b)
Start importing Assets/Samples/XR Interaction Toolkit/2.5.4/AR Starter Assets/ARDemoSceneAssets/Materials/InteractableMat.mat using Guid(405529b091e884f32ad1cdb05c634ebe) Importer(815301076,1909f56bfc062723c751e8b465ee728b)  -> (artifact id: '26bc43e69dcde000a50279aa92f90701') in 0.251563 seconds
Number of updated asset objects reloaded before import = 0
Number of asset objects unloaded after import = 2
========================================================================
Received Import Request.
  Time since last request: 0.000029 seconds.
  path: Assets/SimplePoly City - Low Poly Assets/Materials/Building_Super Market.mat
  artifactKey: Guid(50a5ebe9a8d86a04d8e3b59966418b04) Importer(815301076,1909f56bfc062723c751e8b465ee728b)
Start importing Assets/SimplePoly City - Low Poly Assets/Materials/Building_Super Market.mat using Guid(50a5ebe9a8d86a04d8e3b59966418b04) Importer(815301076,1909f56bfc062723c751e8b465ee728b)  -> (artifact id: 'cb9c9888a5ce1fd73cec789f2e5f9f8e') in 0.018810 seconds
Number of updated asset objects reloaded before import = 0
Number of asset objects unloaded after import = 2
========================================================================
Received Import Request.
  Time since last request: 0.000026 seconds.
  path: Assets/SimplePoly City - Low Poly Assets/Materials/Building_Shoes Shop.mat
  artifactKey: Guid(25119463e811d3c4c82a0d92a6e1c561) Importer(815301076,1909f56bfc062723c751e8b465ee728b)
Start importing Assets/SimplePoly City - Low Poly Assets/Materials/Building_Shoes Shop.mat using Guid(25119463e811d3c4c82a0d92a6e1c561) Importer(815301076,1909f56bfc062723c751e8b465ee728b)  -> (artifact id: '90b8e191fec08f486630699c9bb03499') in 0.021059 seconds
Number of updated asset objects reloaded before import = 0
Number of asset objects unloaded after import = 2
========================================================================
Received Import Request.
  Time since last request: 0.000024 seconds.
  path: Assets/PanoramicCartoonSkybox/Materials/CloudNight.mat
  artifactKey: Guid(316dd87f0803a6a40b0cadf92da8605f) Importer(815301076,1909f56bfc062723c751e8b465ee728b)
Start importing Assets/PanoramicCartoonSkybox/Materials/CloudNight.mat using Guid(316dd87f0803a6a40b0cadf92da8605f) Importer(815301076,1909f56bfc062723c751e8b465ee728b)  -> (artifact id: '87ebae2da018f78a41796d4d02f9d607') in 0.042946 seconds
Number of updated asset objects reloaded before import = 0
Number of asset objects unloaded after import = 2
========================================================================
Received Import Request.
  Time since last request: 0.000030 seconds.
  path: Assets/SimplePoly City - Low Poly Assets/Materials/Building_House_04_color03.mat
  artifactKey: Guid(ecb113d6169c1ea49ae708ac05a9128c) Importer(815301076,1909f56bfc062723c751e8b465ee728b)
Start importing Assets/SimplePoly City - Low Poly Assets/Materials/Building_House_04_color03.mat using Guid(ecb113d6169c1ea49ae708ac05a9128c) Importer(815301076,1909f56bfc062723c751e8b465ee728b)  -> (artifact id: 'c265e4ff55a50b498c79c514b073bd5e') in 0.022066 seconds
Number of updated asset objects reloaded before import = 0
Number of asset objects unloaded after import = 2
========================================================================
Received Import Request.
  Time since last request: 0.000116 seconds.
  path: Assets/SimplePoly City - Low Poly Assets/Materials/Building_House_03_color02.mat
  artifactKey: Guid(759ae00b1dd8b674794d18b46f674c55) Importer(815301076,1909f56bfc062723c751e8b465ee728b)
Start importing Assets/SimplePoly City - Low Poly Assets/Materials/Building_House_03_color02.mat using Guid(759ae00b1dd8b674794d18b46f674c55) Importer(815301076,1909f56bfc062723c751e8b465ee728b)  -> (artifact id: 'e3b6f7dc512de375a187a2b27cd1acbd') in 0.021137 seconds
Number of updated asset objects reloaded before import = 0
Number of asset objects unloaded after import = 2
========================================================================
Received Import Request.
  Time since last request: 0.000020 seconds.
  path: Assets/SimplePoly City - Low Poly Assets/Materials/Building_House_02_color01.mat
  artifactKey: Guid(374ab596cd3f81b429cc260ead5cad1d) Importer(815301076,1909f56bfc062723c751e8b465ee728b)
Start importing Assets/SimplePoly City - Low Poly Assets/Materials/Building_House_02_color01.mat using Guid(374ab596cd3f81b429cc260ead5cad1d) Importer(815301076,1909f56bfc062723c751e8b465ee728b)  -> (artifact id: '732019b471d04e839d8df59834ec6afd') in 0.020482 seconds
Number of updated asset objects reloaded before import = 0
Number of asset objects unloaded after import = 2
========================================================================
Received Import Request.
  Time since last request: 0.000022 seconds.
  path: Assets/SimplePoly City - Low Poly Assets/Materials/Building_Fast Food.mat
  artifactKey: Guid(0c04fafcb420315419fdbbeb0fb78464) Importer(815301076,1909f56bfc062723c751e8b465ee728b)
Start importing Assets/SimplePoly City - Low Poly Assets/Materials/Building_Fast Food.mat using Guid(0c04fafcb420315419fdbbeb0fb78464) Importer(815301076,1909f56bfc062723c751e8b465ee728b)  -> (artifact id: 'd8052a035c67eab787327ac6e882ac70') in 0.019770 seconds
Number of updated asset objects reloaded before import = 0
Number of asset objects unloaded after import = 2
========================================================================
Received Import Request.
  Time since last request: 0.000021 seconds.
  path: Assets/SimplePoly City - Low Poly Assets/Materials/Building_Coffee Shop.mat
  artifactKey: Guid(4967bea7482277d48955ef26a2a50c7c) Importer(815301076,1909f56bfc062723c751e8b465ee728b)
Start importing Assets/SimplePoly City - Low Poly Assets/Materials/Building_Coffee Shop.mat using Guid(4967bea7482277d48955ef26a2a50c7c) Importer(815301076,1909f56bfc062723c751e8b465ee728b)  -> (artifact id: '543605a557072301a8ffbf6af88ba911') in 0.030633 seconds
Number of updated asset objects reloaded before import = 0
Number of asset objects unloaded after import = 2
========================================================================
Received Import Request.
  Time since last request: 0.000026 seconds.
  path: Assets/SimplePoly City - Low Poly Assets/Materials/Building_Fruits  Shop.mat
  artifactKey: Guid(ae4c28532c8b3154a80bef6e9ca5939c) Importer(815301076,1909f56bfc062723c751e8b465ee728b)
Start importing Assets/SimplePoly City - Low Poly Assets/Materials/Building_Fruits  Shop.mat using Guid(ae4c28532c8b3154a80bef6e9ca5939c) Importer(815301076,1909f56bfc062723c751e8b465ee728b)  -> (artifact id: 'a257bc8c87f613dc18d875159ad5516d') in 0.023160 seconds
Number of updated asset objects reloaded before import = 0
Number of asset objects unloaded after import = 2
========================================================================
Received Import Request.
  Time since last request: 0.000041 seconds.
  path: Assets/Samples/XR Interaction Toolkit/2.5.4/Starter Assets/DemoSceneAssets/Models/PushButton.fbx
  artifactKey: Guid(7ab6f3b0fd1a6ba41b2a47766c16613f) Importer(815301076,1909f56bfc062723c751e8b465ee728b)
Start importing Assets/Samples/XR Interaction Toolkit/2.5.4/Starter Assets/DemoSceneAssets/Models/PushButton.fbx using Guid(7ab6f3b0fd1a6ba41b2a47766c16613f) Importer(815301076,1909f56bfc062723c751e8b465ee728b)  -> (artifact id: 'ef39b6d577d191331edd9a52960bfe45') in 0.061556 seconds
Number of updated asset objects reloaded before import = 0
Number of asset objects unloaded after import = 18
========================================================================
Received Import Request.
  Time since last request: 0.000025 seconds.
  path: Assets/SimplePoly City - Low Poly Assets/Materials/Building_Gift Shop.mat
  artifactKey: Guid(bf630e064503ad541ab39df076952029) Importer(815301076,1909f56bfc062723c751e8b465ee728b)
Start importing Assets/SimplePoly City - Low Poly Assets/Materials/Building_Gift Shop.mat using Guid(bf630e064503ad541ab39df076952029) Importer(815301076,1909f56bfc062723c751e8b465ee728b)  -> (artifact id: '0007a82dba098a2fe2f4033b835db051') in 0.021854 seconds
Number of updated asset objects reloaded before import = 0
Number of asset objects unloaded after import = 2
========================================================================
Received Import Request.
  Time since last request: 0.000033 seconds.
  path: Assets/TextMesh Pro/Examples & Extras/Materials/Crate - Surface Shader Scene.mat
  artifactKey: Guid(e6b9b44320f4448d9d5e0ee634259966) Importer(815301076,1909f56bfc062723c751e8b465ee728b)
Start importing Assets/TextMesh Pro/Examples & Extras/Materials/Crate - Surface Shader Scene.mat using Guid(e6b9b44320f4448d9d5e0ee634259966) Importer(815301076,1909f56bfc062723c751e8b465ee728b)  -> (artifact id: '3df6470442b0c97918c56df286550539') in 0.118272 seconds
Number of updated asset objects reloaded before import = 0
Number of asset objects unloaded after import = 3
========================================================================
Received Import Request.
  Time since last request: 0.000040 seconds.
  path: Assets/TextMesh Pro/Examples & Extras/Materials/Ground - Surface Shader Scene.mat
  artifactKey: Guid(aadd5a709a48466c887296bb5b1b8110) Importer(815301076,1909f56bfc062723c751e8b465ee728b)
Start importing Assets/TextMesh Pro/Examples & Extras/Materials/Ground - Surface Shader Scene.mat using Guid(aadd5a709a48466c887296bb5b1b8110) Importer(815301076,1909f56bfc062723c751e8b465ee728b)  -> (artifact id: '0e624bf08140f7188e4fa0e29bb96ddd') in 0.021386 seconds
Number of updated asset objects reloaded before import = 0
Number of asset objects unloaded after import = 2
========================================================================
Received Import Request.
  Time since last request: 0.000065 seconds.
  path: Assets/SimplePoly City - Low Poly Assets/Materials/Building_Residential_color01.mat
  artifactKey: Guid(2016355b121a1d141a5a696a5e1a3204) Importer(815301076,1909f56bfc062723c751e8b465ee728b)
Start importing Assets/SimplePoly City - Low Poly Assets/Materials/Building_Residential_color01.mat using Guid(2016355b121a1d141a5a696a5e1a3204) Importer(815301076,1909f56bfc062723c751e8b465ee728b)  -> (artifact id: 'd173338dce1f5a4dc8682348e8c125c2') in 0.020472 seconds
Number of updated asset objects reloaded before import = 0
Number of asset objects unloaded after import = 2
========================================================================
Received Import Request.
  Time since last request: 0.000030 seconds.
  path: Assets/Samples/XR Interaction Toolkit/2.5.4/Starter Assets/Models/Primitive_Wedge.fbx
  artifactKey: Guid(ab3a79eba4de4be0ad5fead9fb858190) Importer(815301076,1909f56bfc062723c751e8b465ee728b)
Start importing Assets/Samples/XR Interaction Toolkit/2.5.4/Starter Assets/Models/Primitive_Wedge.fbx using Guid(ab3a79eba4de4be0ad5fead9fb858190) Importer(815301076,1909f56bfc062723c751e8b465ee728b)  -> (artifact id: '2f08f563b0bf796d8af8f74e328c15be') in 0.034110 seconds
Number of updated asset objects reloaded before import = 0
Number of asset objects unloaded after import = 8
========================================================================
Received Import Request.
  Time since last request: 0.000026 seconds.
  path: Assets/SimplePoly City - Low Poly Assets/Materials/Building_House_02_color02.mat
  artifactKey: Guid(b66f907b85259674ca69f1732a632bcd) Importer(815301076,1909f56bfc062723c751e8b465ee728b)
Start importing Assets/SimplePoly City - Low Poly Assets/Materials/Building_House_02_color02.mat using Guid(b66f907b85259674ca69f1732a632bcd) Importer(815301076,1909f56bfc062723c751e8b465ee728b)  -> (artifact id: 'bc28d181e70c1aedad17eb782177693c') in 0.020185 seconds
Number of updated asset objects reloaded before import = 0
Number of asset objects unloaded after import = 2
========================================================================
Received Import Request.
  Time since last request: 0.000026 seconds.
  path: Assets/SimplePoly City - Low Poly Assets/Materials/Building_Chicken Shop.mat
  artifactKey: Guid(d15e38c8ed480004fbb959137225b569) Importer(815301076,1909f56bfc062723c751e8b465ee728b)
Start importing Assets/SimplePoly City - Low Poly Assets/Materials/Building_Chicken Shop.mat using Guid(d15e38c8ed480004fbb959137225b569) Importer(815301076,1909f56bfc062723c751e8b465ee728b)  -> (artifact id: '1e5300f582dcb43b957540b83a50244d') in 0.022900 seconds
Number of updated asset objects reloaded before import = 0
Number of asset objects unloaded after import = 2
========================================================================
Received Import Request.
  Time since last request: 0.000026 seconds.
  path: Assets/TextMesh Pro/Examples & Extras/Resources/Fonts & Materials/LiberationSans SDF - Soft Mask.mat
  artifactKey: Guid(42df1c7856584b6b8db9a509b6b10074) Importer(815301076,1909f56bfc062723c751e8b465ee728b)
Start importing Assets/TextMesh Pro/Examples & Extras/Resources/Fonts & Materials/LiberationSans SDF - Soft Mask.mat using Guid(42df1c7856584b6b8db9a509b6b10074) Importer(815301076,1909f56bfc062723c751e8b465ee728b)  -> (artifact id: '52b09895533866054d0f979af2dea51a') in 0.052343 seconds
Number of updated asset objects reloaded before import = 0
Number of asset objects unloaded after import = 3
========================================================================
Received Import Request.
  Time since last request: 2.190776 seconds.
  path: Assets/TextMesh Pro/Examples & Extras/Resources/Fonts & Materials/Anton SDF - Outline.mat
  artifactKey: Guid(a00013af81304728b2be1f4309ee2433) Importer(815301076,1909f56bfc062723c751e8b465ee728b)
Start importing Assets/TextMesh Pro/Examples & Extras/Resources/Fonts & Materials/Anton SDF - Outline.mat using Guid(a00013af81304728b2be1f4309ee2433) Importer(815301076,1909f56bfc062723c751e8b465ee728b)  -> (artifact id: 'fab469bbbd32309d7d35407389d3b385') in 0.052947 seconds
Number of updated asset objects reloaded before import = 0
Number of asset objects unloaded after import = 2
========================================================================
Received Import Request.
  Time since last request: 0.000021 seconds.
  path: Assets/TextMesh Pro/Examples & Extras/Resources/Fonts & Materials/Bangers SDF Glow.mat
  artifactKey: Guid(d75b8f41e959450c84ac6e967084d3e1) Importer(815301076,1909f56bfc062723c751e8b465ee728b)
Start importing Assets/TextMesh Pro/Examples & Extras/Resources/Fonts & Materials/Bangers SDF Glow.mat using Guid(d75b8f41e959450c84ac6e967084d3e1) Importer(815301076,1909f56bfc062723c751e8b465ee728b)  -> (artifact id: 'b9fa21b504f8a04b8a008ca6bab5e0ff') in 0.097654 seconds
Number of updated asset objects reloaded before import = 0
Number of asset objects unloaded after import = 3
========================================================================
Received Import Request.
  Time since last request: 0.000022 seconds.
  path: Assets/TextMesh Pro/Examples & Extras/Resources/Fonts & Materials/Anton SDF - Sunny Days.mat
  artifactKey: Guid(6522f30e342599e4e9dd4cc2cc03c830) Importer(815301076,1909f56bfc062723c751e8b465ee728b)
Start importing Assets/TextMesh Pro/Examples & Extras/Resources/Fonts & Materials/Anton SDF - Sunny Days.mat using Guid(6522f30e342599e4e9dd4cc2cc03c830) Importer(815301076,1909f56bfc062723c751e8b465ee728b)  -> (artifact id: 'b88c79aefd857a2cff33f369f648d77c') in 0.126108 seconds
Number of updated asset objects reloaded before import = 0
Number of asset objects unloaded after import = 4
========================================================================
Received Import Request.
  Time since last request: 0.000027 seconds.
  path: Assets/TextMesh Pro/Examples & Extras/Resources/Fonts & Materials/Bangers SDF Logo.mat
  artifactKey: Guid(f4e195ac1e204eff960149d1cb34e18c) Importer(815301076,1909f56bfc062723c751e8b465ee728b)
Start importing Assets/TextMesh Pro/Examples & Extras/Resources/Fonts & Materials/Bangers SDF Logo.mat using Guid(f4e195ac1e204eff960149d1cb34e18c) Importer(815301076,1909f56bfc062723c751e8b465ee728b)  -> (artifact id: '34cf62a98ba7d7d2c2e06cd9b887ace3') in 0.289013 seconds
Number of updated asset objects reloaded before import = 0
Number of asset objects unloaded after import = 4
========================================================================
Received Prepare
Begin MonoManager ReloadAssembly
- Loaded All Assemblies, in  0.457 seconds
Refreshing native plugins compatible for Editor in 10.63 ms, found 9 plugins.
Native extension for WindowsStandalone target not found
[Package Manager] Server::EnsureServerProcessIsRunning -- launch failed, reason: Unity was launched with the -noUpm command-line argument
[Package Manager] UpmClient::Send -- Unable to send message (not connected to UPM process).
[Package Manager] Cannot connect to Unity Package Manager local server
Mono: successfully reloaded assembly
[Package Manager] Server::EnsureServerProcessIsRunning -- launch failed, reason: Unity was launched with the -noUpm command-line argument
[Package Manager] UpmClient::Send -- Unable to send message (not connected to UPM process).
[Package Manager] Cannot connect to Unity Package Manager local server
- Finished resetting the current domain, in  1.107 seconds
Domain Reload Profiling: 1564ms
	BeginReloadAssembly (169ms)
		ExecutionOrderSort (0ms)
		DisableScriptedObjects (3ms)
		BackupInstance (0ms)
		ReleaseScriptingObjects (0ms)
		CreateAndSetChildDomain (37ms)
	RebuildCommonClasses (32ms)
	RebuildNativeTypeToScriptingClass (10ms)
	initialDomainReloadingComplete (25ms)
	LoadAllAssembliesAndSetupDomain (220ms)
		LoadAssemblies (301ms)
		RebuildTransferFunctionScriptingTraits (0ms)
		AnalyzeDomain (17ms)
			TypeCache.Refresh (6ms)
				TypeCache.ScanAssembly (0ms)
			ScanForSourceGeneratedMonoScriptInfo (0ms)
			ResolveRequiredComponents (8ms)
	FinalizeReload (1108ms)
		ReleaseScriptCaches (0ms)
		RebuildScriptCaches (0ms)
		SetupLoadedEditorAssemblies (531ms)
			LogAssemblyErrors (0ms)
			InitializePlatformSupportModulesInManaged (5ms)
			SetLoadedEditorAssemblies (6ms)
			RefreshPlugins (0ms)
			BeforeProcessingInitializeOnLoad (67ms)
			ProcessInitializeOnLoadAttributes (413ms)
			ProcessInitializeOnLoadMethodAttributes (39ms)
			AfterProcessingInitializeOnLoad (2ms)
			EditorAssembliesLoaded (0ms)
		ExecutionOrderSort2 (0ms)
		AwakeInstancesAfterBackupRestoration (7ms)
Refreshing native plugins compatible for Editor in 26.56 ms, found 9 plugins.
Preloading 0 native plugins for Editor in 0.00 ms.
Unloading 4469 Unused Serialized files (Serialized files now loaded: 0)
Unloading 61 unused Assets / (50.8 KB). Loaded Objects now: 5122.
Memory consumption went from 167.4 MB to 167.4 MB.
Total: 7.098400 ms (FindLiveObjects: 0.445200 ms CreateObjectMapping: 0.511200 ms MarkObjects: 5.999500 ms  DeleteObjects: 0.140600 ms)

Prepare: number of updated asset objects reloaded= 0
AssetImportParameters requested are different than current active one (requested -> active):
  custom:container-demuxer-ogg: 62fdf1f143b41e24485cea50d1cbac27 -> 
  custom:video-codec-MediaFoundation-h265: 746d11721c4dcdbdad8f713fa42b33f4 -> 
  custom:video-decoder-ogg-theora: a1e56fd34408186e4bbccfd4996cb3dc -> 
  custom:framework-win-MediaFoundation: 216162199b28c13a410421893ffa2e32 -> 
  custom:scripting/monoscript/fileName/DisconnectOnGrab.cs: b6d535f14de0b54fc350dbde59139bca -> 829cd3f79b470f7b924c00f819c10ca8
  custom:CustomObjectIndexerAttribute: 9a22284fe3817be447336de3de66b15e -> 
  custom:scripting/monoscript/fileName/SocketChecker.cs: 81e2c6ae821d2f82fca4ae7f488fee82 -> 11eea032f05868895a3d7bd31e5112c8
  custom:container-demuxer-webm: 4f35f7cbe854078d1ac9338744f61a02 -> 
  custom:container-muxer-webm: aa71ff27fc2769a1b78a27578f13a17b -> 
  custom:video-decoder-webm-vp8: 9c59270c3fd7afecdb556c50c9e8de78 -> 
  custom:scripting/monoscript/fileName/ObjectConnector.cs: b6889c6d7c3a3d07a33c3997b113a4de -> 27ec08e04caab7342e1ebf9ebffa40c1
  custom:SearchIndexIgnoredProperties: e643bd26f0fe6173181afceb89e7c659 -> 
  custom:AudioImporter_EditorPlatform: d09bf68614088b80899f8185d706f6e7 -> 
  custom:video-encoder-webm-vp8: eb34c28f22e8b96e1ab97ce403110664 -> 
  custom:scripting/monoscript/fileName/BasketTrigger.cs: aa00535640a464914bb19856add306dc -> 48c5e4ba96c9f234beae8838e152e959
  custom:audio-decoder-ogg-vorbis: bf7c407c2cedff20999df2af8eb42d56 -> 
  custom:audio-encoder-webm-vorbis: bf7c407c2cedff20999df2af8eb42d56 -> 
  custom:scripting/monoscript/fileName/ScoreManager.cs: 8bf37ad2a0e5ee64fa29f25e7049ed24 -> 2117df56b7ba23abd331d761e713022a
  custom:scripting/monoscript/fileName/BasketTriggerObject.cs: 9b05c554f29a11072e71a667da6ed2cb -> 
========================================================================
Received Prepare
Begin MonoManager ReloadAssembly
- Loaded All Assemblies, in  0.451 seconds
Refreshing native plugins compatible for Editor in 13.65 ms, found 9 plugins.
Native extension for WindowsStandalone target not found
[Package Manager] Server::EnsureServerProcessIsRunning -- launch failed, reason: Unity was launched with the -noUpm command-line argument
[Package Manager] UpmClient::Send -- Unable to send message (not connected to UPM process).
[Package Manager] Cannot connect to Unity Package Manager local server
Mono: successfully reloaded assembly
[Package Manager] Server::EnsureServerProcessIsRunning -- launch failed, reason: Unity was launched with the -noUpm command-line argument
[Package Manager] UpmClient::Send -- Unable to send message (not connected to UPM process).
[Package Manager] Cannot connect to Unity Package Manager local server
- Finished resetting the current domain, in  1.154 seconds
Domain Reload Profiling: 1604ms
	BeginReloadAssembly (165ms)
		ExecutionOrderSort (0ms)
		DisableScriptedObjects (5ms)
		BackupInstance (0ms)
		ReleaseScriptingObjects (0ms)
		CreateAndSetChildDomain (34ms)
	RebuildCommonClasses (34ms)
	RebuildNativeTypeToScriptingClass (11ms)
	initialDomainReloadingComplete (26ms)
	LoadAllAssembliesAndSetupDomain (214ms)
		LoadAssemblies (290ms)
		RebuildTransferFunctionScriptingTraits (0ms)
		AnalyzeDomain (20ms)
			TypeCache.Refresh (6ms)
				TypeCache.ScanAssembly (0ms)
			ScanForSourceGeneratedMonoScriptInfo (0ms)
			ResolveRequiredComponents (10ms)
	FinalizeReload (1155ms)
		ReleaseScriptCaches (0ms)
		RebuildScriptCaches (0ms)
		SetupLoadedEditorAssemblies (561ms)
			LogAssemblyErrors (0ms)
			InitializePlatformSupportModulesInManaged (7ms)
			SetLoadedEditorAssemblies (5ms)
			RefreshPlugins (0ms)
			BeforeProcessingInitializeOnLoad (69ms)
			ProcessInitializeOnLoadAttributes (431ms)
			ProcessInitializeOnLoadMethodAttributes (47ms)
			AfterProcessingInitializeOnLoad (2ms)
			EditorAssembliesLoaded (0ms)
		ExecutionOrderSort2 (0ms)
		AwakeInstancesAfterBackupRestoration (10ms)
Refreshing native plugins compatible for Editor in 26.73 ms, found 9 plugins.
Preloading 0 native plugins for Editor in 0.00 ms.
Unloading 4470 Unused Serialized files (Serialized files now loaded: 0)
Unloading 61 unused Assets / (50.9 KB). Loaded Objects now: 5126.
Memory consumption went from 167.7 MB to 167.6 MB.
Total: 6.117800 ms (FindLiveObjects: 0.656400 ms CreateObjectMapping: 0.477900 ms MarkObjects: 4.813500 ms  DeleteObjects: 0.168500 ms)

Prepare: number of updated asset objects reloaded= 0
AssetImportParameters requested are different than current active one (requested -> active):
  custom:container-demuxer-ogg: 62fdf1f143b41e24485cea50d1cbac27 -> 
  custom:video-codec-MediaFoundation-h265: 746d11721c4dcdbdad8f713fa42b33f4 -> 
  custom:video-decoder-ogg-theora: a1e56fd34408186e4bbccfd4996cb3dc -> 
  custom:framework-win-MediaFoundation: 216162199b28c13a410421893ffa2e32 -> 
  custom:scripting/monoscript/fileName/DisconnectOnGrab.cs: b6d535f14de0b54fc350dbde59139bca -> 829cd3f79b470f7b924c00f819c10ca8
  custom:CustomObjectIndexerAttribute: 9a22284fe3817be447336de3de66b15e -> 
  custom:scripting/monoscript/fileName/SocketChecker.cs: 81e2c6ae821d2f82fca4ae7f488fee82 -> 11eea032f05868895a3d7bd31e5112c8
  custom:container-demuxer-webm: 4f35f7cbe854078d1ac9338744f61a02 -> 
  custom:container-muxer-webm: aa71ff27fc2769a1b78a27578f13a17b -> 
  custom:video-decoder-webm-vp8: 9c59270c3fd7afecdb556c50c9e8de78 -> 
  custom:scripting/monoscript/fileName/ObjectConnector.cs: b6889c6d7c3a3d07a33c3997b113a4de -> 27ec08e04caab7342e1ebf9ebffa40c1
  custom:SearchIndexIgnoredProperties: e643bd26f0fe6173181afceb89e7c659 -> 
  custom:AudioImporter_EditorPlatform: d09bf68614088b80899f8185d706f6e7 -> 
  custom:video-encoder-webm-vp8: eb34c28f22e8b96e1ab97ce403110664 -> 
  custom:scripting/monoscript/fileName/BasketTrigger.cs: aa00535640a464914bb19856add306dc -> 48c5e4ba96c9f234beae8838e152e959
  custom:audio-decoder-ogg-vorbis: bf7c407c2cedff20999df2af8eb42d56 -> 
  custom:audio-encoder-webm-vorbis: bf7c407c2cedff20999df2af8eb42d56 -> 
  custom:scripting/monoscript/fileName/ScoreManager.cs: 8bf37ad2a0e5ee64fa29f25e7049ed24 -> 2117df56b7ba23abd331d761e713022a
  custom:scripting/monoscript/fileName/BasketTriggerObject.cs: 9b05c554f29a11072e71a667da6ed2cb -> 
========================================================================
Received Prepare
Begin MonoManager ReloadAssembly
- Loaded All Assemblies, in  0.432 seconds
Refreshing native plugins compatible for Editor in 11.07 ms, found 9 plugins.
Native extension for WindowsStandalone target not found
[Package Manager] Server::EnsureServerProcessIsRunning -- launch failed, reason: Unity was launched with the -noUpm command-line argument
[Package Manager] UpmClient::Send -- Unable to send message (not connected to UPM process).
[Package Manager] Cannot connect to Unity Package Manager local server
Mono: successfully reloaded assembly
[Package Manager] Server::EnsureServerProcessIsRunning -- launch failed, reason: Unity was launched with the -noUpm command-line argument
[Package Manager] UpmClient::Send -- Unable to send message (not connected to UPM process).
[Package Manager] Cannot connect to Unity Package Manager local server
- Finished resetting the current domain, in  1.125 seconds
Domain Reload Profiling: 1557ms
	BeginReloadAssembly (161ms)
		ExecutionOrderSort (0ms)
		DisableScriptedObjects (4ms)
		BackupInstance (0ms)
		ReleaseScriptingObjects (0ms)
		CreateAndSetChildDomain (32ms)
	RebuildCommonClasses (33ms)
	RebuildNativeTypeToScriptingClass (12ms)
	initialDomainReloadingComplete (24ms)
	LoadAllAssembliesAndSetupDomain (202ms)
		LoadAssemblies (281ms)
		RebuildTransferFunctionScriptingTraits (0ms)
		AnalyzeDomain (16ms)
			TypeCache.Refresh (6ms)
				TypeCache.ScanAssembly (0ms)
			ScanForSourceGeneratedMonoScriptInfo (0ms)
			ResolveRequiredComponents (7ms)
	FinalizeReload (1126ms)
		ReleaseScriptCaches (0ms)
		RebuildScriptCaches (0ms)
		SetupLoadedEditorAssemblies (580ms)
			LogAssemblyErrors (0ms)
			InitializePlatformSupportModulesInManaged (5ms)
			SetLoadedEditorAssemblies (5ms)
			RefreshPlugins (0ms)
			BeforeProcessingInitializeOnLoad (67ms)
			ProcessInitializeOnLoadAttributes (457ms)
			ProcessInitializeOnLoadMethodAttributes (44ms)
			AfterProcessingInitializeOnLoad (2ms)
			EditorAssembliesLoaded (0ms)
		ExecutionOrderSort2 (0ms)
		AwakeInstancesAfterBackupRestoration (9ms)
Refreshing native plugins compatible for Editor in 25.99 ms, found 9 plugins.
Preloading 0 native plugins for Editor in 0.00 ms.
Unloading 4470 Unused Serialized files (Serialized files now loaded: 0)
Unloading 61 unused Assets / (50.7 KB). Loaded Objects now: 5130.
Memory consumption went from 167.7 MB to 167.6 MB.
Total: 5.096000 ms (FindLiveObjects: 0.366100 ms CreateObjectMapping: 0.269600 ms MarkObjects: 4.341500 ms  DeleteObjects: 0.117100 ms)

Prepare: number of updated asset objects reloaded= 0
AssetImportParameters requested are different than current active one (requested -> active):
  custom:container-demuxer-ogg: 62fdf1f143b41e24485cea50d1cbac27 -> 
  custom:video-codec-MediaFoundation-h265: 746d11721c4dcdbdad8f713fa42b33f4 -> 
  custom:video-decoder-ogg-theora: a1e56fd34408186e4bbccfd4996cb3dc -> 
  custom:framework-win-MediaFoundation: 216162199b28c13a410421893ffa2e32 -> 
  custom:scripting/monoscript/fileName/DisconnectOnGrab.cs: b6d535f14de0b54fc350dbde59139bca -> 829cd3f79b470f7b924c00f819c10ca8
  custom:CustomObjectIndexerAttribute: 9a22284fe3817be447336de3de66b15e -> 
  custom:scripting/monoscript/fileName/SocketChecker.cs: 81e2c6ae821d2f82fca4ae7f488fee82 -> 11eea032f05868895a3d7bd31e5112c8
  custom:container-demuxer-webm: 4f35f7cbe854078d1ac9338744f61a02 -> 
  custom:container-muxer-webm: aa71ff27fc2769a1b78a27578f13a17b -> 
  custom:video-decoder-webm-vp8: 9c59270c3fd7afecdb556c50c9e8de78 -> 
  custom:scripting/monoscript/fileName/ObjectConnector.cs: b6889c6d7c3a3d07a33c3997b113a4de -> 27ec08e04caab7342e1ebf9ebffa40c1
  custom:SearchIndexIgnoredProperties: e643bd26f0fe6173181afceb89e7c659 -> 
  custom:AudioImporter_EditorPlatform: d09bf68614088b80899f8185d706f6e7 -> 
  custom:video-encoder-webm-vp8: eb34c28f22e8b96e1ab97ce403110664 -> 
  custom:scripting/monoscript/fileName/BasketTrigger.cs: aa00535640a464914bb19856add306dc -> 48c5e4ba96c9f234beae8838e152e959
  custom:audio-decoder-ogg-vorbis: bf7c407c2cedff20999df2af8eb42d56 -> 
  custom:audio-encoder-webm-vorbis: bf7c407c2cedff20999df2af8eb42d56 -> 
  custom:scripting/monoscript/fileName/ScoreManager.cs: 8bf37ad2a0e5ee64fa29f25e7049ed24 -> 2117df56b7ba23abd331d761e713022a
  custom:scripting/monoscript/fileName/BasketTriggerObject.cs: 9b05c554f29a11072e71a667da6ed2cb -> 
========================================================================
Received Import Request.
  Time since last request: 732.810931 seconds.
  path: Assets/Product/textures/Mama(cup,top).jpg
  artifactKey: Guid(e448f75856e992346ba215133dd9ef29) Importer(815301076,1909f56bfc062723c751e8b465ee728b)
Start importing Assets/Product/textures/Mama(cup,top).jpg using Guid(e448f75856e992346ba215133dd9ef29) Importer(815301076,1909f56bfc062723c751e8b465ee728b)  -> (artifact id: '398a04325c5ed9ac9c91b5cda94980d5') in 0.095083 seconds
Number of updated asset objects reloaded before import = 0
Number of asset objects unloaded after import = 2
========================================================================
Received Import Request.
  Time since last request: 74.164791 seconds.
  path: Assets/Samples/XR Interaction Toolkit/2.5.4/Starter Assets/Models/XRControllerRight.fbx
  artifactKey: Guid(11cd62256b1d470f922b2c8e6446cc77) Importer(815301076,1909f56bfc062723c751e8b465ee728b)
Start importing Assets/Samples/XR Interaction Toolkit/2.5.4/Starter Assets/Models/XRControllerRight.fbx using Guid(11cd62256b1d470f922b2c8e6446cc77) Importer(815301076,1909f56bfc062723c751e8b465ee728b)  -> (artifact id: '26e933a76660e39ecc00334231a8949c') in 0.195390 seconds
Number of updated asset objects reloaded before import = 0
Number of asset objects unloaded after import = 52
========================================================================
Received Import Request.
  Time since last request: 0.478392 seconds.
  path: Assets/SimplePoly City - Low Poly Assets/Materials/Props_RoofProps.mat
  artifactKey: Guid(9e031cf10ecdeb64486f21e9f55ffcfd) Importer(815301076,1909f56bfc062723c751e8b465ee728b)
Start importing Assets/SimplePoly City - Low Poly Assets/Materials/Props_RoofProps.mat using Guid(9e031cf10ecdeb64486f21e9f55ffcfd) Importer(815301076,1909f56bfc062723c751e8b465ee728b)  -> (artifact id: '49c5496a3dd100a7ba3c10fe67172458') in 0.020303 seconds
Number of updated asset objects reloaded before import = 0
Number of asset objects unloaded after import = 2
========================================================================
Received Import Request.
  Time since last request: 0.000019 seconds.
  path: Assets/ModularFirstPersonController/DemoScene/Gridbox Prototype Materials/Resources/Materials/Prototype Grid/Prototype_512x512_Grey3.mat
  artifactKey: Guid(17c44fb3e5be9644586a0728a5f5a386) Importer(815301076,1909f56bfc062723c751e8b465ee728b)
Start importing Assets/ModularFirstPersonController/DemoScene/Gridbox Prototype Materials/Resources/Materials/Prototype Grid/Prototype_512x512_Grey3.mat using Guid(17c44fb3e5be9644586a0728a5f5a386) Importer(815301076,1909f56bfc062723c751e8b465ee728b)  -> (artifact id: '90aa1dbe51cdafe6da4a762b160676ab') in 0.066234 seconds
Number of updated asset objects reloaded before import = 0
Number of asset objects unloaded after import = 2
========================================================================
Received Import Request.
  Time since last request: 0.000022 seconds.
  path: Assets/ModularFirstPersonController/DemoScene/Gridbox Prototype Materials/Resources/Materials/Prototype Grid/Prototype_512x512_Grey2.mat
  artifactKey: Guid(07dc66ae04b7f6a43b9674bf0fefb33a) Importer(815301076,1909f56bfc062723c751e8b465ee728b)
Start importing Assets/ModularFirstPersonController/DemoScene/Gridbox Prototype Materials/Resources/Materials/Prototype Grid/Prototype_512x512_Grey2.mat using Guid(07dc66ae04b7f6a43b9674bf0fefb33a) Importer(815301076,1909f56bfc062723c751e8b465ee728b)  -> (artifact id: '32c4a5a9d8ab3379108f143f8bd5fa68') in 0.021081 seconds
Number of updated asset objects reloaded before import = 0
Number of asset objects unloaded after import = 2
========================================================================
Received Import Request.
  Time since last request: 0.000020 seconds.
  path: Assets/ModularFirstPersonController/DemoScene/Gridbox Prototype Materials/Resources/Materials/Prototype Grid/Prototype_512x512_Blue1.mat
  artifactKey: Guid(663834164c6a04740aaa1b778249ce7e) Importer(815301076,1909f56bfc062723c751e8b465ee728b)
Start importing Assets/ModularFirstPersonController/DemoScene/Gridbox Prototype Materials/Resources/Materials/Prototype Grid/Prototype_512x512_Blue1.mat using Guid(663834164c6a04740aaa1b778249ce7e) Importer(815301076,1909f56bfc062723c751e8b465ee728b)  -> (artifact id: 'fc2dc4ca300ffbfdef2b206778634efa') in 0.017740 seconds
Number of updated asset objects reloaded before import = 0
Number of asset objects unloaded after import = 2
========================================================================
Received Import Request.
  Time since last request: 0.000018 seconds.
  path: Assets/ModularFirstPersonController/DemoScene/Gridbox Prototype Materials/Resources/Materials/Prototype Grid/Prototype_512x512_Grey4.mat
  artifactKey: Guid(8d530ffe6c4968843806085897955b9d) Importer(815301076,1909f56bfc062723c751e8b465ee728b)
Start importing Assets/ModularFirstPersonController/DemoScene/Gridbox Prototype Materials/Resources/Materials/Prototype Grid/Prototype_512x512_Grey4.mat using Guid(8d530ffe6c4968843806085897955b9d) Importer(815301076,1909f56bfc062723c751e8b465ee728b)  -> (artifact id: '235484ac71d4f06ab74fe81554d82430') in 0.023063 seconds
Number of updated asset objects reloaded before import = 0
Number of asset objects unloaded after import = 2
========================================================================
Received Import Request.
  Time since last request: 0.000021 seconds.
  path: Assets/ModularFirstPersonController/DemoScene/Gridbox Prototype Materials/Resources/Materials/Prototype Grid/Prototype_512x512_Blue3.mat
  artifactKey: Guid(b0b4de3bd6e976e4f8b3adc6e72377ed) Importer(815301076,1909f56bfc062723c751e8b465ee728b)
Start importing Assets/ModularFirstPersonController/DemoScene/Gridbox Prototype Materials/Resources/Materials/Prototype Grid/Prototype_512x512_Blue3.mat using Guid(b0b4de3bd6e976e4f8b3adc6e72377ed) Importer(815301076,1909f56bfc062723c751e8b465ee728b)  -> (artifact id: 'c31758b2c756e781c8c3c1263a6b9c40') in 0.021524 seconds
Number of updated asset objects reloaded before import = 0
Number of asset objects unloaded after import = 2
========================================================================
Received Import Request.
  Time since last request: 0.000036 seconds.
  path: Assets/SimplePoly City - Low Poly Assets/Materials/Props_TrafficProps.mat
  artifactKey: Guid(0ea03c6aa98d5224cb797d69c8ef34ca) Importer(815301076,1909f56bfc062723c751e8b465ee728b)
Start importing Assets/SimplePoly City - Low Poly Assets/Materials/Props_TrafficProps.mat using Guid(0ea03c6aa98d5224cb797d69c8ef34ca) Importer(815301076,1909f56bfc062723c751e8b465ee728b)  -> (artifact id: '6419a4b83fae750eda7967f9d88b3b53') in 0.022446 seconds
Number of updated asset objects reloaded before import = 0
Number of asset objects unloaded after import = 2
========================================================================
Received Import Request.
  Time since last request: 6.446671 seconds.
  path: Assets/ModularFirstPersonController/DemoScene/Gridbox Prototype Materials/Resources/Materials/Prototype Grid/Prototype_512x512_Red.mat
  artifactKey: Guid(5a26de236ce89e94b963be8fa2b7ade6) Importer(815301076,1909f56bfc062723c751e8b465ee728b)
Start importing Assets/ModularFirstPersonController/DemoScene/Gridbox Prototype Materials/Resources/Materials/Prototype Grid/Prototype_512x512_Red.mat using Guid(5a26de236ce89e94b963be8fa2b7ade6) Importer(815301076,1909f56bfc062723c751e8b465ee728b)  -> (artifact id: '08a99b1f69159535be69eb9e8f25b630') in 0.021329 seconds
Number of updated asset objects reloaded before import = 0
Number of asset objects unloaded after import = 2
========================================================================
Received Import Request.
  Time since last request: 0.000023 seconds.
  path: Assets/TextMesh Pro/Examples & Extras/Resources/Fonts & Materials/Roboto-Bold SDF - Surface.mat
  artifactKey: Guid(e6b276ec991f467aa14ef1f3cc665993) Importer(815301076,1909f56bfc062723c751e8b465ee728b)
Start importing Assets/TextMesh Pro/Examples & Extras/Resources/Fonts & Materials/Roboto-Bold SDF - Surface.mat using Guid(e6b276ec991f467aa14ef1f3cc665993) Importer(815301076,1909f56bfc062723c751e8b465ee728b)  -> (artifact id: 'b33f374a557e5b14626aace8df20a33a') in 0.118341 seconds
Number of updated asset objects reloaded before import = 0
Number of asset objects unloaded after import = 2
Editor requested this worker to shutdown with reason: Scaling down because of idle timeout
TcpMessagingSession - receive error: operation aborted. errorcode: 995, details: The I/O operation has been aborted because of either a thread exit or an application request.
AssetImportWorker is now disconnected from the server
Process exiting
Exiting without the bug reporter. Application will terminate with return code 0