Using pre-set license
Built from '2022.3/staging' branch; Version is '2022.3.27f1 (73effa14754f) revision 7598074'; Using compiler version '192829333'; Build Type 'Release'
OS: 'Windows 11  (10.0.26100) 64bit CoreSingleLanguage' Language: 'en' Physical Memory: 16004 MB
BatchMode: 1, IsHumanControllingUs: 0, StartBugReporterOnCrash: 0, Is64bit: 1, IsPro: 1

COMMAND LINE ARGUMENTS:
E:\Unity\Hub\2022.3.27f1\Editor\Unity.exe
-adb2
-batchMode
-noUpm
-name
AssetImportWorker4
-projectPath
E:/ProjectGame/VR-for-Product-Placement-Simulation-1
-logFile
Logs/AssetImportWorker4.log
-srvPort
49401
Successfully changed project path to: E:/ProjectGame/VR-for-Product-Placement-Simulation-1
E:/ProjectGame/VR-for-Product-Placement-Simulation-1
[UnityMemory] Configuration Parameters - Can be set up in boot.config
    "memorysetup-bucket-allocator-granularity=16"
    "memorysetup-bucket-allocator-bucket-count=8"
    "memorysetup-bucket-allocator-block-size=33554432"
    "memorysetup-bucket-allocator-block-count=8"
    "memorysetup-main-allocator-block-size=16777216"
    "memorysetup-thread-allocator-block-size=16777216"
    "memorysetup-gfx-main-allocator-block-size=16777216"
    "memorysetup-gfx-thread-allocator-block-size=16777216"
    "memorysetup-cache-allocator-block-size=4194304"
    "memorysetup-typetree-allocator-block-size=2097152"
    "memorysetup-profiler-bucket-allocator-granularity=16"
    "memorysetup-profiler-bucket-allocator-bucket-count=8"
    "memorysetup-profiler-bucket-allocator-block-size=33554432"
    "memorysetup-profiler-bucket-allocator-block-count=8"
    "memorysetup-profiler-allocator-block-size=16777216"
    "memorysetup-profiler-editor-allocator-block-size=1048576"
    "memorysetup-temp-allocator-size-main=16777216"
    "memorysetup-job-temp-allocator-block-size=2097152"
    "memorysetup-job-temp-allocator-block-size-background=1048576"
    "memorysetup-job-temp-allocator-reduction-small-platforms=262144"
    "memorysetup-allocator-temp-initial-block-size-main=262144"
    "memorysetup-allocator-temp-initial-block-size-worker=262144"
    "memorysetup-temp-allocator-size-background-worker=32768"
    "memorysetup-temp-allocator-size-job-worker=262144"
    "memorysetup-temp-allocator-size-preload-manager=33554432"
    "memorysetup-temp-allocator-size-nav-mesh-worker=65536"
    "memorysetup-temp-allocator-size-audio-worker=65536"
    "memorysetup-temp-allocator-size-cloud-worker=32768"
    "memorysetup-temp-allocator-size-gi-baking-worker=262144"
    "memorysetup-temp-allocator-size-gfx=262144"
Player connection [16048] Host "[IP] 192.168.56.1 [Port] 0 [Flags] 2 [Guid] 1423506505 [EditorId] 1423506505 [Version] 1048832 [Id] WindowsEditor(7,LAPTOP-6KDHL29O) [Debug] 1 [PackageName] WindowsEditor [ProjectName] Editor" joined multi-casting on [225.0.0.222:54997]...

Player connection [16048] Host "[IP] 192.168.56.1 [Port] 0 [Flags] 2 [Guid] 1423506505 [EditorId] 1423506505 [Version] 1048832 [Id] WindowsEditor(7,LAPTOP-6KDHL29O) [Debug] 1 [PackageName] WindowsEditor [ProjectName] Editor" joined alternative multi-casting on [225.0.0.222:34997]...

[Physics::Module] Initialized MultithreadedJobDispatcher with 11 workers.
Refreshing native plugins compatible for Editor in 30.23 ms, found 9 plugins.
Preloading 0 native plugins for Editor in 0.00 ms.
Initialize engine version: 2022.3.27f1 (73effa14754f)
[Subsystems] Discovering subsystems at path E:/Unity/Hub/2022.3.27f1/Editor/Data/Resources/UnitySubsystems
[Subsystems] Discovering subsystems at path E:/ProjectGame/VR-for-Product-Placement-Simulation-1/Assets
GfxDevice: creating device client; threaded=0; jobified=0
Direct3D:
    Version:  Direct3D 11.0 [level 11.1]
    Renderer: NVIDIA GeForce RTX 3050 Laptop GPU (ID=0x25a2)
    Vendor:   NVIDIA
    VRAM:     3964 MB
    Driver:   32.0.15.7688
Initialize mono
Mono path[0] = 'E:/Unity/Hub/2022.3.27f1/Editor/Data/Managed'
Mono path[1] = 'E:/Unity/Hub/2022.3.27f1/Editor/Data/MonoBleedingEdge/lib/mono/unityjit-win32'
Mono config path = 'E:/Unity/Hub/2022.3.27f1/Editor/Data/MonoBleedingEdge/etc'
Using monoOptions --debugger-agent=transport=dt_socket,embedding=1,server=y,suspend=n,address=127.0.0.1:56284
Begin MonoManager ReloadAssembly
Registering precompiled unity dll's ...
Register platform support module: E:/Unity/Hub/2022.3.27f1/Editor/Data/PlaybackEngines/WindowsStandaloneSupport/UnityEditor.WindowsStandalone.Extensions.dll
Registered in 0.003227 seconds.
- Loaded All Assemblies, in  0.432 seconds
Native extension for WindowsStandalone target not found
Mono: successfully reloaded assembly
- Finished resetting the current domain, in  0.370 seconds
Domain Reload Profiling: 803ms
	BeginReloadAssembly (142ms)
		ExecutionOrderSort (0ms)
		DisableScriptedObjects (0ms)
		BackupInstance (0ms)
		ReleaseScriptingObjects (0ms)
		CreateAndSetChildDomain (1ms)
	RebuildCommonClasses (45ms)
	RebuildNativeTypeToScriptingClass (12ms)
	initialDomainReloadingComplete (61ms)
	LoadAllAssembliesAndSetupDomain (173ms)
		LoadAssemblies (141ms)
		RebuildTransferFunctionScriptingTraits (0ms)
		AnalyzeDomain (170ms)
			TypeCache.Refresh (168ms)
				TypeCache.ScanAssembly (153ms)
			ScanForSourceGeneratedMonoScriptInfo (0ms)
			ResolveRequiredComponents (1ms)
	FinalizeReload (371ms)
		ReleaseScriptCaches (0ms)
		RebuildScriptCaches (0ms)
		SetupLoadedEditorAssemblies (301ms)
			LogAssemblyErrors (0ms)
			InitializePlatformSupportModulesInManaged (10ms)
			SetLoadedEditorAssemblies (10ms)
			RefreshPlugins (0ms)
			BeforeProcessingInitializeOnLoad (3ms)
			ProcessInitializeOnLoadAttributes (212ms)
			ProcessInitializeOnLoadMethodAttributes (65ms)
			AfterProcessingInitializeOnLoad (0ms)
			EditorAssembliesLoaded (0ms)
		ExecutionOrderSort2 (0ms)
		AwakeInstancesAfterBackupRestoration (0ms)
========================================================================
Worker process is ready to serve import requests
Begin MonoManager ReloadAssembly
- Loaded All Assemblies, in  0.832 seconds
Refreshing native plugins compatible for Editor in 16.82 ms, found 9 plugins.
Native extension for WindowsStandalone target not found
Package Manager log level set to [2]
[Package Manager] Server::EnsureServerProcessIsRunning -- launch failed, reason: Unity was launched with the -noUpm command-line argument
[Package Manager] UpmClient::Send -- Unable to send message (not connected to UPM process).
[Package Manager] Cannot connect to Unity Package Manager local server
Mono: successfully reloaded assembly
[Package Manager] Server::EnsureServerProcessIsRunning -- launch failed, reason: Unity was launched with the -noUpm command-line argument
[Package Manager] UpmClient::Send -- Unable to send message (not connected to UPM process).
[Package Manager] Cannot connect to Unity Package Manager local server
[Package Manager] Server::EnsureServerProcessIsRunning -- launch failed, reason: Unity was launched with the -noUpm command-line argument
[Package Manager] UpmClient::Send -- Unable to send message (not connected to UPM process).
[Package Manager] Cannot connect to Unity Package Manager local server
- Finished resetting the current domain, in  0.951 seconds
Domain Reload Profiling: 1782ms
	BeginReloadAssembly (176ms)
		ExecutionOrderSort (0ms)
		DisableScriptedObjects (5ms)
		BackupInstance (0ms)
		ReleaseScriptingObjects (0ms)
		CreateAndSetChildDomain (20ms)
	RebuildCommonClasses (41ms)
	RebuildNativeTypeToScriptingClass (11ms)
	initialDomainReloadingComplete (50ms)
	LoadAllAssembliesAndSetupDomain (554ms)
		LoadAssemblies (405ms)
		RebuildTransferFunctionScriptingTraits (0ms)
		AnalyzeDomain (268ms)
			TypeCache.Refresh (228ms)
				TypeCache.ScanAssembly (206ms)
			ScanForSourceGeneratedMonoScriptInfo (29ms)
			ResolveRequiredComponents (9ms)
	FinalizeReload (951ms)
		ReleaseScriptCaches (0ms)
		RebuildScriptCaches (0ms)
		SetupLoadedEditorAssemblies (722ms)
			LogAssemblyErrors (0ms)
			InitializePlatformSupportModulesInManaged (7ms)
			SetLoadedEditorAssemblies (7ms)
			RefreshPlugins (0ms)
			BeforeProcessingInitializeOnLoad (90ms)
			ProcessInitializeOnLoadAttributes (551ms)
			ProcessInitializeOnLoadMethodAttributes (64ms)
			AfterProcessingInitializeOnLoad (2ms)
			EditorAssembliesLoaded (0ms)
		ExecutionOrderSort2 (0ms)
		AwakeInstancesAfterBackupRestoration (8ms)
Launched and connected shader compiler UnityShaderCompiler.exe after 0.07 seconds
Refreshing native plugins compatible for Editor in 25.22 ms, found 9 plugins.
Preloading 0 native plugins for Editor in 0.00 ms.
Unloading 4500 Unused Serialized files (Serialized files now loaded: 0)
Unloading 82 unused Assets / (49.4 KB). Loaded Objects now: 5003.
Memory consumption went from 168.0 MB to 167.9 MB.
Total: 5.373300 ms (FindLiveObjects: 0.389700 ms CreateObjectMapping: 0.302500 ms MarkObjects: 4.520000 ms  DeleteObjects: 0.159200 ms)

AssetImportParameters requested are different than current active one (requested -> active):
  custom:container-demuxer-ogg: 62fdf1f143b41e24485cea50d1cbac27 -> 
  custom:video-codec-MediaFoundation-h265: 746d11721c4dcdbdad8f713fa42b33f4 -> 
  custom:video-decoder-ogg-theora: a1e56fd34408186e4bbccfd4996cb3dc -> 
  custom:framework-win-MediaFoundation: 216162199b28c13a410421893ffa2e32 -> 
  custom:scripting/monoscript/fileName/DisconnectOnGrab.cs: b6d535f14de0b54fc350dbde59139bca -> 829cd3f79b470f7b924c00f819c10ca8
  custom:CustomObjectIndexerAttribute: 9a22284fe3817be447336de3de66b15e -> 
  custom:scripting/monoscript/fileName/SocketChecker.cs: 81e2c6ae821d2f82fca4ae7f488fee82 -> 11eea032f05868895a3d7bd31e5112c8
  custom:container-demuxer-webm: 4f35f7cbe854078d1ac9338744f61a02 -> 
  custom:container-muxer-webm: aa71ff27fc2769a1b78a27578f13a17b -> 
  custom:video-decoder-webm-vp8: 9c59270c3fd7afecdb556c50c9e8de78 -> 
  custom:scripting/monoscript/fileName/ObjectConnector.cs: b6889c6d7c3a3d07a33c3997b113a4de -> 27ec08e04caab7342e1ebf9ebffa40c1
  custom:SearchIndexIgnoredProperties: e643bd26f0fe6173181afceb89e7c659 -> 
  custom:AudioImporter_EditorPlatform: d09bf68614088b80899f8185d706f6e7 -> 
  custom:video-encoder-webm-vp8: eb34c28f22e8b96e1ab97ce403110664 -> 
  custom:scripting/monoscript/fileName/BasketTrigger.cs: aa00535640a464914bb19856add306dc -> 48c5e4ba96c9f234beae8838e152e959
  custom:audio-decoder-ogg-vorbis: bf7c407c2cedff20999df2af8eb42d56 -> 
  custom:audio-encoder-webm-vorbis: bf7c407c2cedff20999df2af8eb42d56 -> 
  custom:scripting/monoscript/fileName/ScoreManager.cs: 8bf37ad2a0e5ee64fa29f25e7049ed24 -> 2117df56b7ba23abd331d761e713022a
  custom:scripting/monoscript/fileName/BasketTriggerObject.cs: 9b05c554f29a11072e71a667da6ed2cb -> 
========================================================================
Received Import Request.
  Time since last request: 262006.896959 seconds.
  path: Assets/Samples/XR Interaction Toolkit/2.5.4/XR Device Simulator/UI/Hands/Hand_Pinch.png
  artifactKey: Guid(a6721511441c05a43964dac58584c890) Importer(815301076,1909f56bfc062723c751e8b465ee728b)
Start importing Assets/Samples/XR Interaction Toolkit/2.5.4/XR Device Simulator/UI/Hands/Hand_Pinch.png using Guid(a6721511441c05a43964dac58584c890) Importer(815301076,1909f56bfc062723c751e8b465ee728b)  -> (artifact id: '887530264d3555cee36d4d9e932f8c7a') in 0.155940 seconds
Number of updated asset objects reloaded before import = 0
Number of asset objects unloaded after import = 3
========================================================================
Received Import Request.
  Time since last request: 0.000027 seconds.
  path: Assets/Samples/XR Interaction Toolkit/2.5.4/AR Starter Assets/ARDemoSceneAssets/Sprites/Icon - Object - Cylinder.png
  artifactKey: Guid(1c72e2211b1ba47d7baf8d6ee5a5daf5) Importer(815301076,1909f56bfc062723c751e8b465ee728b)
Start importing Assets/Samples/XR Interaction Toolkit/2.5.4/AR Starter Assets/ARDemoSceneAssets/Sprites/Icon - Object - Cylinder.png using Guid(1c72e2211b1ba47d7baf8d6ee5a5daf5) Importer(815301076,1909f56bfc062723c751e8b465ee728b)  -> (artifact id: '0bfe5d7f778e4403c071f1c0ec99f4be') in 0.020414 seconds
Number of updated asset objects reloaded before import = 0
Number of asset objects unloaded after import = 3
========================================================================
Received Import Request.
  Time since last request: 0.000029 seconds.
  path: Assets/TextMesh Pro/Resources/Fonts & Materials/LiberationSans SDF - Fallback.asset
  artifactKey: Guid(2e498d1c8094910479dc3e1b768306a4) Importer(815301076,1909f56bfc062723c751e8b465ee728b)
Start importing Assets/TextMesh Pro/Resources/Fonts & Materials/LiberationSans SDF - Fallback.asset using Guid(2e498d1c8094910479dc3e1b768306a4) Importer(815301076,1909f56bfc062723c751e8b465ee728b)  -> (artifact id: '19995e0deb6bb6d3a8a7c291b0a7e453') in 0.075396 seconds
Number of updated asset objects reloaded before import = 0
Number of asset objects unloaded after import = 6
========================================================================
Received Import Request.
  Time since last request: 0.000033 seconds.
  path: Assets/SimplePoly City - Low Poly Assets/Textures/Props_BillBoard_small.png
  artifactKey: Guid(8d5a4d22644d8d048bc069c218d1c411) Importer(815301076,1909f56bfc062723c751e8b465ee728b)
Start importing Assets/SimplePoly City - Low Poly Assets/Textures/Props_BillBoard_small.png using Guid(8d5a4d22644d8d048bc069c218d1c411) Importer(815301076,1909f56bfc062723c751e8b465ee728b)  -> (artifact id: '4d0bda6fbdfd9e8fd06aee283b559dd0') in 0.016325 seconds
Number of updated asset objects reloaded before import = 0
Number of asset objects unloaded after import = 2
========================================================================
Received Import Request.
  Time since last request: 0.000046 seconds.
  path: Assets/Samples/XR Interaction Toolkit/2.5.4/XR Device Simulator/UI/Mouse/MouseMoveAround.png
  artifactKey: Guid(013811fdd48c040339e9adc40e692381) Importer(815301076,1909f56bfc062723c751e8b465ee728b)
Start importing Assets/Samples/XR Interaction Toolkit/2.5.4/XR Device Simulator/UI/Mouse/MouseMoveAround.png using Guid(013811fdd48c040339e9adc40e692381) Importer(815301076,1909f56bfc062723c751e8b465ee728b)  -> (artifact id: 'c8eaa32d371336515e7fa94cda8adbc7') in 0.019758 seconds
Number of updated asset objects reloaded before import = 0
Number of asset objects unloaded after import = 3
========================================================================
Received Import Request.
  Time since last request: 0.000036 seconds.
  path: Assets/Samples/XR Interaction Toolkit/2.5.4/AR Starter Assets/Textures/PlanePatternDot.png
  artifactKey: Guid(bad94c7c5841e4b1eac9ec60ccaacb61) Importer(815301076,1909f56bfc062723c751e8b465ee728b)
Start importing Assets/Samples/XR Interaction Toolkit/2.5.4/AR Starter Assets/Textures/PlanePatternDot.png using Guid(bad94c7c5841e4b1eac9ec60ccaacb61) Importer(815301076,1909f56bfc062723c751e8b465ee728b)  -> (artifact id: 'fc8b91fb052b4a3849bcf8b6a999379e') in 0.015650 seconds
Number of updated asset objects reloaded before import = 0
Number of asset objects unloaded after import = 2
========================================================================
Received Import Request.
  Time since last request: 0.000018 seconds.
  path: Assets/ModularFirstPersonController/DemoScene/Gridbox Prototype Materials/Resources/Textures/Prototype Grid/prototype_512x512_green1.png
  artifactKey: Guid(4967dfcee94bddd4ba1430cb6fa1f304) Importer(815301076,1909f56bfc062723c751e8b465ee728b)
Start importing Assets/ModularFirstPersonController/DemoScene/Gridbox Prototype Materials/Resources/Textures/Prototype Grid/prototype_512x512_green1.png using Guid(4967dfcee94bddd4ba1430cb6fa1f304) Importer(815301076,1909f56bfc062723c751e8b465ee728b)  -> (artifact id: '1394d31efb6c6741e778cf7f0e88ceeb') in 0.016572 seconds
Number of updated asset objects reloaded before import = 0
Number of asset objects unloaded after import = 2
========================================================================
Received Import Request.
  Time since last request: 0.000060 seconds.
  path: Assets/ModularFirstPersonController/DemoScene/Gridbox Prototype Materials/Resources/Textures/Prototype Grid/prototype_512x512_grey1.png
  artifactKey: Guid(dd29f35641da38647a1eeb1028211f1a) Importer(815301076,1909f56bfc062723c751e8b465ee728b)
Start importing Assets/ModularFirstPersonController/DemoScene/Gridbox Prototype Materials/Resources/Textures/Prototype Grid/prototype_512x512_grey1.png using Guid(dd29f35641da38647a1eeb1028211f1a) Importer(815301076,1909f56bfc062723c751e8b465ee728b)  -> (artifact id: 'c9a70e95012e6533b031f6b6b01aab54') in 0.016036 seconds
Number of updated asset objects reloaded before import = 0
Number of asset objects unloaded after import = 2
========================================================================
Received Import Request.
  Time since last request: 0.000017 seconds.
  path: Assets/ModularFirstPersonController/DemoScene/Gridbox Prototype Materials/Resources/Textures/Prototype Grid/prototype_512x512_cyan.png
  artifactKey: Guid(6c35396cb8128474a8a73c6b19f2fe1f) Importer(815301076,1909f56bfc062723c751e8b465ee728b)
Start importing Assets/ModularFirstPersonController/DemoScene/Gridbox Prototype Materials/Resources/Textures/Prototype Grid/prototype_512x512_cyan.png using Guid(6c35396cb8128474a8a73c6b19f2fe1f) Importer(815301076,1909f56bfc062723c751e8b465ee728b)  -> (artifact id: 'b16a44056ecc7d392e2cdd9187b2a8e4') in 0.015562 seconds
Number of updated asset objects reloaded before import = 0
Number of asset objects unloaded after import = 2
========================================================================
Received Import Request.
  Time since last request: 0.000019 seconds.
  path: Assets/ModularFirstPersonController/DemoScene/Gridbox Prototype Materials/Resources/Textures/Prototype Grid/prototype_512x512_orange.png
  artifactKey: Guid(fe3e0a556829be24bb87c912d79e872d) Importer(815301076,1909f56bfc062723c751e8b465ee728b)
Start importing Assets/ModularFirstPersonController/DemoScene/Gridbox Prototype Materials/Resources/Textures/Prototype Grid/prototype_512x512_orange.png using Guid(fe3e0a556829be24bb87c912d79e872d) Importer(815301076,1909f56bfc062723c751e8b465ee728b)  -> (artifact id: 'd4b868b72e9ff42f20e48495367eae8b') in 0.017087 seconds
Number of updated asset objects reloaded before import = 0
Number of asset objects unloaded after import = 2
========================================================================
Received Import Request.
  Time since last request: 0.000019 seconds.
  path: Assets/ModularFirstPersonController/DemoScene/Gridbox Prototype Materials/Resources/Textures/Prototype Grid/prototype_512x512_red.png
  artifactKey: Guid(3d6064e2e1cd7214e9f67f3a68f494fb) Importer(815301076,1909f56bfc062723c751e8b465ee728b)
Start importing Assets/ModularFirstPersonController/DemoScene/Gridbox Prototype Materials/Resources/Textures/Prototype Grid/prototype_512x512_red.png using Guid(3d6064e2e1cd7214e9f67f3a68f494fb) Importer(815301076,1909f56bfc062723c751e8b465ee728b)  -> (artifact id: '061eb09dd46c084da4bbd7b90d37306d') in 0.015618 seconds
Number of updated asset objects reloaded before import = 0
Number of asset objects unloaded after import = 2
========================================================================
Received Import Request.
  Time since last request: 0.000021 seconds.
  path: Assets/Samples/XR Interaction Toolkit/2.5.4/XR Device Simulator/UI/General/Locked.png
  artifactKey: Guid(3aad042fcb57b4bed9d9a46b932df060) Importer(815301076,1909f56bfc062723c751e8b465ee728b)
Start importing Assets/Samples/XR Interaction Toolkit/2.5.4/XR Device Simulator/UI/General/Locked.png using Guid(3aad042fcb57b4bed9d9a46b932df060) Importer(815301076,1909f56bfc062723c751e8b465ee728b)  -> (artifact id: '9e7b4b13de792ca97e37596188d79781') in 0.022551 seconds
Number of updated asset objects reloaded before import = 0
Number of asset objects unloaded after import = 3
========================================================================
Received Import Request.
  Time since last request: 0.000029 seconds.
  path: Assets/ModularFirstPersonController/DemoScene/Gridbox Prototype Materials/Resources/Textures/Prototype Grid/prototype_512x512_blue1.png
  artifactKey: Guid(44cced520ecfd9f4292979a4fe8268c4) Importer(815301076,1909f56bfc062723c751e8b465ee728b)
Start importing Assets/ModularFirstPersonController/DemoScene/Gridbox Prototype Materials/Resources/Textures/Prototype Grid/prototype_512x512_blue1.png using Guid(44cced520ecfd9f4292979a4fe8268c4) Importer(815301076,1909f56bfc062723c751e8b465ee728b)  -> (artifact id: '21e77412ecd0544acd417a9d039ac034') in 0.019048 seconds
Number of updated asset objects reloaded before import = 0
Number of asset objects unloaded after import = 2
========================================================================
Received Import Request.
  Time since last request: 0.000027 seconds.
  path: Assets/Samples/XR Interaction Toolkit/2.5.4/XR Device Simulator/UI/Mouse/MouseR.png
  artifactKey: Guid(14e910c1fb9c7514a8106ffd25f1d892) Importer(815301076,1909f56bfc062723c751e8b465ee728b)
Start importing Assets/Samples/XR Interaction Toolkit/2.5.4/XR Device Simulator/UI/Mouse/MouseR.png using Guid(14e910c1fb9c7514a8106ffd25f1d892) Importer(815301076,1909f56bfc062723c751e8b465ee728b)  -> (artifact id: 'a02b5eb9939d4c657c7fcb14b4781d27') in 0.021902 seconds
Number of updated asset objects reloaded before import = 0
Number of asset objects unloaded after import = 3
========================================================================
Received Import Request.
  Time since last request: 0.057227 seconds.
  path: Assets/SimplePoly City - Low Poly Assets/Textures/Road.png
  artifactKey: Guid(444693aeef5a3f147a427cade2b02400) Importer(815301076,1909f56bfc062723c751e8b465ee728b)
Start importing Assets/SimplePoly City - Low Poly Assets/Textures/Road.png using Guid(444693aeef5a3f147a427cade2b02400) Importer(815301076,1909f56bfc062723c751e8b465ee728b)  -> (artifact id: 'bf453bdb9302937d69dc443dc1938230') in 0.024361 seconds
Number of updated asset objects reloaded before import = 0
Number of asset objects unloaded after import = 2
========================================================================
Received Import Request.
  Time since last request: 0.000132 seconds.
  path: Assets/Samples/XR Interaction Toolkit/2.5.4/Starter Assets/DemoSceneAssets/Sprites/Round Radius 4 Outline.png
  artifactKey: Guid(b7bad1260586fa746a0b67e930892936) Importer(815301076,1909f56bfc062723c751e8b465ee728b)
Start importing Assets/Samples/XR Interaction Toolkit/2.5.4/Starter Assets/DemoSceneAssets/Sprites/Round Radius 4 Outline.png using Guid(b7bad1260586fa746a0b67e930892936) Importer(815301076,1909f56bfc062723c751e8b465ee728b)  -> (artifact id: 'c407725deb41dbbe8c9dcf663159e9b4') in 0.017769 seconds
Number of updated asset objects reloaded before import = 0
Number of asset objects unloaded after import = 3
========================================================================
Received Import Request.
  Time since last request: 0.000232 seconds.
  path: Assets/TextMesh Pro/Examples & Extras/Textures/Small Crate_diffuse.jpg
  artifactKey: Guid(602cb87b6a29443b8636370ea0751574) Importer(815301076,1909f56bfc062723c751e8b465ee728b)
Start importing Assets/TextMesh Pro/Examples & Extras/Textures/Small Crate_diffuse.jpg using Guid(602cb87b6a29443b8636370ea0751574) Importer(815301076,1909f56bfc062723c751e8b465ee728b)  -> (artifact id: 'd5ff7c597dac7564e20d9d228fa706f1') in 0.016381 seconds
Number of updated asset objects reloaded before import = 0
Number of asset objects unloaded after import = 2
========================================================================
Received Import Request.
  Time since last request: 0.000027 seconds.
  path: Assets/TextMesh Pro/Examples & Extras/Textures/Sunny Days - Seamless.jpg
  artifactKey: Guid(17c350171f7a3ca479f830547c66d187) Importer(815301076,1909f56bfc062723c751e8b465ee728b)
Start importing Assets/TextMesh Pro/Examples & Extras/Textures/Sunny Days - Seamless.jpg using Guid(17c350171f7a3ca479f830547c66d187) Importer(815301076,1909f56bfc062723c751e8b465ee728b)  -> (artifact id: '7da449cdf4314e2bba7d077595691a27') in 0.017871 seconds
Number of updated asset objects reloaded before import = 0
Number of asset objects unloaded after import = 2
========================================================================
Received Import Request.
  Time since last request: 0.000019 seconds.
  path: Assets/TextMesh Pro/Examples & Extras/Textures/Text Overflow - Linked Text Image 1.png
  artifactKey: Guid(4ccf43d26c4748c792174516f4a8fcef) Importer(815301076,1909f56bfc062723c751e8b465ee728b)
Start importing Assets/TextMesh Pro/Examples & Extras/Textures/Text Overflow - Linked Text Image 1.png using Guid(4ccf43d26c4748c792174516f4a8fcef) Importer(815301076,1909f56bfc062723c751e8b465ee728b)  -> (artifact id: '2f4140185c41dd80b8595a06a57bc18c') in 0.016101 seconds
Number of updated asset objects reloaded before import = 0
Number of asset objects unloaded after import = 2
========================================================================
Received Import Request.
  Time since last request: 0.007118 seconds.
  path: Assets/TextMesh Pro/Examples & Extras/Textures/Text Overflow - Linked Text UI Screenshot.png
  artifactKey: Guid(c76d18757a194d618355f05f815cb0a1) Importer(815301076,1909f56bfc062723c751e8b465ee728b)
Start importing Assets/TextMesh Pro/Examples & Extras/Textures/Text Overflow - Linked Text UI Screenshot.png using Guid(c76d18757a194d618355f05f815cb0a1) Importer(815301076,1909f56bfc062723c751e8b465ee728b)  -> (artifact id: 'a62388b5399bca3af118414be3b61342') in 0.017424 seconds
Number of updated asset objects reloaded before import = 0
Number of asset objects unloaded after import = 2
========================================================================
Received Import Request.
  Time since last request: 0.004319 seconds.
  path: Assets/SimplePoly City - Low Poly Assets/Textures/Vehicle_Bus_1.png
  artifactKey: Guid(ecaab76e4a44928409e626a300feff17) Importer(815301076,1909f56bfc062723c751e8b465ee728b)
Start importing Assets/SimplePoly City - Low Poly Assets/Textures/Vehicle_Bus_1.png using Guid(ecaab76e4a44928409e626a300feff17) Importer(815301076,1909f56bfc062723c751e8b465ee728b)  -> (artifact id: '384f8ebaa30b2f2011febc2a363ebfe6') in 0.015068 seconds
Number of updated asset objects reloaded before import = 0
Number of asset objects unloaded after import = 2
========================================================================
Received Import Request.
  Time since last request: 0.000044 seconds.
  path: Assets/SimplePoly City - Low Poly Assets/Textures/Vehicle_Car_1.png
  artifactKey: Guid(f9deccdd55075124dbb0e6b5f710e0bb) Importer(815301076,1909f56bfc062723c751e8b465ee728b)
Start importing Assets/SimplePoly City - Low Poly Assets/Textures/Vehicle_Car_1.png using Guid(f9deccdd55075124dbb0e6b5f710e0bb) Importer(815301076,1909f56bfc062723c751e8b465ee728b)  -> (artifact id: 'a34fa23996b6db4aae7e351aa9fbd173') in 0.026227 seconds
Number of updated asset objects reloaded before import = 0
Number of asset objects unloaded after import = 2
========================================================================
Received Import Request.
  Time since last request: 0.000018 seconds.
  path: Assets/SimplePoly City - Low Poly Assets/Textures/Vehicle_Car_3.png
  artifactKey: Guid(784073a23c23d054e9378970d2771d69) Importer(815301076,1909f56bfc062723c751e8b465ee728b)
Start importing Assets/SimplePoly City - Low Poly Assets/Textures/Vehicle_Car_3.png using Guid(784073a23c23d054e9378970d2771d69) Importer(815301076,1909f56bfc062723c751e8b465ee728b)  -> (artifact id: '36bcab96cab728535f38180df75b2464') in 0.024783 seconds
Number of updated asset objects reloaded before import = 0
Number of asset objects unloaded after import = 2
========================================================================
Received Import Request.
  Time since last request: 32.440339 seconds.
  path: Assets/Product/prefab/Laundry detergent.fbx
  artifactKey: Guid(8ace8d19ea512ff4e9725654c040188c) Importer(815301076,1909f56bfc062723c751e8b465ee728b)
Start importing Assets/Product/prefab/Laundry detergent.fbx using Guid(8ace8d19ea512ff4e9725654c040188c) Importer(815301076,1909f56bfc062723c751e8b465ee728b)  -> (artifact id: '0020bc5edc57cc83bf866810a7579464') in 0.069155 seconds
Number of updated asset objects reloaded before import = 0
Number of asset objects unloaded after import = 8
========================================================================
Received Import Request.
  Time since last request: 0.841044 seconds.
  path: Assets/Product/materials/Laundry_Detergent.mat
  artifactKey: Guid(bba6e36498585264b8955576d7a2150f) Importer(815301076,1909f56bfc062723c751e8b465ee728b)
Start importing Assets/Product/materials/Laundry_Detergent.mat using Guid(bba6e36498585264b8955576d7a2150f) Importer(815301076,1909f56bfc062723c751e8b465ee728b)  -> (artifact id: 'eb6a81da0238a7709eacd08edebd08c2') in 0.022650 seconds
Number of updated asset objects reloaded before import = 0
Number of asset objects unloaded after import = 2
========================================================================
Received Import Request.
  Time since last request: 4.121550 seconds.
  path: Assets/Product/prefab/Laundry_Detergent.mat
  artifactKey: Guid(4875a62dcdd29664e941279e9f077250) Importer(815301076,1909f56bfc062723c751e8b465ee728b)
Start importing Assets/Product/prefab/Laundry_Detergent.mat using Guid(4875a62dcdd29664e941279e9f077250) Importer(815301076,1909f56bfc062723c751e8b465ee728b)  -> (artifact id: 'daafa9c224fe0d32e17e2fa2baa61bc8') in 0.017489 seconds
Number of updated asset objects reloaded before import = 0
Number of asset objects unloaded after import = 2
========================================================================
Received Import Request.
  Time since last request: 65.627564 seconds.
  path: Assets/Product/model/Laundry detergent.fbx
  artifactKey: Guid(ac13f6067f3e9dd469134bc2e808fba7) Importer(815301076,1909f56bfc062723c751e8b465ee728b)
Start importing Assets/Product/model/Laundry detergent.fbx using Guid(ac13f6067f3e9dd469134bc2e808fba7) Importer(815301076,1909f56bfc062723c751e8b465ee728b)  -> (artifact id: 'bb23a603a4e5497969cb06d274f5e6e1') in 0.025294 seconds
Number of updated asset objects reloaded before import = 0
Number of asset objects unloaded after import = 9
========================================================================
Received Prepare
Begin MonoManager ReloadAssembly
- Loaded All Assemblies, in  0.430 seconds
Refreshing native plugins compatible for Editor in 12.65 ms, found 9 plugins.
Native extension for WindowsStandalone target not found
[Package Manager] Server::EnsureServerProcessIsRunning -- launch failed, reason: Unity was launched with the -noUpm command-line argument
[Package Manager] UpmClient::Send -- Unable to send message (not connected to UPM process).
[Package Manager] Cannot connect to Unity Package Manager local server
Mono: successfully reloaded assembly
[Package Manager] Server::EnsureServerProcessIsRunning -- launch failed, reason: Unity was launched with the -noUpm command-line argument
[Package Manager] UpmClient::Send -- Unable to send message (not connected to UPM process).
[Package Manager] Cannot connect to Unity Package Manager local server
- Finished resetting the current domain, in  1.050 seconds
Domain Reload Profiling: 1480ms
	BeginReloadAssembly (154ms)
		ExecutionOrderSort (0ms)
		DisableScriptedObjects (3ms)
		BackupInstance (0ms)
		ReleaseScriptingObjects (0ms)
		CreateAndSetChildDomain (36ms)
	RebuildCommonClasses (31ms)
	RebuildNativeTypeToScriptingClass (11ms)
	initialDomainReloadingComplete (25ms)
	LoadAllAssembliesAndSetupDomain (208ms)
		LoadAssemblies (274ms)
		RebuildTransferFunctionScriptingTraits (0ms)
		AnalyzeDomain (19ms)
			TypeCache.Refresh (6ms)
				TypeCache.ScanAssembly (0ms)
			ScanForSourceGeneratedMonoScriptInfo (0ms)
			ResolveRequiredComponents (10ms)
	FinalizeReload (1050ms)
		ReleaseScriptCaches (0ms)
		RebuildScriptCaches (0ms)
		SetupLoadedEditorAssemblies (508ms)
			LogAssemblyErrors (0ms)
			InitializePlatformSupportModulesInManaged (6ms)
			SetLoadedEditorAssemblies (6ms)
			RefreshPlugins (0ms)
			BeforeProcessingInitializeOnLoad (65ms)
			ProcessInitializeOnLoadAttributes (391ms)
			ProcessInitializeOnLoadMethodAttributes (38ms)
			AfterProcessingInitializeOnLoad (2ms)
			EditorAssembliesLoaded (0ms)
		ExecutionOrderSort2 (0ms)
		AwakeInstancesAfterBackupRestoration (7ms)
Refreshing native plugins compatible for Editor in 24.91 ms, found 9 plugins.
Preloading 0 native plugins for Editor in 0.00 ms.
Unloading 4469 Unused Serialized files (Serialized files now loaded: 0)
Unloading 61 unused Assets / (50.6 KB). Loaded Objects now: 5060.
Memory consumption went from 167.2 MB to 167.2 MB.
Total: 5.105300 ms (FindLiveObjects: 0.357400 ms CreateObjectMapping: 0.315700 ms MarkObjects: 4.304200 ms  DeleteObjects: 0.126200 ms)

Prepare: number of updated asset objects reloaded= 0
AssetImportParameters requested are different than current active one (requested -> active):
  custom:container-demuxer-ogg: 62fdf1f143b41e24485cea50d1cbac27 -> 
  custom:video-codec-MediaFoundation-h265: 746d11721c4dcdbdad8f713fa42b33f4 -> 
  custom:video-decoder-ogg-theora: a1e56fd34408186e4bbccfd4996cb3dc -> 
  custom:framework-win-MediaFoundation: 216162199b28c13a410421893ffa2e32 -> 
  custom:scripting/monoscript/fileName/DisconnectOnGrab.cs: b6d535f14de0b54fc350dbde59139bca -> 829cd3f79b470f7b924c00f819c10ca8
  custom:CustomObjectIndexerAttribute: 9a22284fe3817be447336de3de66b15e -> 
  custom:scripting/monoscript/fileName/SocketChecker.cs: 81e2c6ae821d2f82fca4ae7f488fee82 -> 11eea032f05868895a3d7bd31e5112c8
  custom:container-demuxer-webm: 4f35f7cbe854078d1ac9338744f61a02 -> 
  custom:container-muxer-webm: aa71ff27fc2769a1b78a27578f13a17b -> 
  custom:video-decoder-webm-vp8: 9c59270c3fd7afecdb556c50c9e8de78 -> 
  custom:scripting/monoscript/fileName/ObjectConnector.cs: b6889c6d7c3a3d07a33c3997b113a4de -> 27ec08e04caab7342e1ebf9ebffa40c1
  custom:SearchIndexIgnoredProperties: e643bd26f0fe6173181afceb89e7c659 -> 
  custom:AudioImporter_EditorPlatform: d09bf68614088b80899f8185d706f6e7 -> 
  custom:video-encoder-webm-vp8: eb34c28f22e8b96e1ab97ce403110664 -> 
  custom:scripting/monoscript/fileName/BasketTrigger.cs: aa00535640a464914bb19856add306dc -> 48c5e4ba96c9f234beae8838e152e959
  custom:audio-decoder-ogg-vorbis: bf7c407c2cedff20999df2af8eb42d56 -> 
  custom:audio-encoder-webm-vorbis: bf7c407c2cedff20999df2af8eb42d56 -> 
  custom:scripting/monoscript/fileName/ScoreManager.cs: 8bf37ad2a0e5ee64fa29f25e7049ed24 -> 2117df56b7ba23abd331d761e713022a
  custom:scripting/monoscript/fileName/BasketTriggerObject.cs: 9b05c554f29a11072e71a667da6ed2cb -> 
========================================================================
Received Prepare
Begin MonoManager ReloadAssembly
- Loaded All Assemblies, in  0.420 seconds
Refreshing native plugins compatible for Editor in 10.33 ms, found 9 plugins.
Native extension for WindowsStandalone target not found
[Package Manager] Server::EnsureServerProcessIsRunning -- launch failed, reason: Unity was launched with the -noUpm command-line argument
[Package Manager] UpmClient::Send -- Unable to send message (not connected to UPM process).
[Package Manager] Cannot connect to Unity Package Manager local server
Mono: successfully reloaded assembly
[Package Manager] Server::EnsureServerProcessIsRunning -- launch failed, reason: Unity was launched with the -noUpm command-line argument
[Package Manager] UpmClient::Send -- Unable to send message (not connected to UPM process).
[Package Manager] Cannot connect to Unity Package Manager local server
- Finished resetting the current domain, in  1.074 seconds
Domain Reload Profiling: 1494ms
	BeginReloadAssembly (151ms)
		ExecutionOrderSort (0ms)
		DisableScriptedObjects (3ms)
		BackupInstance (0ms)
		ReleaseScriptingObjects (0ms)
		CreateAndSetChildDomain (31ms)
	RebuildCommonClasses (30ms)
	RebuildNativeTypeToScriptingClass (9ms)
	initialDomainReloadingComplete (23ms)
	LoadAllAssembliesAndSetupDomain (206ms)
		LoadAssemblies (275ms)
		RebuildTransferFunctionScriptingTraits (0ms)
		AnalyzeDomain (18ms)
			TypeCache.Refresh (7ms)
				TypeCache.ScanAssembly (0ms)
			ScanForSourceGeneratedMonoScriptInfo (0ms)
			ResolveRequiredComponents (8ms)
	FinalizeReload (1075ms)
		ReleaseScriptCaches (0ms)
		RebuildScriptCaches (0ms)
		SetupLoadedEditorAssemblies (507ms)
			LogAssemblyErrors (0ms)
			InitializePlatformSupportModulesInManaged (4ms)
			SetLoadedEditorAssemblies (5ms)
			RefreshPlugins (0ms)
			BeforeProcessingInitializeOnLoad (63ms)
			ProcessInitializeOnLoadAttributes (386ms)
			ProcessInitializeOnLoadMethodAttributes (45ms)
			AfterProcessingInitializeOnLoad (2ms)
			EditorAssembliesLoaded (0ms)
		ExecutionOrderSort2 (0ms)
		AwakeInstancesAfterBackupRestoration (9ms)
Refreshing native plugins compatible for Editor in 31.44 ms, found 9 plugins.
Preloading 0 native plugins for Editor in 0.00 ms.
Unloading 4470 Unused Serialized files (Serialized files now loaded: 0)
Unloading 61 unused Assets / (50.7 KB). Loaded Objects now: 5064.
Memory consumption went from 167.5 MB to 167.4 MB.
Total: 5.681900 ms (FindLiveObjects: 0.369700 ms CreateObjectMapping: 0.308400 ms MarkObjects: 4.847400 ms  DeleteObjects: 0.154700 ms)

Prepare: number of updated asset objects reloaded= 0
AssetImportParameters requested are different than current active one (requested -> active):
  custom:container-demuxer-ogg: 62fdf1f143b41e24485cea50d1cbac27 -> 
  custom:video-codec-MediaFoundation-h265: 746d11721c4dcdbdad8f713fa42b33f4 -> 
  custom:video-decoder-ogg-theora: a1e56fd34408186e4bbccfd4996cb3dc -> 
  custom:framework-win-MediaFoundation: 216162199b28c13a410421893ffa2e32 -> 
  custom:scripting/monoscript/fileName/DisconnectOnGrab.cs: b6d535f14de0b54fc350dbde59139bca -> 829cd3f79b470f7b924c00f819c10ca8
  custom:CustomObjectIndexerAttribute: 9a22284fe3817be447336de3de66b15e -> 
  custom:scripting/monoscript/fileName/SocketChecker.cs: 81e2c6ae821d2f82fca4ae7f488fee82 -> 11eea032f05868895a3d7bd31e5112c8
  custom:container-demuxer-webm: 4f35f7cbe854078d1ac9338744f61a02 -> 
  custom:container-muxer-webm: aa71ff27fc2769a1b78a27578f13a17b -> 
  custom:video-decoder-webm-vp8: 9c59270c3fd7afecdb556c50c9e8de78 -> 
  custom:scripting/monoscript/fileName/ObjectConnector.cs: b6889c6d7c3a3d07a33c3997b113a4de -> 27ec08e04caab7342e1ebf9ebffa40c1
  custom:SearchIndexIgnoredProperties: e643bd26f0fe6173181afceb89e7c659 -> 
  custom:AudioImporter_EditorPlatform: d09bf68614088b80899f8185d706f6e7 -> 
  custom:video-encoder-webm-vp8: eb34c28f22e8b96e1ab97ce403110664 -> 
  custom:scripting/monoscript/fileName/BasketTrigger.cs: aa00535640a464914bb19856add306dc -> 48c5e4ba96c9f234beae8838e152e959
  custom:audio-decoder-ogg-vorbis: bf7c407c2cedff20999df2af8eb42d56 -> 
  custom:audio-encoder-webm-vorbis: bf7c407c2cedff20999df2af8eb42d56 -> 
  custom:scripting/monoscript/fileName/ScoreManager.cs: 8bf37ad2a0e5ee64fa29f25e7049ed24 -> 2117df56b7ba23abd331d761e713022a
  custom:scripting/monoscript/fileName/BasketTriggerObject.cs: 9b05c554f29a11072e71a667da6ed2cb -> 
========================================================================
Received Prepare
Begin MonoManager ReloadAssembly
- Loaded All Assemblies, in  0.439 seconds
Refreshing native plugins compatible for Editor in 9.87 ms, found 9 plugins.
Native extension for WindowsStandalone target not found
[Package Manager] Server::EnsureServerProcessIsRunning -- launch failed, reason: Unity was launched with the -noUpm command-line argument
[Package Manager] UpmClient::Send -- Unable to send message (not connected to UPM process).
[Package Manager] Cannot connect to Unity Package Manager local server
Mono: successfully reloaded assembly
[Package Manager] Server::EnsureServerProcessIsRunning -- launch failed, reason: Unity was launched with the -noUpm command-line argument
[Package Manager] UpmClient::Send -- Unable to send message (not connected to UPM process).
[Package Manager] Cannot connect to Unity Package Manager local server
- Finished resetting the current domain, in  1.128 seconds
Domain Reload Profiling: 1568ms
	BeginReloadAssembly (168ms)
		ExecutionOrderSort (0ms)
		DisableScriptedObjects (4ms)
		BackupInstance (0ms)
		ReleaseScriptingObjects (0ms)
		CreateAndSetChildDomain (38ms)
	RebuildCommonClasses (33ms)
	RebuildNativeTypeToScriptingClass (11ms)
	initialDomainReloadingComplete (24ms)
	LoadAllAssembliesAndSetupDomain (203ms)
		LoadAssemblies (283ms)
		RebuildTransferFunctionScriptingTraits (0ms)
		AnalyzeDomain (16ms)
			TypeCache.Refresh (6ms)
				TypeCache.ScanAssembly (0ms)
			ScanForSourceGeneratedMonoScriptInfo (0ms)
			ResolveRequiredComponents (7ms)
	FinalizeReload (1129ms)
		ReleaseScriptCaches (0ms)
		RebuildScriptCaches (0ms)
		SetupLoadedEditorAssemblies (559ms)
			LogAssemblyErrors (0ms)
			InitializePlatformSupportModulesInManaged (4ms)
			SetLoadedEditorAssemblies (5ms)
			RefreshPlugins (0ms)
			BeforeProcessingInitializeOnLoad (69ms)
			ProcessInitializeOnLoadAttributes (437ms)
			ProcessInitializeOnLoadMethodAttributes (42ms)
			AfterProcessingInitializeOnLoad (2ms)
			EditorAssembliesLoaded (0ms)
		ExecutionOrderSort2 (0ms)
		AwakeInstancesAfterBackupRestoration (7ms)
Refreshing native plugins compatible for Editor in 26.18 ms, found 9 plugins.
Preloading 0 native plugins for Editor in 0.00 ms.
Unloading 4470 Unused Serialized files (Serialized files now loaded: 0)
Unloading 61 unused Assets / (50.7 KB). Loaded Objects now: 5068.
Memory consumption went from 167.5 MB to 167.4 MB.
Total: 5.074200 ms (FindLiveObjects: 0.346800 ms CreateObjectMapping: 0.271300 ms MarkObjects: 4.272400 ms  DeleteObjects: 0.182100 ms)

Prepare: number of updated asset objects reloaded= 0
AssetImportParameters requested are different than current active one (requested -> active):
  custom:container-demuxer-ogg: 62fdf1f143b41e24485cea50d1cbac27 -> 
  custom:video-codec-MediaFoundation-h265: 746d11721c4dcdbdad8f713fa42b33f4 -> 
  custom:video-decoder-ogg-theora: a1e56fd34408186e4bbccfd4996cb3dc -> 
  custom:framework-win-MediaFoundation: 216162199b28c13a410421893ffa2e32 -> 
  custom:scripting/monoscript/fileName/DisconnectOnGrab.cs: b6d535f14de0b54fc350dbde59139bca -> 829cd3f79b470f7b924c00f819c10ca8
  custom:CustomObjectIndexerAttribute: 9a22284fe3817be447336de3de66b15e -> 
  custom:scripting/monoscript/fileName/SocketChecker.cs: 81e2c6ae821d2f82fca4ae7f488fee82 -> 11eea032f05868895a3d7bd31e5112c8
  custom:container-demuxer-webm: 4f35f7cbe854078d1ac9338744f61a02 -> 
  custom:container-muxer-webm: aa71ff27fc2769a1b78a27578f13a17b -> 
  custom:video-decoder-webm-vp8: 9c59270c3fd7afecdb556c50c9e8de78 -> 
  custom:scripting/monoscript/fileName/ObjectConnector.cs: b6889c6d7c3a3d07a33c3997b113a4de -> 27ec08e04caab7342e1ebf9ebffa40c1
  custom:SearchIndexIgnoredProperties: e643bd26f0fe6173181afceb89e7c659 -> 
  custom:AudioImporter_EditorPlatform: d09bf68614088b80899f8185d706f6e7 -> 
  custom:video-encoder-webm-vp8: eb34c28f22e8b96e1ab97ce403110664 -> 
  custom:scripting/monoscript/fileName/BasketTrigger.cs: aa00535640a464914bb19856add306dc -> 48c5e4ba96c9f234beae8838e152e959
  custom:audio-decoder-ogg-vorbis: bf7c407c2cedff20999df2af8eb42d56 -> 
  custom:audio-encoder-webm-vorbis: bf7c407c2cedff20999df2af8eb42d56 -> 
  custom:scripting/monoscript/fileName/ScoreManager.cs: 8bf37ad2a0e5ee64fa29f25e7049ed24 -> 2117df56b7ba23abd331d761e713022a
  custom:scripting/monoscript/fileName/BasketTriggerObject.cs: 9b05c554f29a11072e71a667da6ed2cb -> 
========================================================================
Received Import Request.
  Time since last request: 956.170660 seconds.
  path: ProjectSettings/TagManager.asset
  artifactKey: Guid(00000000000000003000000000000000) Importer(815301076,1909f56bfc062723c751e8b465ee728b)
Start importing ProjectSettings/TagManager.asset using Guid(00000000000000003000000000000000) Importer(815301076,1909f56bfc062723c751e8b465ee728b)  -> (artifact id: 'ec12a018603f01c35b991475030c879f') in 0.011903 seconds
Number of updated asset objects reloaded before import = 0
Number of asset objects unloaded after import = 0
========================================================================
Received Prepare
Begin MonoManager ReloadAssembly
- Loaded All Assemblies, in  0.467 seconds
Refreshing native plugins compatible for Editor in 12.24 ms, found 9 plugins.
Native extension for WindowsStandalone target not found
[Package Manager] Server::EnsureServerProcessIsRunning -- launch failed, reason: Unity was launched with the -noUpm command-line argument
[Package Manager] UpmClient::Send -- Unable to send message (not connected to UPM process).
[Package Manager] Cannot connect to Unity Package Manager local server
Mono: successfully reloaded assembly
[Package Manager] Server::EnsureServerProcessIsRunning -- launch failed, reason: Unity was launched with the -noUpm command-line argument
[Package Manager] UpmClient::Send -- Unable to send message (not connected to UPM process).
[Package Manager] Cannot connect to Unity Package Manager local server
- Finished resetting the current domain, in  1.141 seconds
Domain Reload Profiling: 1608ms
	BeginReloadAssembly (170ms)
		ExecutionOrderSort (0ms)
		DisableScriptedObjects (4ms)
		BackupInstance (0ms)
		ReleaseScriptingObjects (0ms)
		CreateAndSetChildDomain (37ms)
	RebuildCommonClasses (38ms)
	RebuildNativeTypeToScriptingClass (12ms)
	initialDomainReloadingComplete (26ms)
	LoadAllAssembliesAndSetupDomain (220ms)
		LoadAssemblies (302ms)
		RebuildTransferFunctionScriptingTraits (0ms)
		AnalyzeDomain (18ms)
			TypeCache.Refresh (6ms)
				TypeCache.ScanAssembly (0ms)
			ScanForSourceGeneratedMonoScriptInfo (0ms)
			ResolveRequiredComponents (9ms)
	FinalizeReload (1141ms)
		ReleaseScriptCaches (0ms)
		RebuildScriptCaches (0ms)
		SetupLoadedEditorAssemblies (550ms)
			LogAssemblyErrors (0ms)
			InitializePlatformSupportModulesInManaged (5ms)
			SetLoadedEditorAssemblies (5ms)
			RefreshPlugins (0ms)
			BeforeProcessingInitializeOnLoad (73ms)
			ProcessInitializeOnLoadAttributes (424ms)
			ProcessInitializeOnLoadMethodAttributes (40ms)
			AfterProcessingInitializeOnLoad (2ms)
			EditorAssembliesLoaded (0ms)
		ExecutionOrderSort2 (0ms)
		AwakeInstancesAfterBackupRestoration (9ms)
Refreshing native plugins compatible for Editor in 26.14 ms, found 9 plugins.
Preloading 0 native plugins for Editor in 0.00 ms.
Unloading 4469 Unused Serialized files (Serialized files now loaded: 0)
Unloading 61 unused Assets / (50.7 KB). Loaded Objects now: 5072.
Memory consumption went from 167.2 MB to 167.2 MB.
Total: 6.232900 ms (FindLiveObjects: 0.437500 ms CreateObjectMapping: 0.330700 ms MarkObjects: 5.332100 ms  DeleteObjects: 0.131000 ms)

Prepare: number of updated asset objects reloaded= 0
AssetImportParameters requested are different than current active one (requested -> active):
  custom:container-demuxer-ogg: 62fdf1f143b41e24485cea50d1cbac27 -> 
  custom:video-codec-MediaFoundation-h265: 746d11721c4dcdbdad8f713fa42b33f4 -> 
  custom:video-decoder-ogg-theora: a1e56fd34408186e4bbccfd4996cb3dc -> 
  custom:framework-win-MediaFoundation: 216162199b28c13a410421893ffa2e32 -> 
  custom:scripting/monoscript/fileName/DisconnectOnGrab.cs: b6d535f14de0b54fc350dbde59139bca -> 829cd3f79b470f7b924c00f819c10ca8
  custom:CustomObjectIndexerAttribute: 9a22284fe3817be447336de3de66b15e -> 
  custom:scripting/monoscript/fileName/SocketChecker.cs: 81e2c6ae821d2f82fca4ae7f488fee82 -> 11eea032f05868895a3d7bd31e5112c8
  custom:container-demuxer-webm: 4f35f7cbe854078d1ac9338744f61a02 -> 
  custom:container-muxer-webm: aa71ff27fc2769a1b78a27578f13a17b -> 
  custom:video-decoder-webm-vp8: 9c59270c3fd7afecdb556c50c9e8de78 -> 
  custom:scripting/monoscript/fileName/ObjectConnector.cs: b6889c6d7c3a3d07a33c3997b113a4de -> 27ec08e04caab7342e1ebf9ebffa40c1
  custom:SearchIndexIgnoredProperties: e643bd26f0fe6173181afceb89e7c659 -> 
  custom:AudioImporter_EditorPlatform: d09bf68614088b80899f8185d706f6e7 -> 
  custom:video-encoder-webm-vp8: eb34c28f22e8b96e1ab97ce403110664 -> 
  custom:scripting/monoscript/fileName/BasketTrigger.cs: aa00535640a464914bb19856add306dc -> 48c5e4ba96c9f234beae8838e152e959
  custom:audio-decoder-ogg-vorbis: bf7c407c2cedff20999df2af8eb42d56 -> 
  custom:audio-encoder-webm-vorbis: bf7c407c2cedff20999df2af8eb42d56 -> 
  custom:scripting/monoscript/fileName/ScoreManager.cs: 8bf37ad2a0e5ee64fa29f25e7049ed24 -> 2117df56b7ba23abd331d761e713022a
  custom:scripting/monoscript/fileName/BasketTriggerObject.cs: 9b05c554f29a11072e71a667da6ed2cb -> 
========================================================================
Received Import Request.
  Time since last request: 156.822643 seconds.
  path: Assets/Product
  artifactKey: Guid(ceb28e4d4460abc41a3196c0999a5e8d) Importer(815301076,1909f56bfc062723c751e8b465ee728b)
Start importing Assets/Product using Guid(ceb28e4d4460abc41a3196c0999a5e8d) Importer(815301076,1909f56bfc062723c751e8b465ee728b)  -> (artifact id: 'a6b3e126911c1324343eb9cfe9920bde') in 0.003408 seconds
Number of updated asset objects reloaded before import = 0
Number of asset objects unloaded after import = 0
========================================================================
Received Prepare
Begin MonoManager ReloadAssembly
- Loaded All Assemblies, in  0.440 seconds
Refreshing native plugins compatible for Editor in 11.34 ms, found 9 plugins.
Native extension for WindowsStandalone target not found
[Package Manager] Server::EnsureServerProcessIsRunning -- launch failed, reason: Unity was launched with the -noUpm command-line argument
[Package Manager] UpmClient::Send -- Unable to send message (not connected to UPM process).
[Package Manager] Cannot connect to Unity Package Manager local server
Mono: successfully reloaded assembly
[Package Manager] Server::EnsureServerProcessIsRunning -- launch failed, reason: Unity was launched with the -noUpm command-line argument
[Package Manager] UpmClient::Send -- Unable to send message (not connected to UPM process).
[Package Manager] Cannot connect to Unity Package Manager local server
- Finished resetting the current domain, in  1.136 seconds
Domain Reload Profiling: 1576ms
	BeginReloadAssembly (166ms)
		ExecutionOrderSort (0ms)
		DisableScriptedObjects (4ms)
		BackupInstance (0ms)
		ReleaseScriptingObjects (0ms)
		CreateAndSetChildDomain (38ms)
	RebuildCommonClasses (32ms)
	RebuildNativeTypeToScriptingClass (11ms)
	initialDomainReloadingComplete (26ms)
	LoadAllAssembliesAndSetupDomain (204ms)
		LoadAssemblies (282ms)
		RebuildTransferFunctionScriptingTraits (0ms)
		AnalyzeDomain (16ms)
			TypeCache.Refresh (6ms)
				TypeCache.ScanAssembly (0ms)
			ScanForSourceGeneratedMonoScriptInfo (0ms)
			ResolveRequiredComponents (7ms)
	FinalizeReload (1137ms)
		ReleaseScriptCaches (0ms)
		RebuildScriptCaches (0ms)
		SetupLoadedEditorAssemblies (526ms)
			LogAssemblyErrors (0ms)
			InitializePlatformSupportModulesInManaged (6ms)
			SetLoadedEditorAssemblies (5ms)
			RefreshPlugins (0ms)
			BeforeProcessingInitializeOnLoad (65ms)
			ProcessInitializeOnLoadAttributes (408ms)
			ProcessInitializeOnLoadMethodAttributes (39ms)
			AfterProcessingInitializeOnLoad (2ms)
			EditorAssembliesLoaded (0ms)
		ExecutionOrderSort2 (0ms)
		AwakeInstancesAfterBackupRestoration (10ms)
Refreshing native plugins compatible for Editor in 27.50 ms, found 9 plugins.
Preloading 0 native plugins for Editor in 0.00 ms.
Unloading 4469 Unused Serialized files (Serialized files now loaded: 0)
Unloading 61 unused Assets / (50.7 KB). Loaded Objects now: 5076.
Memory consumption went from 167.2 MB to 167.2 MB.
Total: 6.048300 ms (FindLiveObjects: 0.411000 ms CreateObjectMapping: 0.392500 ms MarkObjects: 5.098700 ms  DeleteObjects: 0.144800 ms)

Prepare: number of updated asset objects reloaded= 0
AssetImportParameters requested are different than current active one (requested -> active):
  custom:container-demuxer-ogg: 62fdf1f143b41e24485cea50d1cbac27 -> 
  custom:video-codec-MediaFoundation-h265: 746d11721c4dcdbdad8f713fa42b33f4 -> 
  custom:video-decoder-ogg-theora: a1e56fd34408186e4bbccfd4996cb3dc -> 
  custom:framework-win-MediaFoundation: 216162199b28c13a410421893ffa2e32 -> 
  custom:scripting/monoscript/fileName/DisconnectOnGrab.cs: b6d535f14de0b54fc350dbde59139bca -> 829cd3f79b470f7b924c00f819c10ca8
  custom:CustomObjectIndexerAttribute: 9a22284fe3817be447336de3de66b15e -> 
  custom:scripting/monoscript/fileName/SocketChecker.cs: 81e2c6ae821d2f82fca4ae7f488fee82 -> 11eea032f05868895a3d7bd31e5112c8
  custom:container-demuxer-webm: 4f35f7cbe854078d1ac9338744f61a02 -> 
  custom:container-muxer-webm: aa71ff27fc2769a1b78a27578f13a17b -> 
  custom:video-decoder-webm-vp8: 9c59270c3fd7afecdb556c50c9e8de78 -> 
  custom:scripting/monoscript/fileName/ObjectConnector.cs: b6889c6d7c3a3d07a33c3997b113a4de -> 27ec08e04caab7342e1ebf9ebffa40c1
  custom:SearchIndexIgnoredProperties: e643bd26f0fe6173181afceb89e7c659 -> 
  custom:AudioImporter_EditorPlatform: d09bf68614088b80899f8185d706f6e7 -> 
  custom:video-encoder-webm-vp8: eb34c28f22e8b96e1ab97ce403110664 -> 
  custom:scripting/monoscript/fileName/BasketTrigger.cs: aa00535640a464914bb19856add306dc -> 48c5e4ba96c9f234beae8838e152e959
  custom:audio-decoder-ogg-vorbis: bf7c407c2cedff20999df2af8eb42d56 -> 
  custom:audio-encoder-webm-vorbis: bf7c407c2cedff20999df2af8eb42d56 -> 
  custom:scripting/monoscript/fileName/ScoreManager.cs: 8bf37ad2a0e5ee64fa29f25e7049ed24 -> 2117df56b7ba23abd331d761e713022a
  custom:scripting/monoscript/fileName/BasketTriggerObject.cs: 9b05c554f29a11072e71a667da6ed2cb -> 
========================================================================
Received Prepare
Begin MonoManager ReloadAssembly
- Loaded All Assemblies, in  0.447 seconds
Refreshing native plugins compatible for Editor in 11.43 ms, found 9 plugins.
Native extension for WindowsStandalone target not found
[Package Manager] Server::EnsureServerProcessIsRunning -- launch failed, reason: Unity was launched with the -noUpm command-line argument
[Package Manager] UpmClient::Send -- Unable to send message (not connected to UPM process).
[Package Manager] Cannot connect to Unity Package Manager local server
Mono: successfully reloaded assembly
[Package Manager] Server::EnsureServerProcessIsRunning -- launch failed, reason: Unity was launched with the -noUpm command-line argument
[Package Manager] UpmClient::Send -- Unable to send message (not connected to UPM process).
[Package Manager] Cannot connect to Unity Package Manager local server
- Finished resetting the current domain, in  1.200 seconds
Domain Reload Profiling: 1646ms
	BeginReloadAssembly (173ms)
		ExecutionOrderSort (0ms)
		DisableScriptedObjects (6ms)
		BackupInstance (0ms)
		ReleaseScriptingObjects (0ms)
		CreateAndSetChildDomain (35ms)
	RebuildCommonClasses (32ms)
	RebuildNativeTypeToScriptingClass (11ms)
	initialDomainReloadingComplete (24ms)
	LoadAllAssembliesAndSetupDomain (207ms)
		LoadAssemblies (289ms)
		RebuildTransferFunctionScriptingTraits (0ms)
		AnalyzeDomain (17ms)
			TypeCache.Refresh (6ms)
				TypeCache.ScanAssembly (0ms)
			ScanForSourceGeneratedMonoScriptInfo (0ms)
			ResolveRequiredComponents (9ms)
	FinalizeReload (1200ms)
		ReleaseScriptCaches (0ms)
		RebuildScriptCaches (0ms)
		SetupLoadedEditorAssemblies (606ms)
			LogAssemblyErrors (0ms)
			InitializePlatformSupportModulesInManaged (5ms)
			SetLoadedEditorAssemblies (5ms)
			RefreshPlugins (0ms)
			BeforeProcessingInitializeOnLoad (67ms)
			ProcessInitializeOnLoadAttributes (484ms)
			ProcessInitializeOnLoadMethodAttributes (43ms)
			AfterProcessingInitializeOnLoad (3ms)
			EditorAssembliesLoaded (0ms)
		ExecutionOrderSort2 (0ms)
		AwakeInstancesAfterBackupRestoration (7ms)
Refreshing native plugins compatible for Editor in 29.21 ms, found 9 plugins.
Preloading 0 native plugins for Editor in 0.00 ms.
Unloading 4470 Unused Serialized files (Serialized files now loaded: 0)
Unloading 61 unused Assets / (50.7 KB). Loaded Objects now: 5080.
Memory consumption went from 167.5 MB to 167.4 MB.
Total: 5.579800 ms (FindLiveObjects: 0.377800 ms CreateObjectMapping: 0.281100 ms MarkObjects: 4.778300 ms  DeleteObjects: 0.140900 ms)

Prepare: number of updated asset objects reloaded= 0
AssetImportParameters requested are different than current active one (requested -> active):
  custom:container-demuxer-ogg: 62fdf1f143b41e24485cea50d1cbac27 -> 
  custom:video-codec-MediaFoundation-h265: 746d11721c4dcdbdad8f713fa42b33f4 -> 
  custom:video-decoder-ogg-theora: a1e56fd34408186e4bbccfd4996cb3dc -> 
  custom:framework-win-MediaFoundation: 216162199b28c13a410421893ffa2e32 -> 
  custom:scripting/monoscript/fileName/DisconnectOnGrab.cs: b6d535f14de0b54fc350dbde59139bca -> 829cd3f79b470f7b924c00f819c10ca8
  custom:CustomObjectIndexerAttribute: 9a22284fe3817be447336de3de66b15e -> 
  custom:scripting/monoscript/fileName/SocketChecker.cs: 81e2c6ae821d2f82fca4ae7f488fee82 -> 11eea032f05868895a3d7bd31e5112c8
  custom:container-demuxer-webm: 4f35f7cbe854078d1ac9338744f61a02 -> 
  custom:container-muxer-webm: aa71ff27fc2769a1b78a27578f13a17b -> 
  custom:video-decoder-webm-vp8: 9c59270c3fd7afecdb556c50c9e8de78 -> 
  custom:scripting/monoscript/fileName/ObjectConnector.cs: b6889c6d7c3a3d07a33c3997b113a4de -> 27ec08e04caab7342e1ebf9ebffa40c1
  custom:SearchIndexIgnoredProperties: e643bd26f0fe6173181afceb89e7c659 -> 
  custom:AudioImporter_EditorPlatform: d09bf68614088b80899f8185d706f6e7 -> 
  custom:video-encoder-webm-vp8: eb34c28f22e8b96e1ab97ce403110664 -> 
  custom:scripting/monoscript/fileName/BasketTrigger.cs: aa00535640a464914bb19856add306dc -> 48c5e4ba96c9f234beae8838e152e959
  custom:audio-decoder-ogg-vorbis: bf7c407c2cedff20999df2af8eb42d56 -> 
  custom:audio-encoder-webm-vorbis: bf7c407c2cedff20999df2af8eb42d56 -> 
  custom:scripting/monoscript/fileName/ScoreManager.cs: 8bf37ad2a0e5ee64fa29f25e7049ed24 -> 2117df56b7ba23abd331d761e713022a
  custom:scripting/monoscript/fileName/BasketTriggerObject.cs: 9b05c554f29a11072e71a667da6ed2cb -> 
========================================================================
Received Prepare
Begin MonoManager ReloadAssembly
- Loaded All Assemblies, in  0.464 seconds
Refreshing native plugins compatible for Editor in 11.91 ms, found 9 plugins.
Native extension for WindowsStandalone target not found
[Package Manager] Server::EnsureServerProcessIsRunning -- launch failed, reason: Unity was launched with the -noUpm command-line argument
[Package Manager] UpmClient::Send -- Unable to send message (not connected to UPM process).
[Package Manager] Cannot connect to Unity Package Manager local server
Mono: successfully reloaded assembly
[Package Manager] Server::EnsureServerProcessIsRunning -- launch failed, reason: Unity was launched with the -noUpm command-line argument
[Package Manager] UpmClient::Send -- Unable to send message (not connected to UPM process).
[Package Manager] Cannot connect to Unity Package Manager local server
- Finished resetting the current domain, in  1.206 seconds
Domain Reload Profiling: 1669ms
	BeginReloadAssembly (172ms)
		ExecutionOrderSort (0ms)
		DisableScriptedObjects (4ms)
		BackupInstance (0ms)
		ReleaseScriptingObjects (0ms)
		CreateAndSetChildDomain (41ms)
	RebuildCommonClasses (32ms)
	RebuildNativeTypeToScriptingClass (11ms)
	initialDomainReloadingComplete (25ms)
	LoadAllAssembliesAndSetupDomain (222ms)
		LoadAssemblies (298ms)
		RebuildTransferFunctionScriptingTraits (0ms)
		AnalyzeDomain (19ms)
			TypeCache.Refresh (7ms)
				TypeCache.ScanAssembly (0ms)
			ScanForSourceGeneratedMonoScriptInfo (0ms)
			ResolveRequiredComponents (9ms)
	FinalizeReload (1207ms)
		ReleaseScriptCaches (0ms)
		RebuildScriptCaches (0ms)
		SetupLoadedEditorAssemblies (594ms)
			LogAssemblyErrors (0ms)
			InitializePlatformSupportModulesInManaged (5ms)
			SetLoadedEditorAssemblies (6ms)
			RefreshPlugins (0ms)
			BeforeProcessingInitializeOnLoad (74ms)
			ProcessInitializeOnLoadAttributes (459ms)
			ProcessInitializeOnLoadMethodAttributes (48ms)
			AfterProcessingInitializeOnLoad (2ms)
			EditorAssembliesLoaded (0ms)
		ExecutionOrderSort2 (0ms)
		AwakeInstancesAfterBackupRestoration (7ms)
Refreshing native plugins compatible for Editor in 30.27 ms, found 9 plugins.
Preloading 0 native plugins for Editor in 0.00 ms.
Unloading 4470 Unused Serialized files (Serialized files now loaded: 0)
Unloading 61 unused Assets / (50.7 KB). Loaded Objects now: 5084.
Memory consumption went from 167.5 MB to 167.4 MB.
Total: 5.975500 ms (FindLiveObjects: 0.654700 ms CreateObjectMapping: 0.445200 ms MarkObjects: 4.746700 ms  DeleteObjects: 0.127300 ms)

Prepare: number of updated asset objects reloaded= 0
AssetImportParameters requested are different than current active one (requested -> active):
  custom:container-demuxer-ogg: 62fdf1f143b41e24485cea50d1cbac27 -> 
  custom:video-codec-MediaFoundation-h265: 746d11721c4dcdbdad8f713fa42b33f4 -> 
  custom:video-decoder-ogg-theora: a1e56fd34408186e4bbccfd4996cb3dc -> 
  custom:framework-win-MediaFoundation: 216162199b28c13a410421893ffa2e32 -> 
  custom:scripting/monoscript/fileName/DisconnectOnGrab.cs: b6d535f14de0b54fc350dbde59139bca -> 829cd3f79b470f7b924c00f819c10ca8
  custom:CustomObjectIndexerAttribute: 9a22284fe3817be447336de3de66b15e -> 
  custom:scripting/monoscript/fileName/SocketChecker.cs: 81e2c6ae821d2f82fca4ae7f488fee82 -> 11eea032f05868895a3d7bd31e5112c8
  custom:container-demuxer-webm: 4f35f7cbe854078d1ac9338744f61a02 -> 
  custom:container-muxer-webm: aa71ff27fc2769a1b78a27578f13a17b -> 
  custom:video-decoder-webm-vp8: 9c59270c3fd7afecdb556c50c9e8de78 -> 
  custom:scripting/monoscript/fileName/ObjectConnector.cs: b6889c6d7c3a3d07a33c3997b113a4de -> 27ec08e04caab7342e1ebf9ebffa40c1
  custom:SearchIndexIgnoredProperties: e643bd26f0fe6173181afceb89e7c659 -> 
  custom:AudioImporter_EditorPlatform: d09bf68614088b80899f8185d706f6e7 -> 
  custom:video-encoder-webm-vp8: eb34c28f22e8b96e1ab97ce403110664 -> 
  custom:scripting/monoscript/fileName/BasketTrigger.cs: aa00535640a464914bb19856add306dc -> 48c5e4ba96c9f234beae8838e152e959
  custom:audio-decoder-ogg-vorbis: bf7c407c2cedff20999df2af8eb42d56 -> 
  custom:audio-encoder-webm-vorbis: bf7c407c2cedff20999df2af8eb42d56 -> 
  custom:scripting/monoscript/fileName/ScoreManager.cs: 8bf37ad2a0e5ee64fa29f25e7049ed24 -> 2117df56b7ba23abd331d761e713022a
  custom:scripting/monoscript/fileName/BasketTriggerObject.cs: 9b05c554f29a11072e71a667da6ed2cb -> 
========================================================================
Received Prepare
Begin MonoManager ReloadAssembly
- Loaded All Assemblies, in  0.444 seconds
Refreshing native plugins compatible for Editor in 11.76 ms, found 9 plugins.
Native extension for WindowsStandalone target not found
[Package Manager] Server::EnsureServerProcessIsRunning -- launch failed, reason: Unity was launched with the -noUpm command-line argument
[Package Manager] UpmClient::Send -- Unable to send message (not connected to UPM process).
[Package Manager] Cannot connect to Unity Package Manager local server
Mono: successfully reloaded assembly
[Package Manager] Server::EnsureServerProcessIsRunning -- launch failed, reason: Unity was launched with the -noUpm command-line argument
[Package Manager] UpmClient::Send -- Unable to send message (not connected to UPM process).
[Package Manager] Cannot connect to Unity Package Manager local server
- Finished resetting the current domain, in  1.171 seconds
Domain Reload Profiling: 1615ms
	BeginReloadAssembly (164ms)
		ExecutionOrderSort (0ms)
		DisableScriptedObjects (3ms)
		BackupInstance (0ms)
		ReleaseScriptingObjects (0ms)
		CreateAndSetChildDomain (34ms)
	RebuildCommonClasses (34ms)
	RebuildNativeTypeToScriptingClass (11ms)
	initialDomainReloadingComplete (25ms)
	LoadAllAssembliesAndSetupDomain (210ms)
		LoadAssemblies (289ms)
		RebuildTransferFunctionScriptingTraits (0ms)
		AnalyzeDomain (16ms)
			TypeCache.Refresh (6ms)
				TypeCache.ScanAssembly (0ms)
			ScanForSourceGeneratedMonoScriptInfo (0ms)
			ResolveRequiredComponents (7ms)
	FinalizeReload (1172ms)
		ReleaseScriptCaches (0ms)
		RebuildScriptCaches (0ms)
		SetupLoadedEditorAssemblies (604ms)
			LogAssemblyErrors (0ms)
			InitializePlatformSupportModulesInManaged (5ms)
			SetLoadedEditorAssemblies (5ms)
			RefreshPlugins (0ms)
			BeforeProcessingInitializeOnLoad (72ms)
			ProcessInitializeOnLoadAttributes (478ms)
			ProcessInitializeOnLoadMethodAttributes (42ms)
			AfterProcessingInitializeOnLoad (2ms)
			EditorAssembliesLoaded (0ms)
		ExecutionOrderSort2 (0ms)
		AwakeInstancesAfterBackupRestoration (9ms)
Refreshing native plugins compatible for Editor in 27.46 ms, found 9 plugins.
Preloading 0 native plugins for Editor in 0.00 ms.
Unloading 4470 Unused Serialized files (Serialized files now loaded: 0)
Unloading 61 unused Assets / (50.7 KB). Loaded Objects now: 5088.
Memory consumption went from 167.5 MB to 167.4 MB.
Total: 5.753900 ms (FindLiveObjects: 0.425000 ms CreateObjectMapping: 0.439400 ms MarkObjects: 4.758600 ms  DeleteObjects: 0.129400 ms)

Prepare: number of updated asset objects reloaded= 0
AssetImportParameters requested are different than current active one (requested -> active):
  custom:container-demuxer-ogg: 62fdf1f143b41e24485cea50d1cbac27 -> 
  custom:video-codec-MediaFoundation-h265: 746d11721c4dcdbdad8f713fa42b33f4 -> 
  custom:video-decoder-ogg-theora: a1e56fd34408186e4bbccfd4996cb3dc -> 
  custom:framework-win-MediaFoundation: 216162199b28c13a410421893ffa2e32 -> 
  custom:scripting/monoscript/fileName/DisconnectOnGrab.cs: b6d535f14de0b54fc350dbde59139bca -> 829cd3f79b470f7b924c00f819c10ca8
  custom:CustomObjectIndexerAttribute: 9a22284fe3817be447336de3de66b15e -> 
  custom:scripting/monoscript/fileName/SocketChecker.cs: 81e2c6ae821d2f82fca4ae7f488fee82 -> 11eea032f05868895a3d7bd31e5112c8
  custom:container-demuxer-webm: 4f35f7cbe854078d1ac9338744f61a02 -> 
  custom:container-muxer-webm: aa71ff27fc2769a1b78a27578f13a17b -> 
  custom:video-decoder-webm-vp8: 9c59270c3fd7afecdb556c50c9e8de78 -> 
  custom:scripting/monoscript/fileName/ObjectConnector.cs: b6889c6d7c3a3d07a33c3997b113a4de -> 27ec08e04caab7342e1ebf9ebffa40c1
  custom:SearchIndexIgnoredProperties: e643bd26f0fe6173181afceb89e7c659 -> 
  custom:AudioImporter_EditorPlatform: d09bf68614088b80899f8185d706f6e7 -> 
  custom:video-encoder-webm-vp8: eb34c28f22e8b96e1ab97ce403110664 -> 
  custom:scripting/monoscript/fileName/BasketTrigger.cs: aa00535640a464914bb19856add306dc -> 48c5e4ba96c9f234beae8838e152e959
  custom:audio-decoder-ogg-vorbis: bf7c407c2cedff20999df2af8eb42d56 -> 
  custom:audio-encoder-webm-vorbis: bf7c407c2cedff20999df2af8eb42d56 -> 
  custom:scripting/monoscript/fileName/ScoreManager.cs: 8bf37ad2a0e5ee64fa29f25e7049ed24 -> 2117df56b7ba23abd331d761e713022a
  custom:scripting/monoscript/fileName/BasketTriggerObject.cs: 9b05c554f29a11072e71a667da6ed2cb -> 
========================================================================
Received Prepare
Begin MonoManager ReloadAssembly
- Loaded All Assemblies, in  0.463 seconds
Refreshing native plugins compatible for Editor in 11.17 ms, found 9 plugins.
Native extension for WindowsStandalone target not found
[Package Manager] Server::EnsureServerProcessIsRunning -- launch failed, reason: Unity was launched with the -noUpm command-line argument
[Package Manager] UpmClient::Send -- Unable to send message (not connected to UPM process).
[Package Manager] Cannot connect to Unity Package Manager local server
Mono: successfully reloaded assembly
[Package Manager] Server::EnsureServerProcessIsRunning -- launch failed, reason: Unity was launched with the -noUpm command-line argument
[Package Manager] UpmClient::Send -- Unable to send message (not connected to UPM process).
[Package Manager] Cannot connect to Unity Package Manager local server
- Finished resetting the current domain, in  1.092 seconds
Domain Reload Profiling: 1554ms
	BeginReloadAssembly (164ms)
		ExecutionOrderSort (0ms)
		DisableScriptedObjects (3ms)
		BackupInstance (0ms)
		ReleaseScriptingObjects (0ms)
		CreateAndSetChildDomain (34ms)
	RebuildCommonClasses (33ms)
	RebuildNativeTypeToScriptingClass (12ms)
	initialDomainReloadingComplete (30ms)
	LoadAllAssembliesAndSetupDomain (224ms)
		LoadAssemblies (303ms)
		RebuildTransferFunctionScriptingTraits (0ms)
		AnalyzeDomain (18ms)
			TypeCache.Refresh (7ms)
				TypeCache.ScanAssembly (0ms)
			ScanForSourceGeneratedMonoScriptInfo (0ms)
			ResolveRequiredComponents (9ms)
	FinalizeReload (1093ms)
		ReleaseScriptCaches (0ms)
		RebuildScriptCaches (0ms)
		SetupLoadedEditorAssemblies (540ms)
			LogAssemblyErrors (0ms)
			InitializePlatformSupportModulesInManaged (5ms)
			SetLoadedEditorAssemblies (5ms)
			RefreshPlugins (0ms)
			BeforeProcessingInitializeOnLoad (68ms)
			ProcessInitializeOnLoadAttributes (419ms)
			ProcessInitializeOnLoadMethodAttributes (42ms)
			AfterProcessingInitializeOnLoad (2ms)
			EditorAssembliesLoaded (0ms)
		ExecutionOrderSort2 (0ms)
		AwakeInstancesAfterBackupRestoration (7ms)
Refreshing native plugins compatible for Editor in 27.31 ms, found 9 plugins.
Preloading 0 native plugins for Editor in 0.00 ms.
Unloading 4470 Unused Serialized files (Serialized files now loaded: 0)
Unloading 61 unused Assets / (50.7 KB). Loaded Objects now: 5092.
Memory consumption went from 167.5 MB to 167.4 MB.
Total: 5.191300 ms (FindLiveObjects: 0.419500 ms CreateObjectMapping: 0.271800 ms MarkObjects: 4.371200 ms  DeleteObjects: 0.127000 ms)

Prepare: number of updated asset objects reloaded= 0
AssetImportParameters requested are different than current active one (requested -> active):
  custom:container-demuxer-ogg: 62fdf1f143b41e24485cea50d1cbac27 -> 
  custom:video-codec-MediaFoundation-h265: 746d11721c4dcdbdad8f713fa42b33f4 -> 
  custom:video-decoder-ogg-theora: a1e56fd34408186e4bbccfd4996cb3dc -> 
  custom:framework-win-MediaFoundation: 216162199b28c13a410421893ffa2e32 -> 
  custom:scripting/monoscript/fileName/DisconnectOnGrab.cs: b6d535f14de0b54fc350dbde59139bca -> 829cd3f79b470f7b924c00f819c10ca8
  custom:CustomObjectIndexerAttribute: 9a22284fe3817be447336de3de66b15e -> 
  custom:scripting/monoscript/fileName/SocketChecker.cs: 81e2c6ae821d2f82fca4ae7f488fee82 -> 11eea032f05868895a3d7bd31e5112c8
  custom:container-demuxer-webm: 4f35f7cbe854078d1ac9338744f61a02 -> 
  custom:container-muxer-webm: aa71ff27fc2769a1b78a27578f13a17b -> 
  custom:video-decoder-webm-vp8: 9c59270c3fd7afecdb556c50c9e8de78 -> 
  custom:scripting/monoscript/fileName/ObjectConnector.cs: b6889c6d7c3a3d07a33c3997b113a4de -> 27ec08e04caab7342e1ebf9ebffa40c1
  custom:SearchIndexIgnoredProperties: e643bd26f0fe6173181afceb89e7c659 -> 
  custom:AudioImporter_EditorPlatform: d09bf68614088b80899f8185d706f6e7 -> 
  custom:video-encoder-webm-vp8: eb34c28f22e8b96e1ab97ce403110664 -> 
  custom:scripting/monoscript/fileName/BasketTrigger.cs: aa00535640a464914bb19856add306dc -> 48c5e4ba96c9f234beae8838e152e959
  custom:audio-decoder-ogg-vorbis: bf7c407c2cedff20999df2af8eb42d56 -> 
  custom:audio-encoder-webm-vorbis: bf7c407c2cedff20999df2af8eb42d56 -> 
  custom:scripting/monoscript/fileName/ScoreManager.cs: 8bf37ad2a0e5ee64fa29f25e7049ed24 -> 2117df56b7ba23abd331d761e713022a
  custom:scripting/monoscript/fileName/BasketTriggerObject.cs: 9b05c554f29a11072e71a667da6ed2cb -> 
========================================================================
Received Prepare
Begin MonoManager ReloadAssembly
- Loaded All Assemblies, in  0.436 seconds
Refreshing native plugins compatible for Editor in 11.87 ms, found 9 plugins.
Native extension for WindowsStandalone target not found
[Package Manager] Server::EnsureServerProcessIsRunning -- launch failed, reason: Unity was launched with the -noUpm command-line argument
[Package Manager] UpmClient::Send -- Unable to send message (not connected to UPM process).
[Package Manager] Cannot connect to Unity Package Manager local server
Mono: successfully reloaded assembly
[Package Manager] Server::EnsureServerProcessIsRunning -- launch failed, reason: Unity was launched with the -noUpm command-line argument
[Package Manager] UpmClient::Send -- Unable to send message (not connected to UPM process).
[Package Manager] Cannot connect to Unity Package Manager local server
- Finished resetting the current domain, in  1.143 seconds
Domain Reload Profiling: 1579ms
	BeginReloadAssembly (153ms)
		ExecutionOrderSort (0ms)
		DisableScriptedObjects (4ms)
		BackupInstance (0ms)
		ReleaseScriptingObjects (0ms)
		CreateAndSetChildDomain (31ms)
	RebuildCommonClasses (33ms)
	RebuildNativeTypeToScriptingClass (11ms)
	initialDomainReloadingComplete (24ms)
	LoadAllAssembliesAndSetupDomain (214ms)
		LoadAssemblies (285ms)
		RebuildTransferFunctionScriptingTraits (0ms)
		AnalyzeDomain (18ms)
			TypeCache.Refresh (6ms)
				TypeCache.ScanAssembly (0ms)
			ScanForSourceGeneratedMonoScriptInfo (0ms)
			ResolveRequiredComponents (9ms)
	FinalizeReload (1144ms)
		ReleaseScriptCaches (0ms)
		RebuildScriptCaches (0ms)
		SetupLoadedEditorAssemblies (566ms)
			LogAssemblyErrors (0ms)
			InitializePlatformSupportModulesInManaged (5ms)
			SetLoadedEditorAssemblies (5ms)
			RefreshPlugins (0ms)
			BeforeProcessingInitializeOnLoad (71ms)
			ProcessInitializeOnLoadAttributes (437ms)
			ProcessInitializeOnLoadMethodAttributes (45ms)
			AfterProcessingInitializeOnLoad (2ms)
			EditorAssembliesLoaded (0ms)
		ExecutionOrderSort2 (0ms)
		AwakeInstancesAfterBackupRestoration (7ms)
Refreshing native plugins compatible for Editor in 27.41 ms, found 9 plugins.
Preloading 0 native plugins for Editor in 0.00 ms.
Unloading 4470 Unused Serialized files (Serialized files now loaded: 0)
Unloading 61 unused Assets / (50.7 KB). Loaded Objects now: 5096.
Memory consumption went from 167.5 MB to 167.5 MB.
Total: 5.953000 ms (FindLiveObjects: 0.584400 ms CreateObjectMapping: 0.359900 ms MarkObjects: 4.869300 ms  DeleteObjects: 0.137600 ms)

Prepare: number of updated asset objects reloaded= 0
AssetImportParameters requested are different than current active one (requested -> active):
  custom:container-demuxer-ogg: 62fdf1f143b41e24485cea50d1cbac27 -> 
  custom:video-codec-MediaFoundation-h265: 746d11721c4dcdbdad8f713fa42b33f4 -> 
  custom:video-decoder-ogg-theora: a1e56fd34408186e4bbccfd4996cb3dc -> 
  custom:framework-win-MediaFoundation: 216162199b28c13a410421893ffa2e32 -> 
  custom:scripting/monoscript/fileName/DisconnectOnGrab.cs: b6d535f14de0b54fc350dbde59139bca -> 829cd3f79b470f7b924c00f819c10ca8
  custom:CustomObjectIndexerAttribute: 9a22284fe3817be447336de3de66b15e -> 
  custom:scripting/monoscript/fileName/SocketChecker.cs: 81e2c6ae821d2f82fca4ae7f488fee82 -> 11eea032f05868895a3d7bd31e5112c8
  custom:container-demuxer-webm: 4f35f7cbe854078d1ac9338744f61a02 -> 
  custom:container-muxer-webm: aa71ff27fc2769a1b78a27578f13a17b -> 
  custom:video-decoder-webm-vp8: 9c59270c3fd7afecdb556c50c9e8de78 -> 
  custom:scripting/monoscript/fileName/ObjectConnector.cs: b6889c6d7c3a3d07a33c3997b113a4de -> 27ec08e04caab7342e1ebf9ebffa40c1
  custom:SearchIndexIgnoredProperties: e643bd26f0fe6173181afceb89e7c659 -> 
  custom:AudioImporter_EditorPlatform: d09bf68614088b80899f8185d706f6e7 -> 
  custom:video-encoder-webm-vp8: eb34c28f22e8b96e1ab97ce403110664 -> 
  custom:scripting/monoscript/fileName/BasketTrigger.cs: aa00535640a464914bb19856add306dc -> 48c5e4ba96c9f234beae8838e152e959
  custom:audio-decoder-ogg-vorbis: bf7c407c2cedff20999df2af8eb42d56 -> 
  custom:audio-encoder-webm-vorbis: bf7c407c2cedff20999df2af8eb42d56 -> 
  custom:scripting/monoscript/fileName/ScoreManager.cs: 8bf37ad2a0e5ee64fa29f25e7049ed24 -> 2117df56b7ba23abd331d761e713022a
  custom:scripting/monoscript/fileName/BasketTriggerObject.cs: 9b05c554f29a11072e71a667da6ed2cb -> 
========================================================================
Received Import Request.
  Time since last request: 208.641707 seconds.
  path: Assets/Product/prefab/Laundry_Detergent.prefab
  artifactKey: Guid(d69b88083d14f5342b16761f9a5ffe96) Importer(815301076,1909f56bfc062723c751e8b465ee728b)
Start importing Assets/Product/prefab/Laundry_Detergent.prefab using Guid(d69b88083d14f5342b16761f9a5ffe96) Importer(815301076,1909f56bfc062723c751e8b465ee728b)  -> (artifact id: 'df4166123ab930646938952702e15455') in 0.111457 seconds
Number of updated asset objects reloaded before import = 0
Number of asset objects unloaded after import = 24
========================================================================
Received Import Request.
  Time since last request: 30.377167 seconds.
  path: Assets/Product/prefab/Water.prefab
  artifactKey: Guid(190afb2ef4f905343a5af0fbfac81985) Importer(815301076,1909f56bfc062723c751e8b465ee728b)
Start importing Assets/Product/prefab/Water.prefab using Guid(190afb2ef4f905343a5af0fbfac81985) Importer(815301076,1909f56bfc062723c751e8b465ee728b)  -> (artifact id: '64c266a86c6e58f146924604b97a1c67') in 0.041036 seconds
Number of updated asset objects reloaded before import = 0
Number of asset objects unloaded after import = 51
========================================================================
Received Import Request.
  Time since last request: 8.115728 seconds.
  path: Assets/Product/prefab/Cola 1.prefab
  artifactKey: Guid(9eb394ce37562484fad12605325f1eb7) Importer(815301076,1909f56bfc062723c751e8b465ee728b)
Start importing Assets/Product/prefab/Cola 1.prefab using Guid(9eb394ce37562484fad12605325f1eb7) Importer(815301076,1909f56bfc062723c751e8b465ee728b)  -> (artifact id: '5017fcf83d81607060f70779c593fa64') in 0.024743 seconds
Number of updated asset objects reloaded before import = 0
Number of asset objects unloaded after import = 51
========================================================================
Received Prepare
Begin MonoManager ReloadAssembly
- Loaded All Assemblies, in  0.459 seconds
Refreshing native plugins compatible for Editor in 12.77 ms, found 9 plugins.
Native extension for WindowsStandalone target not found
[Package Manager] Server::EnsureServerProcessIsRunning -- launch failed, reason: Unity was launched with the -noUpm command-line argument
[Package Manager] UpmClient::Send -- Unable to send message (not connected to UPM process).
[Package Manager] Cannot connect to Unity Package Manager local server
Mono: successfully reloaded assembly
[Package Manager] Server::EnsureServerProcessIsRunning -- launch failed, reason: Unity was launched with the -noUpm command-line argument
[Package Manager] UpmClient::Send -- Unable to send message (not connected to UPM process).
[Package Manager] Cannot connect to Unity Package Manager local server
- Finished resetting the current domain, in  1.125 seconds
Domain Reload Profiling: 1583ms
	BeginReloadAssembly (170ms)
		ExecutionOrderSort (0ms)
		DisableScriptedObjects (3ms)
		BackupInstance (0ms)
		ReleaseScriptingObjects (0ms)
		CreateAndSetChildDomain (38ms)
	RebuildCommonClasses (31ms)
	RebuildNativeTypeToScriptingClass (10ms)
	initialDomainReloadingComplete (24ms)
	LoadAllAssembliesAndSetupDomain (223ms)
		LoadAssemblies (301ms)
		RebuildTransferFunctionScriptingTraits (0ms)
		AnalyzeDomain (17ms)
			TypeCache.Refresh (6ms)
				TypeCache.ScanAssembly (0ms)
			ScanForSourceGeneratedMonoScriptInfo (0ms)
			ResolveRequiredComponents (8ms)
	FinalizeReload (1125ms)
		ReleaseScriptCaches (0ms)
		RebuildScriptCaches (0ms)
		SetupLoadedEditorAssemblies (520ms)
			LogAssemblyErrors (0ms)
			InitializePlatformSupportModulesInManaged (4ms)
			SetLoadedEditorAssemblies (5ms)
			RefreshPlugins (0ms)
			BeforeProcessingInitializeOnLoad (73ms)
			ProcessInitializeOnLoadAttributes (398ms)
			ProcessInitializeOnLoadMethodAttributes (39ms)
			AfterProcessingInitializeOnLoad (2ms)
			EditorAssembliesLoaded (0ms)
		ExecutionOrderSort2 (0ms)
		AwakeInstancesAfterBackupRestoration (7ms)
Refreshing native plugins compatible for Editor in 27.02 ms, found 9 plugins.
Preloading 0 native plugins for Editor in 0.00 ms.
Unloading 4469 Unused Serialized files (Serialized files now loaded: 0)
Unloading 61 unused Assets / (50.7 KB). Loaded Objects now: 5100.
Memory consumption went from 167.4 MB to 167.3 MB.
Total: 5.673100 ms (FindLiveObjects: 0.375000 ms CreateObjectMapping: 0.302600 ms MarkObjects: 4.842300 ms  DeleteObjects: 0.151600 ms)

Prepare: number of updated asset objects reloaded= 0
AssetImportParameters requested are different than current active one (requested -> active):
  custom:container-demuxer-ogg: 62fdf1f143b41e24485cea50d1cbac27 -> 
  custom:video-codec-MediaFoundation-h265: 746d11721c4dcdbdad8f713fa42b33f4 -> 
  custom:video-decoder-ogg-theora: a1e56fd34408186e4bbccfd4996cb3dc -> 
  custom:framework-win-MediaFoundation: 216162199b28c13a410421893ffa2e32 -> 
  custom:scripting/monoscript/fileName/DisconnectOnGrab.cs: b6d535f14de0b54fc350dbde59139bca -> 829cd3f79b470f7b924c00f819c10ca8
  custom:CustomObjectIndexerAttribute: 9a22284fe3817be447336de3de66b15e -> 
  custom:scripting/monoscript/fileName/SocketChecker.cs: 81e2c6ae821d2f82fca4ae7f488fee82 -> 11eea032f05868895a3d7bd31e5112c8
  custom:container-demuxer-webm: 4f35f7cbe854078d1ac9338744f61a02 -> 
  custom:container-muxer-webm: aa71ff27fc2769a1b78a27578f13a17b -> 
  custom:video-decoder-webm-vp8: 9c59270c3fd7afecdb556c50c9e8de78 -> 
  custom:scripting/monoscript/fileName/ObjectConnector.cs: b6889c6d7c3a3d07a33c3997b113a4de -> 27ec08e04caab7342e1ebf9ebffa40c1
  custom:SearchIndexIgnoredProperties: e643bd26f0fe6173181afceb89e7c659 -> 
  custom:AudioImporter_EditorPlatform: d09bf68614088b80899f8185d706f6e7 -> 
  custom:video-encoder-webm-vp8: eb34c28f22e8b96e1ab97ce403110664 -> 
  custom:scripting/monoscript/fileName/BasketTrigger.cs: aa00535640a464914bb19856add306dc -> 48c5e4ba96c9f234beae8838e152e959
  custom:audio-decoder-ogg-vorbis: bf7c407c2cedff20999df2af8eb42d56 -> 
  custom:audio-encoder-webm-vorbis: bf7c407c2cedff20999df2af8eb42d56 -> 
  custom:scripting/monoscript/fileName/ScoreManager.cs: 8bf37ad2a0e5ee64fa29f25e7049ed24 -> 2117df56b7ba23abd331d761e713022a
  custom:scripting/monoscript/fileName/BasketTriggerObject.cs: 9b05c554f29a11072e71a667da6ed2cb -> 
========================================================================
Received Prepare
Begin MonoManager ReloadAssembly
- Loaded All Assemblies, in  0.436 seconds
Refreshing native plugins compatible for Editor in 11.37 ms, found 9 plugins.
Native extension for WindowsStandalone target not found
[Package Manager] Server::EnsureServerProcessIsRunning -- launch failed, reason: Unity was launched with the -noUpm command-line argument
[Package Manager] UpmClient::Send -- Unable to send message (not connected to UPM process).
[Package Manager] Cannot connect to Unity Package Manager local server
Mono: successfully reloaded assembly
[Package Manager] Server::EnsureServerProcessIsRunning -- launch failed, reason: Unity was launched with the -noUpm command-line argument
[Package Manager] UpmClient::Send -- Unable to send message (not connected to UPM process).
[Package Manager] Cannot connect to Unity Package Manager local server
- Finished resetting the current domain, in  1.139 seconds
Domain Reload Profiling: 1574ms
	BeginReloadAssembly (166ms)
		ExecutionOrderSort (0ms)
		DisableScriptedObjects (4ms)
		BackupInstance (0ms)
		ReleaseScriptingObjects (0ms)
		CreateAndSetChildDomain (33ms)
	RebuildCommonClasses (33ms)
	RebuildNativeTypeToScriptingClass (10ms)
	initialDomainReloadingComplete (24ms)
	LoadAllAssembliesAndSetupDomain (202ms)
		LoadAssemblies (283ms)
		RebuildTransferFunctionScriptingTraits (0ms)
		AnalyzeDomain (17ms)
			TypeCache.Refresh (6ms)
				TypeCache.ScanAssembly (0ms)
			ScanForSourceGeneratedMonoScriptInfo (0ms)
			ResolveRequiredComponents (8ms)
	FinalizeReload (1139ms)
		ReleaseScriptCaches (0ms)
		RebuildScriptCaches (0ms)
		SetupLoadedEditorAssemblies (571ms)
			LogAssemblyErrors (0ms)
			InitializePlatformSupportModulesInManaged (6ms)
			SetLoadedEditorAssemblies (5ms)
			RefreshPlugins (0ms)
			BeforeProcessingInitializeOnLoad (69ms)
			ProcessInitializeOnLoadAttributes (449ms)
			ProcessInitializeOnLoadMethodAttributes (39ms)
			AfterProcessingInitializeOnLoad (2ms)
			EditorAssembliesLoaded (0ms)
		ExecutionOrderSort2 (0ms)
		AwakeInstancesAfterBackupRestoration (7ms)
Refreshing native plugins compatible for Editor in 26.26 ms, found 9 plugins.
Preloading 0 native plugins for Editor in 0.00 ms.
Unloading 4470 Unused Serialized files (Serialized files now loaded: 0)
Unloading 61 unused Assets / (50.7 KB). Loaded Objects now: 5104.
Memory consumption went from 167.6 MB to 167.6 MB.
Total: 5.443100 ms (FindLiveObjects: 0.405800 ms CreateObjectMapping: 0.332400 ms MarkObjects: 4.552600 ms  DeleteObjects: 0.150700 ms)

Prepare: number of updated asset objects reloaded= 0
AssetImportParameters requested are different than current active one (requested -> active):
  custom:container-demuxer-ogg: 62fdf1f143b41e24485cea50d1cbac27 -> 
  custom:video-codec-MediaFoundation-h265: 746d11721c4dcdbdad8f713fa42b33f4 -> 
  custom:video-decoder-ogg-theora: a1e56fd34408186e4bbccfd4996cb3dc -> 
  custom:framework-win-MediaFoundation: 216162199b28c13a410421893ffa2e32 -> 
  custom:scripting/monoscript/fileName/DisconnectOnGrab.cs: b6d535f14de0b54fc350dbde59139bca -> 829cd3f79b470f7b924c00f819c10ca8
  custom:CustomObjectIndexerAttribute: 9a22284fe3817be447336de3de66b15e -> 
  custom:scripting/monoscript/fileName/SocketChecker.cs: 81e2c6ae821d2f82fca4ae7f488fee82 -> 11eea032f05868895a3d7bd31e5112c8
  custom:container-demuxer-webm: 4f35f7cbe854078d1ac9338744f61a02 -> 
  custom:container-muxer-webm: aa71ff27fc2769a1b78a27578f13a17b -> 
  custom:video-decoder-webm-vp8: 9c59270c3fd7afecdb556c50c9e8de78 -> 
  custom:scripting/monoscript/fileName/ObjectConnector.cs: b6889c6d7c3a3d07a33c3997b113a4de -> 27ec08e04caab7342e1ebf9ebffa40c1
  custom:SearchIndexIgnoredProperties: e643bd26f0fe6173181afceb89e7c659 -> 
  custom:AudioImporter_EditorPlatform: d09bf68614088b80899f8185d706f6e7 -> 
  custom:video-encoder-webm-vp8: eb34c28f22e8b96e1ab97ce403110664 -> 
  custom:scripting/monoscript/fileName/BasketTrigger.cs: aa00535640a464914bb19856add306dc -> 48c5e4ba96c9f234beae8838e152e959
  custom:audio-decoder-ogg-vorbis: bf7c407c2cedff20999df2af8eb42d56 -> 
  custom:audio-encoder-webm-vorbis: bf7c407c2cedff20999df2af8eb42d56 -> 
  custom:scripting/monoscript/fileName/ScoreManager.cs: 8bf37ad2a0e5ee64fa29f25e7049ed24 -> 2117df56b7ba23abd331d761e713022a
  custom:scripting/monoscript/fileName/BasketTriggerObject.cs: 9b05c554f29a11072e71a667da6ed2cb -> 
========================================================================
Received Import Request.
  Time since last request: 289.079260 seconds.
  path: Assets/Product/model/Dishwashing liquid.fbx
  artifactKey: Guid(ef60d4c6aae6db542893465aa268682a) Importer(815301076,1909f56bfc062723c751e8b465ee728b)
Start importing Assets/Product/model/Dishwashing liquid.fbx using Guid(ef60d4c6aae6db542893465aa268682a) Importer(815301076,1909f56bfc062723c751e8b465ee728b)  -> (artifact id: '273a8e3c2ce6f605aa2a0edfd9746501') in 0.172658 seconds
Number of updated asset objects reloaded before import = 0
Number of asset objects unloaded after import = 22
========================================================================
Received Import Request.
  Time since last request: 6.575370 seconds.
  path: Assets/Product/textures/Dishwashing liquid.jpg
  artifactKey: Guid(af30c973ce1b1f04f9618c4462dcc160) Importer(815301076,1909f56bfc062723c751e8b465ee728b)
Start importing Assets/Product/textures/Dishwashing liquid.jpg using Guid(af30c973ce1b1f04f9618c4462dcc160) Importer(815301076,1909f56bfc062723c751e8b465ee728b)  -> (artifact id: 'eda335d6c152f1f307ee9a5f51a29297') in 0.026802 seconds
Number of updated asset objects reloaded before import = 0
Number of asset objects unloaded after import = 2
========================================================================
Received Import Request.
  Time since last request: 8.783690 seconds.
  path: Assets/Product/materials/New Material.mat
  artifactKey: Guid(48af137b16db4d5449b0c226d7fe5e8e) Importer(815301076,1909f56bfc062723c751e8b465ee728b)
Start importing Assets/Product/materials/New Material.mat using Guid(48af137b16db4d5449b0c226d7fe5e8e) Importer(815301076,1909f56bfc062723c751e8b465ee728b)  -> (artifact id: '4e592f8db0fc1e2ca407eca0193d4b0b') in 0.018927 seconds
Number of updated asset objects reloaded before import = 0
Number of asset objects unloaded after import = 1
========================================================================
Received Import Request.
  Time since last request: 62.003831 seconds.
  path: Assets/Product/materials/Dishwashing_liquid.mat
  artifactKey: Guid(48af137b16db4d5449b0c226d7fe5e8e) Importer(815301076,1909f56bfc062723c751e8b465ee728b)
Start importing Assets/Product/materials/Dishwashing_liquid.mat using Guid(48af137b16db4d5449b0c226d7fe5e8e) Importer(815301076,1909f56bfc062723c751e8b465ee728b)  -> (artifact id: 'd2241fab087d8c2ca3b02b9b030785a0') in 0.023865 seconds
Number of updated asset objects reloaded before import = 0
Number of asset objects unloaded after import = 2
========================================================================
Received Import Request.
  Time since last request: 18.155533 seconds.
  path: Assets/SimplePoly City - Low Poly Assets/Materials/Building_Bar.mat
  artifactKey: Guid(1a8b38fa8ecb06d4b8eadffe456fd574) Importer(815301076,1909f56bfc062723c751e8b465ee728b)
Start importing Assets/SimplePoly City - Low Poly Assets/Materials/Building_Bar.mat using Guid(1a8b38fa8ecb06d4b8eadffe456fd574) Importer(815301076,1909f56bfc062723c751e8b465ee728b)  -> (artifact id: '704e3526138ad15dcc86c50a8cc6289e') in 0.030530 seconds
Number of updated asset objects reloaded before import = 0
Number of asset objects unloaded after import = 2
========================================================================
Received Import Request.
  Time since last request: 0.000018 seconds.
  path: Assets/SimplePoly City - Low Poly Assets/Materials/Building_Residential_color03.mat
  artifactKey: Guid(503a5bca82bfa754d93ab882c47b76d1) Importer(815301076,1909f56bfc062723c751e8b465ee728b)
Start importing Assets/SimplePoly City - Low Poly Assets/Materials/Building_Residential_color03.mat using Guid(503a5bca82bfa754d93ab882c47b76d1) Importer(815301076,1909f56bfc062723c751e8b465ee728b)  -> (artifact id: 'a4eebf282de7c7b733cb56e4ca3d0e97') in 0.033162 seconds
Number of updated asset objects reloaded before import = 0
Number of asset objects unloaded after import = 2
========================================================================
Received Import Request.
  Time since last request: 0.000033 seconds.
  path: Assets/TextMesh Pro/Resources/Fonts & Materials/LiberationSans SDF - Outline.mat
  artifactKey: Guid(79459efec17a4d00a321bdcc27bbc385) Importer(815301076,1909f56bfc062723c751e8b465ee728b)
Start importing Assets/TextMesh Pro/Resources/Fonts & Materials/LiberationSans SDF - Outline.mat using Guid(79459efec17a4d00a321bdcc27bbc385) Importer(815301076,1909f56bfc062723c751e8b465ee728b)  -> (artifact id: 'd3c776754882ed2d0f63a8ae6934eb29') in 0.103782 seconds
Number of updated asset objects reloaded before import = 0
Number of asset objects unloaded after import = 2
========================================================================
Received Import Request.
  Time since last request: 0.000024 seconds.
  path: Assets/Samples/XR Interaction Toolkit/2.5.4/Starter Assets/Models/Primitive_Cylinder.fbx
  artifactKey: Guid(9e1dc1c14313460d872de39e35129b39) Importer(815301076,1909f56bfc062723c751e8b465ee728b)
Start importing Assets/Samples/XR Interaction Toolkit/2.5.4/Starter Assets/Models/Primitive_Cylinder.fbx using Guid(9e1dc1c14313460d872de39e35129b39) Importer(815301076,1909f56bfc062723c751e8b465ee728b)  -> (artifact id: '6fb3f35b0683d5edb19c3fd006f6e541') in 0.031420 seconds
Number of updated asset objects reloaded before import = 0
Number of asset objects unloaded after import = 8
========================================================================
Received Import Request.
  Time since last request: 0.000032 seconds.
  path: Assets/TextMesh Pro/Examples & Extras/Resources/Fonts & Materials/LiberationSans SDF - Overlay.mat
  artifactKey: Guid(9ad269c99dcf42b7aedefd83dd5a7b9d) Importer(815301076,1909f56bfc062723c751e8b465ee728b)
Start importing Assets/TextMesh Pro/Examples & Extras/Resources/Fonts & Materials/LiberationSans SDF - Overlay.mat using Guid(9ad269c99dcf42b7aedefd83dd5a7b9d) Importer(815301076,1909f56bfc062723c751e8b465ee728b)  -> (artifact id: '5c18640e4128b0d12b9539e7fa8d0d9d') in 0.028250 seconds
Number of updated asset objects reloaded before import = 0
Number of asset objects unloaded after import = 2
========================================================================
Received Import Request.
  Time since last request: 0.000097 seconds.
  path: Assets/SimplePoly City - Low Poly Assets/Materials/Building_House_01_color01.mat
  artifactKey: Guid(d0b99db790965dc40a437662f169eb57) Importer(815301076,1909f56bfc062723c751e8b465ee728b)
Start importing Assets/SimplePoly City - Low Poly Assets/Materials/Building_House_01_color01.mat using Guid(d0b99db790965dc40a437662f169eb57) Importer(815301076,1909f56bfc062723c751e8b465ee728b)  -> (artifact id: '026775fefd9ff318564321f0f6a9795e') in 0.019593 seconds
Number of updated asset objects reloaded before import = 0
Number of asset objects unloaded after import = 2
========================================================================
Received Import Request.
  Time since last request: 0.000021 seconds.
  path: Assets/SimplePoly City - Low Poly Assets/Materials/Building_Gas Station.mat
  artifactKey: Guid(5008df5fba3101c4c81e4cf6b008c663) Importer(815301076,1909f56bfc062723c751e8b465ee728b)
Start importing Assets/SimplePoly City - Low Poly Assets/Materials/Building_Gas Station.mat using Guid(5008df5fba3101c4c81e4cf6b008c663) Importer(815301076,1909f56bfc062723c751e8b465ee728b)  -> (artifact id: '4583d014f6a9c86d98c15cd57529888a') in 0.018277 seconds
Number of updated asset objects reloaded before import = 0
Number of asset objects unloaded after import = 2
========================================================================
Received Import Request.
  Time since last request: 0.000034 seconds.
  path: Assets/Samples/XR Interaction Toolkit/2.5.4/AR Starter Assets/ARDemoSceneAssets/Models/Primitive_Cube_Debug.fbx
  artifactKey: Guid(f396e3429a4864fc2ad497cb3ce5fe2c) Importer(815301076,1909f56bfc062723c751e8b465ee728b)
Start importing Assets/Samples/XR Interaction Toolkit/2.5.4/AR Starter Assets/ARDemoSceneAssets/Models/Primitive_Cube_Debug.fbx using Guid(f396e3429a4864fc2ad497cb3ce5fe2c) Importer(815301076,1909f56bfc062723c751e8b465ee728b)  -> (artifact id: 'f773bcc4a0bf9394c0caf835fd872519') in 0.065977 seconds
Number of updated asset objects reloaded before import = 0
Number of asset objects unloaded after import = 25
========================================================================
Received Import Request.
  Time since last request: 0.000029 seconds.
  path: Assets/SimplePoly City - Low Poly Assets/Materials/Building_House_03_color01.mat
  artifactKey: Guid(ca3609b9bffbfb14ab8e97e2329ad3b0) Importer(815301076,1909f56bfc062723c751e8b465ee728b)
Start importing Assets/SimplePoly City - Low Poly Assets/Materials/Building_House_03_color01.mat using Guid(ca3609b9bffbfb14ab8e97e2329ad3b0) Importer(815301076,1909f56bfc062723c751e8b465ee728b)  -> (artifact id: 'f221747921f324b64e2a706730dfd8ed') in 0.022453 seconds
Number of updated asset objects reloaded before import = 0
Number of asset objects unloaded after import = 2
========================================================================
Received Import Request.
  Time since last request: 0.000025 seconds.
  path: Assets/SimplePoly City - Low Poly Assets/Materials/Building_Residential_color02.mat
  artifactKey: Guid(032dad8ae2ae60a4b9cb4d7267132a1d) Importer(815301076,1909f56bfc062723c751e8b465ee728b)
Start importing Assets/SimplePoly City - Low Poly Assets/Materials/Building_Residential_color02.mat using Guid(032dad8ae2ae60a4b9cb4d7267132a1d) Importer(815301076,1909f56bfc062723c751e8b465ee728b)  -> (artifact id: 'ec1f61ddc31d3d161199a33fe00ca032') in 0.036432 seconds
Number of updated asset objects reloaded before import = 0
Number of asset objects unloaded after import = 2
========================================================================
Received Import Request.
  Time since last request: 0.000022 seconds.
  path: Assets/Samples/XR Interaction Toolkit/2.5.4/Starter Assets/Models/Reticle_Torus.fbx
  artifactKey: Guid(be2911572dc3afa448d24b4e97edc5f1) Importer(815301076,1909f56bfc062723c751e8b465ee728b)
Start importing Assets/Samples/XR Interaction Toolkit/2.5.4/Starter Assets/Models/Reticle_Torus.fbx using Guid(be2911572dc3afa448d24b4e97edc5f1) Importer(815301076,1909f56bfc062723c751e8b465ee728b)  -> (artifact id: '090ba8d35d990936a108d624dc712476') in 0.032084 seconds
Number of updated asset objects reloaded before import = 0
Number of asset objects unloaded after import = 8
========================================================================
Received Import Request.
  Time since last request: 0.000025 seconds.
  path: Assets/TextMesh Pro/Resources/Fonts & Materials/LiberationSans SDF - Drop Shadow.mat
  artifactKey: Guid(e73a58f6e2794ae7b1b7e50b7fb811b0) Importer(815301076,1909f56bfc062723c751e8b465ee728b)
Start importing Assets/TextMesh Pro/Resources/Fonts & Materials/LiberationSans SDF - Drop Shadow.mat using Guid(e73a58f6e2794ae7b1b7e50b7fb811b0) Importer(815301076,1909f56bfc062723c751e8b465ee728b)  -> (artifact id: '3f1f461e820f7b62bc751b347f91c10d') in 0.092533 seconds
Number of updated asset objects reloaded before import = 0
Number of asset objects unloaded after import = 2
========================================================================
Received Import Request.
  Time since last request: 0.000022 seconds.
  path: Assets/SimplePoly City - Low Poly Assets/Materials/Building_House_02_color03.mat
  artifactKey: Guid(c622c6f6cb906dd47b5fd1368346e0c8) Importer(815301076,1909f56bfc062723c751e8b465ee728b)
Start importing Assets/SimplePoly City - Low Poly Assets/Materials/Building_House_02_color03.mat using Guid(c622c6f6cb906dd47b5fd1368346e0c8) Importer(815301076,1909f56bfc062723c751e8b465ee728b)  -> (artifact id: 'e3500e204c0eaa3afd16f2793c645994') in 0.018286 seconds
Number of updated asset objects reloaded before import = 0
Number of asset objects unloaded after import = 2
========================================================================
Received Import Request.
  Time since last request: 0.000023 seconds.
  path: Assets/SimplePoly City - Low Poly Assets/Materials/Building_House_04_color01.mat
  artifactKey: Guid(b5a19d15b0a91e74eacfaf96d03ca2f0) Importer(815301076,1909f56bfc062723c751e8b465ee728b)
Start importing Assets/SimplePoly City - Low Poly Assets/Materials/Building_House_04_color01.mat using Guid(b5a19d15b0a91e74eacfaf96d03ca2f0) Importer(815301076,1909f56bfc062723c751e8b465ee728b)  -> (artifact id: '346a02d6970ab6cce148e81175c6242f') in 0.019774 seconds
Number of updated asset objects reloaded before import = 0
Number of asset objects unloaded after import = 2
========================================================================
Received Import Request.
  Time since last request: 0.000035 seconds.
  path: Assets/SimplePoly City - Low Poly Assets/Materials/Building_Drug Store.mat
  artifactKey: Guid(f9332e9be9cda3a4e8544e41a0366b6d) Importer(815301076,1909f56bfc062723c751e8b465ee728b)
Start importing Assets/SimplePoly City - Low Poly Assets/Materials/Building_Drug Store.mat using Guid(f9332e9be9cda3a4e8544e41a0366b6d) Importer(815301076,1909f56bfc062723c751e8b465ee728b)  -> (artifact id: 'ba6ce098b1e1abb0ae87acc45b222ab2') in 0.021092 seconds
Number of updated asset objects reloaded before import = 0
Number of asset objects unloaded after import = 2
========================================================================
Received Import Request.
  Time since last request: 0.000023 seconds.
  path: Assets/PanoramicCartoonSkybox/Materials/CloudDay.mat
  artifactKey: Guid(d168c0162d579834493612b46a8d2640) Importer(815301076,1909f56bfc062723c751e8b465ee728b)
Start importing Assets/PanoramicCartoonSkybox/Materials/CloudDay.mat using Guid(d168c0162d579834493612b46a8d2640) Importer(815301076,1909f56bfc062723c751e8b465ee728b)  -> (artifact id: 'dc4f426bd30d91cc2cd5324a9b2831a8') in 0.034232 seconds
Number of updated asset objects reloaded before import = 0
Number of asset objects unloaded after import = 2
========================================================================
Received Import Request.
  Time since last request: 0.000021 seconds.
  path: Assets/SimplePoly City - Low Poly Assets/Materials/Building_House_04_color02.mat
  artifactKey: Guid(5969c1f4dba612842ac19dbf345dd211) Importer(815301076,1909f56bfc062723c751e8b465ee728b)
Start importing Assets/SimplePoly City - Low Poly Assets/Materials/Building_House_04_color02.mat using Guid(5969c1f4dba612842ac19dbf345dd211) Importer(815301076,1909f56bfc062723c751e8b465ee728b)  -> (artifact id: '108a779f1b2833b132d616b76d2078c5') in 0.021667 seconds
Number of updated asset objects reloaded before import = 0
Number of asset objects unloaded after import = 2
========================================================================
Received Import Request.
  Time since last request: 0.000025 seconds.
  path: Assets/SimplePoly City - Low Poly Assets/Materials/Building_Factory.mat
  artifactKey: Guid(abc266de8c01de040bfa48da3f006d12) Importer(815301076,1909f56bfc062723c751e8b465ee728b)
Start importing Assets/SimplePoly City - Low Poly Assets/Materials/Building_Factory.mat using Guid(abc266de8c01de040bfa48da3f006d12) Importer(815301076,1909f56bfc062723c751e8b465ee728b)  -> (artifact id: 'be90f4db0252d5e4a48cab872679660f') in 0.022250 seconds
Number of updated asset objects reloaded before import = 0
Number of asset objects unloaded after import = 2
========================================================================
Received Import Request.
  Time since last request: 0.000019 seconds.
  path: Assets/SimplePoly City - Low Poly Assets/Materials/Building_Restaurant.mat
  artifactKey: Guid(583621a2a9afaee4c93548c5ac08d4e3) Importer(815301076,1909f56bfc062723c751e8b465ee728b)
Start importing Assets/SimplePoly City - Low Poly Assets/Materials/Building_Restaurant.mat using Guid(583621a2a9afaee4c93548c5ac08d4e3) Importer(815301076,1909f56bfc062723c751e8b465ee728b)  -> (artifact id: '1faf7f4f6bb2909c2f5543d29c241885') in 0.020318 seconds
Number of updated asset objects reloaded before import = 0
Number of asset objects unloaded after import = 2
========================================================================
Received Import Request.
  Time since last request: 0.000021 seconds.
  path: Assets/SimplePoly City - Low Poly Assets/Materials/Building_Clothing.mat
  artifactKey: Guid(906011f6bacf9c9479526c7df3eacc75) Importer(815301076,1909f56bfc062723c751e8b465ee728b)
Start importing Assets/SimplePoly City - Low Poly Assets/Materials/Building_Clothing.mat using Guid(906011f6bacf9c9479526c7df3eacc75) Importer(815301076,1909f56bfc062723c751e8b465ee728b)  -> (artifact id: '61d72bcc1e403af608943b2754648b40') in 0.032579 seconds
Number of updated asset objects reloaded before import = 0
Number of asset objects unloaded after import = 2
========================================================================
Received Import Request.
  Time since last request: 0.000019 seconds.
  path: Assets/Samples/XR Interaction Toolkit/2.5.4/Starter Assets/DemoSceneAssets/Models/Primitive_Pyramid.fbx
  artifactKey: Guid(63e02ddb08ce42da868504e1333d48ae) Importer(815301076,1909f56bfc062723c751e8b465ee728b)
Start importing Assets/Samples/XR Interaction Toolkit/2.5.4/Starter Assets/DemoSceneAssets/Models/Primitive_Pyramid.fbx using Guid(63e02ddb08ce42da868504e1333d48ae) Importer(815301076,1909f56bfc062723c751e8b465ee728b)  -> (artifact id: '36a58cfe1b3f2217d20b5e16b3ac566e') in 0.032107 seconds
Number of updated asset objects reloaded before import = 0
Number of asset objects unloaded after import = 8
========================================================================
Received Import Request.
  Time since last request: 0.000019 seconds.
  path: Assets/SimplePoly City - Low Poly Assets/Materials/Building_Pizza.mat
  artifactKey: Guid(98387a5e673a6ab4dbed345505f5ca07) Importer(815301076,1909f56bfc062723c751e8b465ee728b)
Start importing Assets/SimplePoly City - Low Poly Assets/Materials/Building_Pizza.mat using Guid(98387a5e673a6ab4dbed345505f5ca07) Importer(815301076,1909f56bfc062723c751e8b465ee728b)  -> (artifact id: '1317c1c50aa6b143ca3278a48a32ec26') in 0.033255 seconds
Number of updated asset objects reloaded before import = 0
Number of asset objects unloaded after import = 2
========================================================================
Received Import Request.
  Time since last request: 0.000023 seconds.
  path: Assets/SimplePoly City - Low Poly Assets/Materials/Building_House_01_color02.mat
  artifactKey: Guid(1b289b633b2f4624584f749cf4e5e7f2) Importer(815301076,1909f56bfc062723c751e8b465ee728b)
Start importing Assets/SimplePoly City - Low Poly Assets/Materials/Building_House_01_color02.mat using Guid(1b289b633b2f4624584f749cf4e5e7f2) Importer(815301076,1909f56bfc062723c751e8b465ee728b)  -> (artifact id: 'c4444a4097c227bd8abc6afb291f00bf') in 0.018818 seconds
Number of updated asset objects reloaded before import = 0
Number of asset objects unloaded after import = 2
========================================================================
Received Import Request.
  Time since last request: 0.000048 seconds.
  path: Assets/SimplePoly City - Low Poly Assets/Materials/Building_House_01_color03.mat
  artifactKey: Guid(b6d73c7816cc2914d8f49ccc54d19714) Importer(815301076,1909f56bfc062723c751e8b465ee728b)
Start importing Assets/SimplePoly City - Low Poly Assets/Materials/Building_House_01_color03.mat using Guid(b6d73c7816cc2914d8f49ccc54d19714) Importer(815301076,1909f56bfc062723c751e8b465ee728b)  -> (artifact id: '23b8f4d72596ff29f2f3d5ebce9c3de5') in 0.017585 seconds
Number of updated asset objects reloaded before import = 0
Number of asset objects unloaded after import = 2
========================================================================
Received Import Request.
  Time since last request: 0.000120 seconds.
  path: Assets/TextMesh Pro/Fonts/LiberationSans.ttf
  artifactKey: Guid(e3265ab4bf004d28a9537516768c1c75) Importer(815301076,1909f56bfc062723c751e8b465ee728b)
Start importing Assets/TextMesh Pro/Fonts/LiberationSans.ttf using Guid(e3265ab4bf004d28a9537516768c1c75) Importer(815301076,1909f56bfc062723c751e8b465ee728b)  -> (artifact id: '8756f7c291147a75e95d0f4a0d9e7e56') in 0.018820 seconds
Number of updated asset objects reloaded before import = 0
Number of asset objects unloaded after import = 4
========================================================================
Received Import Request.
  Time since last request: 0.000098 seconds.
  path: Assets/Samples/XR Interaction Toolkit/2.5.4/AR Starter Assets/Materials/FeatheredPlaneMaterial.mat
  artifactKey: Guid(d5774351bc3ae4ad393dc1d142ff4235) Importer(815301076,1909f56bfc062723c751e8b465ee728b)
Start importing Assets/Samples/XR Interaction Toolkit/2.5.4/AR Starter Assets/Materials/FeatheredPlaneMaterial.mat using Guid(d5774351bc3ae4ad393dc1d142ff4235) Importer(815301076,1909f56bfc062723c751e8b465ee728b)  -> (artifact id: '314312fb41f4633915cbaff15d5aed3b') in 0.018490 seconds
Number of updated asset objects reloaded before import = 0
Number of asset objects unloaded after import = 2
========================================================================
Received Import Request.
  Time since last request: 0.000022 seconds.
  path: Assets/SimplePoly City - Low Poly Assets/Materials/Building_House_03_color03.mat
  artifactKey: Guid(0ee6e621355b5ac4da1102c54fbb63d8) Importer(815301076,1909f56bfc062723c751e8b465ee728b)
Start importing Assets/SimplePoly City - Low Poly Assets/Materials/Building_House_03_color03.mat using Guid(0ee6e621355b5ac4da1102c54fbb63d8) Importer(815301076,1909f56bfc062723c751e8b465ee728b)  -> (artifact id: 'fde1e91148242a13b12b1e789046fa3a') in 0.022191 seconds
Number of updated asset objects reloaded before import = 0
Number of asset objects unloaded after import = 2
========================================================================
Received Import Request.
  Time since last request: 0.000023 seconds.
  path: Assets/SimplePoly City - Low Poly Assets/Materials/Building_Music Store.mat
  artifactKey: Guid(82af60631a0969d44b0bf6becad3dc6e) Importer(815301076,1909f56bfc062723c751e8b465ee728b)
Start importing Assets/SimplePoly City - Low Poly Assets/Materials/Building_Music Store.mat using Guid(82af60631a0969d44b0bf6becad3dc6e) Importer(815301076,1909f56bfc062723c751e8b465ee728b)  -> (artifact id: '12e5c4986d7cec20f699d48e52173999') in 0.031915 seconds
Number of updated asset objects reloaded before import = 0
Number of asset objects unloaded after import = 2
========================================================================
Received Import Request.
  Time since last request: 0.000024 seconds.
  path: Assets/TextMesh Pro/Examples & Extras/Materials/Ground - Logo Scene.mat
  artifactKey: Guid(c719e38f25a9480abd2480ab621a2949) Importer(815301076,1909f56bfc062723c751e8b465ee728b)
Start importing Assets/TextMesh Pro/Examples & Extras/Materials/Ground - Logo Scene.mat using Guid(c719e38f25a9480abd2480ab621a2949) Importer(815301076,1909f56bfc062723c751e8b465ee728b)  -> (artifact id: '21a614ba7beacaa912b5b9328f93b1d2') in 0.024199 seconds
Number of updated asset objects reloaded before import = 0
Number of asset objects unloaded after import = 2
========================================================================
Received Import Request.
  Time since last request: 0.000019 seconds.
  path: Assets/TextMesh Pro/Examples & Extras/Resources/Fonts & Materials/LiberationSans SDF - Metalic Green.mat
  artifactKey: Guid(8b29aaa3eec7468097ff07adfcf29ac9) Importer(815301076,1909f56bfc062723c751e8b465ee728b)
Start importing Assets/TextMesh Pro/Examples & Extras/Resources/Fonts & Materials/LiberationSans SDF - Metalic Green.mat using Guid(8b29aaa3eec7468097ff07adfcf29ac9) Importer(815301076,1909f56bfc062723c751e8b465ee728b)  -> (artifact id: '102e40eaab7e97e2fa0143db3d737c6e') in 0.162098 seconds
Number of updated asset objects reloaded before import = 0
Number of asset objects unloaded after import = 4
========================================================================
Received Import Request.
  Time since last request: 2.158788 seconds.
  path: Assets/TextMesh Pro/Examples & Extras/Resources/Fonts & Materials/Anton SDF - Drop Shadow.mat
  artifactKey: Guid(749b9069dc4742c5bfa5c74644049926) Importer(815301076,1909f56bfc062723c751e8b465ee728b)
Start importing Assets/TextMesh Pro/Examples & Extras/Resources/Fonts & Materials/Anton SDF - Drop Shadow.mat using Guid(749b9069dc4742c5bfa5c74644049926) Importer(815301076,1909f56bfc062723c751e8b465ee728b)  -> (artifact id: '7ff5e1e81f624c8b8df7563731c0d42a') in 0.017611 seconds
Number of updated asset objects reloaded before import = 0
Number of asset objects unloaded after import = 2
========================================================================
Received Import Request.
  Time since last request: 0.000023 seconds.
  path: Assets/SimplePoly City - Low Poly Assets/Materials/Building Sky_big_color01.mat
  artifactKey: Guid(0238b0371d23a1b4d98b05c3ff3b4df7) Importer(815301076,1909f56bfc062723c751e8b465ee728b)
Start importing Assets/SimplePoly City - Low Poly Assets/Materials/Building Sky_big_color01.mat using Guid(0238b0371d23a1b4d98b05c3ff3b4df7) Importer(815301076,1909f56bfc062723c751e8b465ee728b)  -> (artifact id: '97396f443f12bfe0f54163cda6620fe1') in 0.031465 seconds
Number of updated asset objects reloaded before import = 0
Number of asset objects unloaded after import = 2
========================================================================
Received Import Request.
  Time since last request: 0.000024 seconds.
  path: Assets/SimplePoly City - Low Poly Assets/Materials/Building Sky_big_color02.mat
  artifactKey: Guid(ba66acee62948c24baacd1186810d424) Importer(815301076,1909f56bfc062723c751e8b465ee728b)
Start importing Assets/SimplePoly City - Low Poly Assets/Materials/Building Sky_big_color02.mat using Guid(ba66acee62948c24baacd1186810d424) Importer(815301076,1909f56bfc062723c751e8b465ee728b)  -> (artifact id: 'de40e90549b0c9f882668c949df91023') in 0.030218 seconds
Number of updated asset objects reloaded before import = 0
Number of asset objects unloaded after import = 2
========================================================================
Received Import Request.
  Time since last request: 0.000022 seconds.
  path: Assets/SimplePoly City - Low Poly Assets/Materials/Building Sky_big_color03.mat
  artifactKey: Guid(a1a61be9dd7e91b4faec2c4eb7ca4e8c) Importer(815301076,1909f56bfc062723c751e8b465ee728b)
Start importing Assets/SimplePoly City - Low Poly Assets/Materials/Building Sky_big_color03.mat using Guid(a1a61be9dd7e91b4faec2c4eb7ca4e8c) Importer(815301076,1909f56bfc062723c751e8b465ee728b)  -> (artifact id: '87a5bf8dce552e2fc3fc3fecb90f6cd9') in 0.021549 seconds
Number of updated asset objects reloaded before import = 0
Number of asset objects unloaded after import = 2
========================================================================
Received Import Request.
  Time since last request: 0.000025 seconds.
  path: Assets/SimplePoly City - Low Poly Assets/Materials/Building_Bakery.mat
  artifactKey: Guid(0f42aff1d68094547961d46298d2dba2) Importer(815301076,1909f56bfc062723c751e8b465ee728b)
Start importing Assets/SimplePoly City - Low Poly Assets/Materials/Building_Bakery.mat using Guid(0f42aff1d68094547961d46298d2dba2) Importer(815301076,1909f56bfc062723c751e8b465ee728b)  -> (artifact id: '9fd46b8cd4cf355f14e0172eeec4a6db') in 0.035519 seconds
Number of updated asset objects reloaded before import = 0
Number of asset objects unloaded after import = 2
========================================================================
Received Import Request.
  Time since last request: 0.000021 seconds.
  path: Assets/TextMesh Pro/Examples & Extras/Resources/Fonts & Materials/Bangers SDF - Outline.mat
  artifactKey: Guid(f629c6e43dba4bf38cb74d8860150664) Importer(815301076,1909f56bfc062723c751e8b465ee728b)
Start importing Assets/TextMesh Pro/Examples & Extras/Resources/Fonts & Materials/Bangers SDF - Outline.mat using Guid(f629c6e43dba4bf38cb74d8860150664) Importer(815301076,1909f56bfc062723c751e8b465ee728b)  -> (artifact id: '59ca426756093a1daa3ba0864d7b3376') in 0.010204 seconds
Number of updated asset objects reloaded before import = 0
Number of asset objects unloaded after import = 2
========================================================================
Received Import Request.
  Time since last request: 0.000025 seconds.
  path: Assets/SimplePoly City - Low Poly Assets/Materials/Building_Auto Service.mat
  artifactKey: Guid(38ce9279a60381844a3f6a85bac88a3e) Importer(815301076,1909f56bfc062723c751e8b465ee728b)
Start importing Assets/SimplePoly City - Low Poly Assets/Materials/Building_Auto Service.mat using Guid(38ce9279a60381844a3f6a85bac88a3e) Importer(815301076,1909f56bfc062723c751e8b465ee728b)  -> (artifact id: '6d290e7e6061aaf20cd9bd56e6902c9f') in 0.033109 seconds
Number of updated asset objects reloaded before import = 0
Number of asset objects unloaded after import = 2
========================================================================
Received Import Request.
  Time since last request: 0.000039 seconds.
  path: Assets/TextMesh Pro/Examples & Extras/Resources/Fonts & Materials/Bangers SDF - Drop Shadow.mat
  artifactKey: Guid(f2dcf029949142e28b974630369c8b4e) Importer(815301076,1909f56bfc062723c751e8b465ee728b)
Start importing Assets/TextMesh Pro/Examples & Extras/Resources/Fonts & Materials/Bangers SDF - Drop Shadow.mat using Guid(f2dcf029949142e28b974630369c8b4e) Importer(815301076,1909f56bfc062723c751e8b465ee728b)  -> (artifact id: '6881780783cdd2c46e199241c3abb3b7') in 0.008632 seconds
Number of updated asset objects reloaded before import = 0
Number of asset objects unloaded after import = 2
========================================================================
Received Import Request.
  Time since last request: 0.000024 seconds.
  path: Assets/SimplePoly City - Low Poly Assets/Materials/Building Sky_small_color03.mat
  artifactKey: Guid(8f1cbf7d8b46f0c44ab5e32bfc3041a6) Importer(815301076,1909f56bfc062723c751e8b465ee728b)
Start importing Assets/SimplePoly City - Low Poly Assets/Materials/Building Sky_small_color03.mat using Guid(8f1cbf7d8b46f0c44ab5e32bfc3041a6) Importer(815301076,1909f56bfc062723c751e8b465ee728b)  -> (artifact id: '6ee8d6c6a7f0107d172de3ae8175e7e7') in 0.022051 seconds
Number of updated asset objects reloaded before import = 0
Number of asset objects unloaded after import = 2
========================================================================
Received Import Request.
  Time since last request: 0.000022 seconds.
  path: Assets/SimplePoly City - Low Poly Assets/Materials/Building Sky_small_color02.mat
  artifactKey: Guid(c16376cb5b7e25b429aa618d4386f4ea) Importer(815301076,1909f56bfc062723c751e8b465ee728b)
Start importing Assets/SimplePoly City - Low Poly Assets/Materials/Building Sky_small_color02.mat using Guid(c16376cb5b7e25b429aa618d4386f4ea) Importer(815301076,1909f56bfc062723c751e8b465ee728b)  -> (artifact id: 'ba71a2e6f92f44cae4554a2842f5d330') in 0.034299 seconds
Number of updated asset objects reloaded before import = 0
Number of asset objects unloaded after import = 2
========================================================================
Received Import Request.
  Time since last request: 0.000028 seconds.
  path: Assets/SimplePoly City - Low Poly Assets/Materials/Building Sky_small_color01.mat
  artifactKey: Guid(cf528230e5d0dcd42ab2d20dcda96917) Importer(815301076,1909f56bfc062723c751e8b465ee728b)
Start importing Assets/SimplePoly City - Low Poly Assets/Materials/Building Sky_small_color01.mat using Guid(cf528230e5d0dcd42ab2d20dcda96917) Importer(815301076,1909f56bfc062723c751e8b465ee728b)  -> (artifact id: 'b5f2427e47ec45ba91ef49bd18a1027d') in 0.021115 seconds
Number of updated asset objects reloaded before import = 0
Number of asset objects unloaded after import = 2
========================================================================
Received Import Request.
  Time since last request: 2.396897 seconds.
  path: Assets/Product/model/Dishwashing liquid.fbx
  artifactKey: Guid(ef60d4c6aae6db542893465aa268682a) Importer(815301076,1909f56bfc062723c751e8b465ee728b)
Start importing Assets/Product/model/Dishwashing liquid.fbx using Guid(ef60d4c6aae6db542893465aa268682a) Importer(815301076,1909f56bfc062723c751e8b465ee728b)  -> (artifact id: 'd0ed1fe65e28b6e047b0cc9f386311c5') in 0.062810 seconds
Number of updated asset objects reloaded before import = 0
Number of asset objects unloaded after import = 23
========================================================================
Received Prepare
Begin MonoManager ReloadAssembly
- Loaded All Assemblies, in  0.457 seconds
Refreshing native plugins compatible for Editor in 10.74 ms, found 9 plugins.
Native extension for WindowsStandalone target not found
[Package Manager] Server::EnsureServerProcessIsRunning -- launch failed, reason: Unity was launched with the -noUpm command-line argument
[Package Manager] UpmClient::Send -- Unable to send message (not connected to UPM process).
[Package Manager] Cannot connect to Unity Package Manager local server
Mono: successfully reloaded assembly
[Package Manager] Server::EnsureServerProcessIsRunning -- launch failed, reason: Unity was launched with the -noUpm command-line argument
[Package Manager] UpmClient::Send -- Unable to send message (not connected to UPM process).
[Package Manager] Cannot connect to Unity Package Manager local server
- Finished resetting the current domain, in  1.100 seconds
Domain Reload Profiling: 1557ms
	BeginReloadAssembly (165ms)
		ExecutionOrderSort (0ms)
		DisableScriptedObjects (3ms)
		BackupInstance (0ms)
		ReleaseScriptingObjects (0ms)
		CreateAndSetChildDomain (35ms)
	RebuildCommonClasses (32ms)
	RebuildNativeTypeToScriptingClass (10ms)
	initialDomainReloadingComplete (26ms)
	LoadAllAssembliesAndSetupDomain (223ms)
		LoadAssemblies (303ms)
		RebuildTransferFunctionScriptingTraits (0ms)
		AnalyzeDomain (17ms)
			TypeCache.Refresh (6ms)
				TypeCache.ScanAssembly (0ms)
			ScanForSourceGeneratedMonoScriptInfo (0ms)
			ResolveRequiredComponents (8ms)
	FinalizeReload (1101ms)
		ReleaseScriptCaches (0ms)
		RebuildScriptCaches (0ms)
		SetupLoadedEditorAssemblies (530ms)
			LogAssemblyErrors (0ms)
			InitializePlatformSupportModulesInManaged (4ms)
			SetLoadedEditorAssemblies (6ms)
			RefreshPlugins (0ms)
			BeforeProcessingInitializeOnLoad (65ms)
			ProcessInitializeOnLoadAttributes (413ms)
			ProcessInitializeOnLoadMethodAttributes (40ms)
			AfterProcessingInitializeOnLoad (2ms)
			EditorAssembliesLoaded (0ms)
		ExecutionOrderSort2 (0ms)
		AwakeInstancesAfterBackupRestoration (7ms)
Refreshing native plugins compatible for Editor in 27.30 ms, found 9 plugins.
Preloading 0 native plugins for Editor in 0.00 ms.
Unloading 4469 Unused Serialized files (Serialized files now loaded: 0)
Unloading 60 unused Assets / (49.9 KB). Loaded Objects now: 5110.
Memory consumption went from 167.7 MB to 167.7 MB.
Total: 5.731800 ms (FindLiveObjects: 0.393900 ms CreateObjectMapping: 0.261600 ms MarkObjects: 4.953800 ms  DeleteObjects: 0.121000 ms)

Prepare: number of updated asset objects reloaded= 0
AssetImportParameters requested are different than current active one (requested -> active):
  custom:container-demuxer-ogg: 62fdf1f143b41e24485cea50d1cbac27 -> 
  custom:video-codec-MediaFoundation-h265: 746d11721c4dcdbdad8f713fa42b33f4 -> 
  custom:video-decoder-ogg-theora: a1e56fd34408186e4bbccfd4996cb3dc -> 
  custom:framework-win-MediaFoundation: 216162199b28c13a410421893ffa2e32 -> 
  custom:scripting/monoscript/fileName/DisconnectOnGrab.cs: b6d535f14de0b54fc350dbde59139bca -> 829cd3f79b470f7b924c00f819c10ca8
  custom:CustomObjectIndexerAttribute: 9a22284fe3817be447336de3de66b15e -> 
  custom:scripting/monoscript/fileName/SocketChecker.cs: 81e2c6ae821d2f82fca4ae7f488fee82 -> 11eea032f05868895a3d7bd31e5112c8
  custom:container-demuxer-webm: 4f35f7cbe854078d1ac9338744f61a02 -> 
  custom:container-muxer-webm: aa71ff27fc2769a1b78a27578f13a17b -> 
  custom:video-decoder-webm-vp8: 9c59270c3fd7afecdb556c50c9e8de78 -> 
  custom:scripting/monoscript/fileName/ObjectConnector.cs: b6889c6d7c3a3d07a33c3997b113a4de -> 27ec08e04caab7342e1ebf9ebffa40c1
  custom:SearchIndexIgnoredProperties: e643bd26f0fe6173181afceb89e7c659 -> 
  custom:AudioImporter_EditorPlatform: d09bf68614088b80899f8185d706f6e7 -> 
  custom:video-encoder-webm-vp8: eb34c28f22e8b96e1ab97ce403110664 -> 
  custom:scripting/monoscript/fileName/BasketTrigger.cs: aa00535640a464914bb19856add306dc -> 48c5e4ba96c9f234beae8838e152e959
  custom:audio-decoder-ogg-vorbis: bf7c407c2cedff20999df2af8eb42d56 -> 
  custom:audio-encoder-webm-vorbis: bf7c407c2cedff20999df2af8eb42d56 -> 
  custom:scripting/monoscript/fileName/ScoreManager.cs: 8bf37ad2a0e5ee64fa29f25e7049ed24 -> 2117df56b7ba23abd331d761e713022a
  custom:scripting/monoscript/fileName/BasketTriggerObject.cs: 9b05c554f29a11072e71a667da6ed2cb -> 
========================================================================
Received Prepare
Begin MonoManager ReloadAssembly
- Loaded All Assemblies, in  0.452 seconds
Refreshing native plugins compatible for Editor in 13.69 ms, found 9 plugins.
Native extension for WindowsStandalone target not found
[Package Manager] Server::EnsureServerProcessIsRunning -- launch failed, reason: Unity was launched with the -noUpm command-line argument
[Package Manager] UpmClient::Send -- Unable to send message (not connected to UPM process).
[Package Manager] Cannot connect to Unity Package Manager local server
Mono: successfully reloaded assembly
[Package Manager] Server::EnsureServerProcessIsRunning -- launch failed, reason: Unity was launched with the -noUpm command-line argument
[Package Manager] UpmClient::Send -- Unable to send message (not connected to UPM process).
[Package Manager] Cannot connect to Unity Package Manager local server
- Finished resetting the current domain, in  1.146 seconds
Domain Reload Profiling: 1598ms
	BeginReloadAssembly (167ms)
		ExecutionOrderSort (0ms)
		DisableScriptedObjects (4ms)
		BackupInstance (0ms)
		ReleaseScriptingObjects (0ms)
		CreateAndSetChildDomain (40ms)
	RebuildCommonClasses (32ms)
	RebuildNativeTypeToScriptingClass (10ms)
	initialDomainReloadingComplete (24ms)
	LoadAllAssembliesAndSetupDomain (217ms)
		LoadAssemblies (289ms)
		RebuildTransferFunctionScriptingTraits (0ms)
		AnalyzeDomain (20ms)
			TypeCache.Refresh (7ms)
				TypeCache.ScanAssembly (0ms)
			ScanForSourceGeneratedMonoScriptInfo (0ms)
			ResolveRequiredComponents (9ms)
	FinalizeReload (1147ms)
		ReleaseScriptCaches (0ms)
		RebuildScriptCaches (0ms)
		SetupLoadedEditorAssemblies (560ms)
			LogAssemblyErrors (0ms)
			InitializePlatformSupportModulesInManaged (4ms)
			SetLoadedEditorAssemblies (6ms)
			RefreshPlugins (0ms)
			BeforeProcessingInitializeOnLoad (69ms)
			ProcessInitializeOnLoadAttributes (430ms)
			ProcessInitializeOnLoadMethodAttributes (49ms)
			AfterProcessingInitializeOnLoad (2ms)
			EditorAssembliesLoaded (0ms)
		ExecutionOrderSort2 (0ms)
		AwakeInstancesAfterBackupRestoration (8ms)
Refreshing native plugins compatible for Editor in 26.94 ms, found 9 plugins.
Preloading 0 native plugins for Editor in 0.00 ms.
Unloading 4469 Unused Serialized files (Serialized files now loaded: 0)
Unloading 60 unused Assets / (49.8 KB). Loaded Objects now: 5114.
Memory consumption went from 167.7 MB to 167.7 MB.
Total: 5.916400 ms (FindLiveObjects: 0.426600 ms CreateObjectMapping: 0.305900 ms MarkObjects: 5.059000 ms  DeleteObjects: 0.123200 ms)

Prepare: number of updated asset objects reloaded= 0
AssetImportParameters requested are different than current active one (requested -> active):
  custom:container-demuxer-ogg: 62fdf1f143b41e24485cea50d1cbac27 -> 
  custom:video-codec-MediaFoundation-h265: 746d11721c4dcdbdad8f713fa42b33f4 -> 
  custom:video-decoder-ogg-theora: a1e56fd34408186e4bbccfd4996cb3dc -> 
  custom:framework-win-MediaFoundation: 216162199b28c13a410421893ffa2e32 -> 
  custom:scripting/monoscript/fileName/DisconnectOnGrab.cs: b6d535f14de0b54fc350dbde59139bca -> 829cd3f79b470f7b924c00f819c10ca8
  custom:CustomObjectIndexerAttribute: 9a22284fe3817be447336de3de66b15e -> 
  custom:scripting/monoscript/fileName/SocketChecker.cs: 81e2c6ae821d2f82fca4ae7f488fee82 -> 11eea032f05868895a3d7bd31e5112c8
  custom:container-demuxer-webm: 4f35f7cbe854078d1ac9338744f61a02 -> 
  custom:container-muxer-webm: aa71ff27fc2769a1b78a27578f13a17b -> 
  custom:video-decoder-webm-vp8: 9c59270c3fd7afecdb556c50c9e8de78 -> 
  custom:scripting/monoscript/fileName/ObjectConnector.cs: b6889c6d7c3a3d07a33c3997b113a4de -> 27ec08e04caab7342e1ebf9ebffa40c1
  custom:SearchIndexIgnoredProperties: e643bd26f0fe6173181afceb89e7c659 -> 
  custom:AudioImporter_EditorPlatform: d09bf68614088b80899f8185d706f6e7 -> 
  custom:video-encoder-webm-vp8: eb34c28f22e8b96e1ab97ce403110664 -> 
  custom:scripting/monoscript/fileName/BasketTrigger.cs: aa00535640a464914bb19856add306dc -> 48c5e4ba96c9f234beae8838e152e959
  custom:audio-decoder-ogg-vorbis: bf7c407c2cedff20999df2af8eb42d56 -> 
  custom:audio-encoder-webm-vorbis: bf7c407c2cedff20999df2af8eb42d56 -> 
  custom:scripting/monoscript/fileName/ScoreManager.cs: 8bf37ad2a0e5ee64fa29f25e7049ed24 -> 2117df56b7ba23abd331d761e713022a
  custom:scripting/monoscript/fileName/BasketTriggerObject.cs: 9b05c554f29a11072e71a667da6ed2cb -> 
========================================================================
Received Prepare
Begin MonoManager ReloadAssembly
- Loaded All Assemblies, in  0.430 seconds
Refreshing native plugins compatible for Editor in 10.30 ms, found 9 plugins.
Native extension for WindowsStandalone target not found
[Package Manager] Server::EnsureServerProcessIsRunning -- launch failed, reason: Unity was launched with the -noUpm command-line argument
[Package Manager] UpmClient::Send -- Unable to send message (not connected to UPM process).
[Package Manager] Cannot connect to Unity Package Manager local server
Mono: successfully reloaded assembly
[Package Manager] Server::EnsureServerProcessIsRunning -- launch failed, reason: Unity was launched with the -noUpm command-line argument
[Package Manager] UpmClient::Send -- Unable to send message (not connected to UPM process).
[Package Manager] Cannot connect to Unity Package Manager local server
- Finished resetting the current domain, in  1.120 seconds
Domain Reload Profiling: 1550ms
	BeginReloadAssembly (159ms)
		ExecutionOrderSort (0ms)
		DisableScriptedObjects (4ms)
		BackupInstance (0ms)
		ReleaseScriptingObjects (0ms)
		CreateAndSetChildDomain (30ms)
	RebuildCommonClasses (34ms)
	RebuildNativeTypeToScriptingClass (11ms)
	initialDomainReloadingComplete (25ms)
	LoadAllAssembliesAndSetupDomain (200ms)
		LoadAssemblies (279ms)
		RebuildTransferFunctionScriptingTraits (0ms)
		AnalyzeDomain (15ms)
			TypeCache.Refresh (6ms)
				TypeCache.ScanAssembly (0ms)
			ScanForSourceGeneratedMonoScriptInfo (0ms)
			ResolveRequiredComponents (7ms)
	FinalizeReload (1121ms)
		ReleaseScriptCaches (0ms)
		RebuildScriptCaches (0ms)
		SetupLoadedEditorAssemblies (574ms)
			LogAssemblyErrors (0ms)
			InitializePlatformSupportModulesInManaged (5ms)
			SetLoadedEditorAssemblies (5ms)
			RefreshPlugins (0ms)
			BeforeProcessingInitializeOnLoad (68ms)
			ProcessInitializeOnLoadAttributes (447ms)
			ProcessInitializeOnLoadMethodAttributes (48ms)
			AfterProcessingInitializeOnLoad (2ms)
			EditorAssembliesLoaded (0ms)
		ExecutionOrderSort2 (0ms)
		AwakeInstancesAfterBackupRestoration (7ms)
Refreshing native plugins compatible for Editor in 24.63 ms, found 9 plugins.
Preloading 0 native plugins for Editor in 0.00 ms.
Unloading 4469 Unused Serialized files (Serialized files now loaded: 0)
Unloading 60 unused Assets / (49.9 KB). Loaded Objects now: 5118.
Memory consumption went from 167.7 MB to 167.6 MB.
Total: 5.532600 ms (FindLiveObjects: 0.430400 ms CreateObjectMapping: 0.480100 ms MarkObjects: 4.481800 ms  DeleteObjects: 0.138000 ms)

Prepare: number of updated asset objects reloaded= 0
AssetImportParameters requested are different than current active one (requested -> active):
  custom:container-demuxer-ogg: 62fdf1f143b41e24485cea50d1cbac27 -> 
  custom:video-codec-MediaFoundation-h265: 746d11721c4dcdbdad8f713fa42b33f4 -> 
  custom:video-decoder-ogg-theora: a1e56fd34408186e4bbccfd4996cb3dc -> 
  custom:framework-win-MediaFoundation: 216162199b28c13a410421893ffa2e32 -> 
  custom:scripting/monoscript/fileName/DisconnectOnGrab.cs: b6d535f14de0b54fc350dbde59139bca -> 829cd3f79b470f7b924c00f819c10ca8
  custom:CustomObjectIndexerAttribute: 9a22284fe3817be447336de3de66b15e -> 
  custom:scripting/monoscript/fileName/SocketChecker.cs: 81e2c6ae821d2f82fca4ae7f488fee82 -> 11eea032f05868895a3d7bd31e5112c8
  custom:container-demuxer-webm: 4f35f7cbe854078d1ac9338744f61a02 -> 
  custom:container-muxer-webm: aa71ff27fc2769a1b78a27578f13a17b -> 
  custom:video-decoder-webm-vp8: 9c59270c3fd7afecdb556c50c9e8de78 -> 
  custom:scripting/monoscript/fileName/ObjectConnector.cs: b6889c6d7c3a3d07a33c3997b113a4de -> 27ec08e04caab7342e1ebf9ebffa40c1
  custom:SearchIndexIgnoredProperties: e643bd26f0fe6173181afceb89e7c659 -> 
  custom:AudioImporter_EditorPlatform: d09bf68614088b80899f8185d706f6e7 -> 
  custom:video-encoder-webm-vp8: eb34c28f22e8b96e1ab97ce403110664 -> 
  custom:scripting/monoscript/fileName/BasketTrigger.cs: aa00535640a464914bb19856add306dc -> 48c5e4ba96c9f234beae8838e152e959
  custom:audio-decoder-ogg-vorbis: bf7c407c2cedff20999df2af8eb42d56 -> 
  custom:audio-encoder-webm-vorbis: bf7c407c2cedff20999df2af8eb42d56 -> 
  custom:scripting/monoscript/fileName/ScoreManager.cs: 8bf37ad2a0e5ee64fa29f25e7049ed24 -> 2117df56b7ba23abd331d761e713022a
  custom:scripting/monoscript/fileName/BasketTriggerObject.cs: 9b05c554f29a11072e71a667da6ed2cb -> 
========================================================================
Received Import Request.
  Time since last request: 371.370657 seconds.
  path: Assets/Product/prefab/Dishwashing_Liquid.prefab
  artifactKey: Guid(925b31f38d59dd244849a00736905aaa) Importer(815301076,1909f56bfc062723c751e8b465ee728b)
Start importing Assets/Product/prefab/Dishwashing_Liquid.prefab using Guid(925b31f38d59dd244849a00736905aaa) Importer(815301076,1909f56bfc062723c751e8b465ee728b)  -> (artifact id: '02f7312f2f2ea25a818f18ebbc5ba866') in 0.135577 seconds
Number of updated asset objects reloaded before import = 0
Number of asset objects unloaded after import = 48
========================================================================
Received Import Request.
  Time since last request: 359.125543 seconds.
  path: Assets/Product/textures/Mama(cup,side).jpg
  artifactKey: Guid(7ad9358500b8f234d8756a1fe25c1bd9) Importer(815301076,1909f56bfc062723c751e8b465ee728b)
Start importing Assets/Product/textures/Mama(cup,side).jpg using Guid(7ad9358500b8f234d8756a1fe25c1bd9) Importer(815301076,1909f56bfc062723c751e8b465ee728b)  -> (artifact id: '26ef2c8904bbed203af9fd25be338c74') in 0.042766 seconds
Number of updated asset objects reloaded before import = 0
Number of asset objects unloaded after import = 2
========================================================================
Received Import Request.
  Time since last request: 6.360841 seconds.
  path: Assets/Product/model/Mama(cup).fbx
  artifactKey: Guid(92e9e754d9f32b342ae03daea6e3a27a) Importer(815301076,1909f56bfc062723c751e8b465ee728b)
Start importing Assets/Product/model/Mama(cup).fbx using Guid(92e9e754d9f32b342ae03daea6e3a27a) Importer(815301076,1909f56bfc062723c751e8b465ee728b)  -> (artifact id: 'a8687984f03766e5e439d75b68bfb6c6') in 0.135435 seconds
Number of updated asset objects reloaded before import = 0
Number of asset objects unloaded after import = 21
========================================================================
Received Import Request.
  Time since last request: 23.883090 seconds.
  path: Assets/Product/materials/Mama(cup,side).mat
  artifactKey: Guid(f79d694c598c93e4b927334c8bae7c9d) Importer(815301076,1909f56bfc062723c751e8b465ee728b)
Start importing Assets/Product/materials/Mama(cup,side).mat using Guid(f79d694c598c93e4b927334c8bae7c9d) Importer(815301076,1909f56bfc062723c751e8b465ee728b)  -> (artifact id: '462504a9e3626215e2dbfc900fea087d') in 0.019092 seconds
Number of updated asset objects reloaded before import = 0
Number of asset objects unloaded after import = 1
========================================================================
Received Import Request.
  Time since last request: 27.123652 seconds.
  path: Assets/Product/materials/Mama(cup,top).mat
  artifactKey: Guid(03dce3cb4d3ae724b828dedde87353cf) Importer(815301076,1909f56bfc062723c751e8b465ee728b)
Start importing Assets/Product/materials/Mama(cup,top).mat using Guid(03dce3cb4d3ae724b828dedde87353cf) Importer(815301076,1909f56bfc062723c751e8b465ee728b)  -> (artifact id: '24423c4c9e3b2ee3008adfdce7178fa1') in 0.017841 seconds
Number of updated asset objects reloaded before import = 0
Number of asset objects unloaded after import = 1
========================================================================
Received Import Request.
  Time since last request: 16.670869 seconds.
  path: Assets/SimplePoly City - Low Poly Assets/Materials/Natures.mat
  artifactKey: Guid(39f651e340882304fa6f21b321d3bea5) Importer(815301076,1909f56bfc062723c751e8b465ee728b)
Start importing Assets/SimplePoly City - Low Poly Assets/Materials/Natures.mat using Guid(39f651e340882304fa6f21b321d3bea5) Importer(815301076,1909f56bfc062723c751e8b465ee728b)  -> (artifact id: '23e068c9cc8e551eba65360e92176076') in 0.018857 seconds
Number of updated asset objects reloaded before import = 0
Number of asset objects unloaded after import = 2
========================================================================
Received Import Request.
  Time since last request: 0.000111 seconds.
  path: Assets/SimplePoly City - Low Poly Assets/Materials/Props_BillBoard_large.mat
  artifactKey: Guid(f75e227920ccbc54a86b0f655ddc5b69) Importer(815301076,1909f56bfc062723c751e8b465ee728b)
Start importing Assets/SimplePoly City - Low Poly Assets/Materials/Props_BillBoard_large.mat using Guid(f75e227920ccbc54a86b0f655ddc5b69) Importer(815301076,1909f56bfc062723c751e8b465ee728b)  -> (artifact id: '445adc87999b540aa9418c9a02af006f') in 0.025197 seconds
Number of updated asset objects reloaded before import = 0
Number of asset objects unloaded after import = 2
========================================================================
Received Import Request.
  Time since last request: 0.000028 seconds.
  path: Assets/SimplePoly City - Low Poly Assets/Materials/Props_BillBoard_small.mat
  artifactKey: Guid(dcbee53a8041c594aaf20d616c6ed33a) Importer(815301076,1909f56bfc062723c751e8b465ee728b)
Start importing Assets/SimplePoly City - Low Poly Assets/Materials/Props_BillBoard_small.mat using Guid(dcbee53a8041c594aaf20d616c6ed33a) Importer(815301076,1909f56bfc062723c751e8b465ee728b)  -> (artifact id: '504d103b4d48db00c038526a46bc94b7') in 0.022409 seconds
Number of updated asset objects reloaded before import = 0
Number of asset objects unloaded after import = 2
========================================================================
Received Import Request.
  Time since last request: 0.000092 seconds.
  path: Assets/SimplePoly City - Low Poly Assets/Materials/Props_BillBoard_medium.mat
  artifactKey: Guid(8a98f40ab24c33a4cb2d6dd96393db82) Importer(815301076,1909f56bfc062723c751e8b465ee728b)
Start importing Assets/SimplePoly City - Low Poly Assets/Materials/Props_BillBoard_medium.mat using Guid(8a98f40ab24c33a4cb2d6dd96393db82) Importer(815301076,1909f56bfc062723c751e8b465ee728b)  -> (artifact id: '1f2729245a89c53aedf3e639486f646f') in 0.023166 seconds
Number of updated asset objects reloaded before import = 0
Number of asset objects unloaded after import = 2
========================================================================
Received Import Request.
  Time since last request: 0.000026 seconds.
  path: Assets/Samples/XR Interaction Toolkit/2.5.4/Starter Assets/Models/XRControllerLeft.fbx
  artifactKey: Guid(be3083a5f26d4e859d594ecbe632f87e) Importer(815301076,1909f56bfc062723c751e8b465ee728b)
Start importing Assets/Samples/XR Interaction Toolkit/2.5.4/Starter Assets/Models/XRControllerLeft.fbx using Guid(be3083a5f26d4e859d594ecbe632f87e) Importer(815301076,1909f56bfc062723c751e8b465ee728b)  -> (artifact id: '32f2e61f074038e448195a652a61e426') in 0.103829 seconds
Number of updated asset objects reloaded before import = 0
Number of asset objects unloaded after import = 52
========================================================================
Received Import Request.
  Time since last request: 0.470373 seconds.
  path: Assets/SimplePoly City - Low Poly Assets/Materials/Props_Props_01.mat
  artifactKey: Guid(1b96474fd045dce4a8b2ffba96618392) Importer(815301076,1909f56bfc062723c751e8b465ee728b)
Start importing Assets/SimplePoly City - Low Poly Assets/Materials/Props_Props_01.mat using Guid(1b96474fd045dce4a8b2ffba96618392) Importer(815301076,1909f56bfc062723c751e8b465ee728b)  -> (artifact id: 'fb4ca5a96e1253791c1eeb05bca7fe05') in 0.021173 seconds
Number of updated asset objects reloaded before import = 0
Number of asset objects unloaded after import = 2
========================================================================
Received Import Request.
  Time since last request: 0.000023 seconds.
  path: Assets/ModularFirstPersonController/DemoScene/Gridbox Prototype Materials/Resources/Materials/Prototype Grid/Prototype_512x512_Cyan.mat
  artifactKey: Guid(cba66c276aed0874091de1c33eb3950d) Importer(815301076,1909f56bfc062723c751e8b465ee728b)
Start importing Assets/ModularFirstPersonController/DemoScene/Gridbox Prototype Materials/Resources/Materials/Prototype Grid/Prototype_512x512_Cyan.mat using Guid(cba66c276aed0874091de1c33eb3950d) Importer(815301076,1909f56bfc062723c751e8b465ee728b)  -> (artifact id: '003725a1dfa9b6dbb9d5652d3ea8b93a') in 0.064052 seconds
Number of updated asset objects reloaded before import = 0
Number of asset objects unloaded after import = 2
========================================================================
Received Import Request.
  Time since last request: 0.000024 seconds.
  path: Assets/ModularFirstPersonController/DemoScene/Gridbox Prototype Materials/Resources/Materials/Prototype Grid/Prototype_512x512_Green2.mat
  artifactKey: Guid(dbe80190c9adea34c8c8845ca4a17934) Importer(815301076,1909f56bfc062723c751e8b465ee728b)
Start importing Assets/ModularFirstPersonController/DemoScene/Gridbox Prototype Materials/Resources/Materials/Prototype Grid/Prototype_512x512_Green2.mat using Guid(dbe80190c9adea34c8c8845ca4a17934) Importer(815301076,1909f56bfc062723c751e8b465ee728b)  -> (artifact id: '184ceb03fa35033f886cde0cde4acfa6') in 0.020307 seconds
Number of updated asset objects reloaded before import = 0
Number of asset objects unloaded after import = 2
========================================================================
Received Import Request.
  Time since last request: 0.000026 seconds.
  path: Assets/ModularFirstPersonController/DemoScene/Gridbox Prototype Materials/Resources/Materials/Prototype Grid/Prototype_512x512_Blue2.mat
  artifactKey: Guid(5e148de6cdf2d164aa3e3f90ce8c852c) Importer(815301076,1909f56bfc062723c751e8b465ee728b)
Start importing Assets/ModularFirstPersonController/DemoScene/Gridbox Prototype Materials/Resources/Materials/Prototype Grid/Prototype_512x512_Blue2.mat using Guid(5e148de6cdf2d164aa3e3f90ce8c852c) Importer(815301076,1909f56bfc062723c751e8b465ee728b)  -> (artifact id: 'df472d9bd267849efb28e969d4cddde7') in 0.019166 seconds
Number of updated asset objects reloaded before import = 0
Number of asset objects unloaded after import = 2
========================================================================
Received Import Request.
  Time since last request: 0.000024 seconds.
  path: Assets/ModularFirstPersonController/DemoScene/Gridbox Prototype Materials/Resources/Materials/Prototype Grid/Prototype_512x512_Green1.mat
  artifactKey: Guid(79f64ed6f5d6d374d91c3a0af4070258) Importer(815301076,1909f56bfc062723c751e8b465ee728b)
Start importing Assets/ModularFirstPersonController/DemoScene/Gridbox Prototype Materials/Resources/Materials/Prototype Grid/Prototype_512x512_Green1.mat using Guid(79f64ed6f5d6d374d91c3a0af4070258) Importer(815301076,1909f56bfc062723c751e8b465ee728b)  -> (artifact id: '7f5f571596cefc23c5f7f14f02ff3e7e') in 0.022313 seconds
Number of updated asset objects reloaded before import = 0
Number of asset objects unloaded after import = 2
========================================================================
Received Import Request.
  Time since last request: 0.000091 seconds.
  path: Assets/ModularFirstPersonController/DemoScene/Gridbox Prototype Materials/Resources/Materials/Prototype Grid/Prototype_512x512_Grey1.mat
  artifactKey: Guid(c181c23a6120fbe4aadd5bb53a58dd78) Importer(815301076,1909f56bfc062723c751e8b465ee728b)
Start importing Assets/ModularFirstPersonController/DemoScene/Gridbox Prototype Materials/Resources/Materials/Prototype Grid/Prototype_512x512_Grey1.mat using Guid(c181c23a6120fbe4aadd5bb53a58dd78) Importer(815301076,1909f56bfc062723c751e8b465ee728b)  -> (artifact id: '3d4c17d80bb80988b4bcf06fa0898ab9') in 0.020486 seconds
Number of updated asset objects reloaded before import = 0
Number of asset objects unloaded after import = 2
========================================================================
Received Import Request.
  Time since last request: 0.000023 seconds.
  path: Assets/ModularFirstPersonController/DemoScene/Gridbox Prototype Materials/Resources/Materials/Prototype Grid/Prototype_512x512_Brown.mat
  artifactKey: Guid(a54b7ad866d3a9b47bbf3b53baa0acc4) Importer(815301076,1909f56bfc062723c751e8b465ee728b)
Start importing Assets/ModularFirstPersonController/DemoScene/Gridbox Prototype Materials/Resources/Materials/Prototype Grid/Prototype_512x512_Brown.mat using Guid(a54b7ad866d3a9b47bbf3b53baa0acc4) Importer(815301076,1909f56bfc062723c751e8b465ee728b)  -> (artifact id: '9c1da5bac277a088af378292a1ecda04') in 0.021991 seconds
Number of updated asset objects reloaded before import = 0
Number of asset objects unloaded after import = 2
========================================================================
Received Import Request.
  Time since last request: 3.824845 seconds.
  path: Assets/Product/model/Mama(cup).fbx
  artifactKey: Guid(92e9e754d9f32b342ae03daea6e3a27a) Importer(815301076,1909f56bfc062723c751e8b465ee728b)
Start importing Assets/Product/model/Mama(cup).fbx using Guid(92e9e754d9f32b342ae03daea6e3a27a) Importer(815301076,1909f56bfc062723c751e8b465ee728b)  -> (artifact id: '7faf7d23459a8495f56960da102ea926') in 0.051684 seconds
Number of updated asset objects reloaded before import = 0
Number of asset objects unloaded after import = 21
========================================================================
Received Import Request.
  Time since last request: 2.565939 seconds.
  path: Assets/ModularFirstPersonController/DemoScene/Gridbox Prototype Materials/Resources/Materials/Prototype Grid/Prototype_512x512_Orange.mat
  artifactKey: Guid(652107f36a28e44479c0b827dee5852a) Importer(815301076,1909f56bfc062723c751e8b465ee728b)
Start importing Assets/ModularFirstPersonController/DemoScene/Gridbox Prototype Materials/Resources/Materials/Prototype Grid/Prototype_512x512_Orange.mat using Guid(652107f36a28e44479c0b827dee5852a) Importer(815301076,1909f56bfc062723c751e8b465ee728b)  -> (artifact id: 'b8e739404c49c59a9879553b15f97edc') in 0.020317 seconds
Number of updated asset objects reloaded before import = 0
Number of asset objects unloaded after import = 2
========================================================================
Received Import Request.
  Time since last request: 0.000052 seconds.
  path: Assets/ModularFirstPersonController/DemoScene/Gridbox Prototype Materials/Resources/Materials/Prototype Grid/Prototype_512x512_White.mat
  artifactKey: Guid(aeee7071bea0a4c478b4fea5933c5f79) Importer(815301076,1909f56bfc062723c751e8b465ee728b)
Start importing Assets/ModularFirstPersonController/DemoScene/Gridbox Prototype Materials/Resources/Materials/Prototype Grid/Prototype_512x512_White.mat using Guid(aeee7071bea0a4c478b4fea5933c5f79) Importer(815301076,1909f56bfc062723c751e8b465ee728b)  -> (artifact id: '0413250496c3c1945d0b39075404ed8f') in 0.022206 seconds
Number of updated asset objects reloaded before import = 0
Number of asset objects unloaded after import = 2
========================================================================
Received Import Request.
  Time since last request: 0.000024 seconds.
  path: Assets/TextMesh Pro/Examples & Extras/Resources/Fonts & Materials/Roboto-Bold SDF - Drop Shadow.mat
  artifactKey: Guid(b246c4190f4e46ec9352fe15a7b09ce0) Importer(815301076,1909f56bfc062723c751e8b465ee728b)
Start importing Assets/TextMesh Pro/Examples & Extras/Resources/Fonts & Materials/Roboto-Bold SDF - Drop Shadow.mat using Guid(b246c4190f4e46ec9352fe15a7b09ce0) Importer(815301076,1909f56bfc062723c751e8b465ee728b)  -> (artifact id: 'c7eb07cf48b077cef01426754992573b') in 0.023184 seconds
Number of updated asset objects reloaded before import = 0
Number of asset objects unloaded after import = 2
========================================================================
Received Import Request.
  Time since last request: 0.000022 seconds.
  path: Assets/SimplePoly City - Low Poly Assets/Materials/Road.mat
  artifactKey: Guid(faa0cd7e7e1757945a22cce35d7069cd) Importer(815301076,1909f56bfc062723c751e8b465ee728b)
Start importing Assets/SimplePoly City - Low Poly Assets/Materials/Road.mat using Guid(faa0cd7e7e1757945a22cce35d7069cd) Importer(815301076,1909f56bfc062723c751e8b465ee728b)  -> (artifact id: '749b97bd6e5d6ae0eecac338f4161a90') in 0.034193 seconds
Number of updated asset objects reloaded before import = 0
Number of asset objects unloaded after import = 2
========================================================================
Received Import Request.
  Time since last request: 0.000026 seconds.
  path: Assets/SimplePoly City - Low Poly Assets/Materials/Road Concrete Tile.mat
  artifactKey: Guid(791087fbdef01f44fb204ef3dc5e6db8) Importer(815301076,1909f56bfc062723c751e8b465ee728b)
Start importing Assets/SimplePoly City - Low Poly Assets/Materials/Road Concrete Tile.mat using Guid(791087fbdef01f44fb204ef3dc5e6db8) Importer(815301076,1909f56bfc062723c751e8b465ee728b)  -> (artifact id: 'e71c7d8a35a539bb44fe278d033834d7') in 0.021325 seconds
Number of updated asset objects reloaded before import = 0
Number of asset objects unloaded after import = 2
========================================================================
Received Import Request.
  Time since last request: 0.000046 seconds.
  path: Assets/ModularFirstPersonController/DemoScene/Gridbox Prototype Materials/Resources/Materials/Prototype Grid/Prototype_512x512_Yellow.mat
  artifactKey: Guid(c852af001dae0064e9acaa832f1dadb7) Importer(815301076,1909f56bfc062723c751e8b465ee728b)
Start importing Assets/ModularFirstPersonController/DemoScene/Gridbox Prototype Materials/Resources/Materials/Prototype Grid/Prototype_512x512_Yellow.mat using Guid(c852af001dae0064e9acaa832f1dadb7) Importer(815301076,1909f56bfc062723c751e8b465ee728b)  -> (artifact id: '29131b9adb0443e62238529437c68223') in 0.024251 seconds
Number of updated asset objects reloaded before import = 0
Number of asset objects unloaded after import = 2
========================================================================
Received Import Request.
  Time since last request: 2.738623 seconds.
  path: Assets/Product/model/Mama(cup).fbx
  artifactKey: Guid(92e9e754d9f32b342ae03daea6e3a27a) Importer(815301076,1909f56bfc062723c751e8b465ee728b)
Start importing Assets/Product/model/Mama(cup).fbx using Guid(92e9e754d9f32b342ae03daea6e3a27a) Importer(815301076,1909f56bfc062723c751e8b465ee728b)  -> (artifact id: '8260714c93c6f6a49f135d1aa1167ca0') in 0.050904 seconds
Number of updated asset objects reloaded before import = 0
Number of asset objects unloaded after import = 21
========================================================================
Received Import Request.
  Time since last request: 6.960594 seconds.
  path: Assets/Product/model/Mama(cup).fbx
  artifactKey: Guid(92e9e754d9f32b342ae03daea6e3a27a) Importer(815301076,1909f56bfc062723c751e8b465ee728b)
Start importing Assets/Product/model/Mama(cup).fbx using Guid(92e9e754d9f32b342ae03daea6e3a27a) Importer(815301076,1909f56bfc062723c751e8b465ee728b)  -> (artifact id: '23bb931c77d29448a265bf90d765bc92') in 0.046800 seconds
Number of updated asset objects reloaded before import = 0
Number of asset objects unloaded after import = 21
========================================================================
Received Import Request.
  Time since last request: 191.015805 seconds.
  path: Assets/Product/model/Mama(pack).fbx
  artifactKey: Guid(c18cb2c4c9c48b54787885139173036c) Importer(815301076,1909f56bfc062723c751e8b465ee728b)
Start importing Assets/Product/model/Mama(pack).fbx using Guid(c18cb2c4c9c48b54787885139173036c) Importer(815301076,1909f56bfc062723c751e8b465ee728b)  -> (artifact id: '5e3fc619aebafb06dbc486255c21e0d6') in 0.047854 seconds
Number of updated asset objects reloaded before import = 0
Number of asset objects unloaded after import = 8
========================================================================
Received Import Request.
  Time since last request: 3.374054 seconds.
  path: Assets/Product/textures/Mama(pack).jpg
  artifactKey: Guid(97266945792613b4ba49ea2a95b3bbba) Importer(815301076,1909f56bfc062723c751e8b465ee728b)
Start importing Assets/Product/textures/Mama(pack).jpg using Guid(97266945792613b4ba49ea2a95b3bbba) Importer(815301076,1909f56bfc062723c751e8b465ee728b)  -> (artifact id: '71b3fa1a9c9da9ac0d5fa32d2030a77f') in 0.020661 seconds
Number of updated asset objects reloaded before import = 0
Number of asset objects unloaded after import = 2
========================================================================
Received Import Request.
  Time since last request: 6.761275 seconds.
  path: Assets/Product/materials/New Material.mat
  artifactKey: Guid(92bae40779da5914592b73c54bd0131a) Importer(815301076,1909f56bfc062723c751e8b465ee728b)
Start importing Assets/Product/materials/New Material.mat using Guid(92bae40779da5914592b73c54bd0131a) Importer(815301076,1909f56bfc062723c751e8b465ee728b)  -> (artifact id: '040a552db31f5656c3d7eda8a24ccfed') in 0.021092 seconds
Number of updated asset objects reloaded before import = 0
Number of asset objects unloaded after import = 1
========================================================================
Received Import Request.
  Time since last request: 4.840801 seconds.
  path: Assets/SimplePoly City - Low Poly Assets/Textures/Vehicle_Pick up Truck_3.png
  artifactKey: Guid(3dafb997416bc114c89c714676f7c788) Importer(815301076,1909f56bfc062723c751e8b465ee728b)
Start importing Assets/SimplePoly City - Low Poly Assets/Textures/Vehicle_Pick up Truck_3.png using Guid(3dafb997416bc114c89c714676f7c788) Importer(815301076,1909f56bfc062723c751e8b465ee728b)  -> (artifact id: 'c4d93b14de812d74220133035406d7db') in 0.026955 seconds
Number of updated asset objects reloaded before import = 0
Number of asset objects unloaded after import = 2
========================================================================
Received Import Request.
  Time since last request: 0.000064 seconds.
  path: Assets/SimplePoly City - Low Poly Assets/Textures/Vehicle_SUV_1.png
  artifactKey: Guid(5bf54643535d07b49b66329a38d342f3) Importer(815301076,1909f56bfc062723c751e8b465ee728b)
Start importing Assets/SimplePoly City - Low Poly Assets/Textures/Vehicle_SUV_1.png using Guid(5bf54643535d07b49b66329a38d342f3) Importer(815301076,1909f56bfc062723c751e8b465ee728b)  -> (artifact id: 'c5d57e98b422fe730e63641f6dca66e6') in 0.015308 seconds
Number of updated asset objects reloaded before import = 0
Number of asset objects unloaded after import = 2
========================================================================
Received Import Request.
  Time since last request: 0.013083 seconds.
  path: Assets/SimplePoly City - Low Poly Assets/Textures/Vehicle_Taxi.png
  artifactKey: Guid(d9fe8b9f6a8a040408a6a74b3714c665) Importer(815301076,1909f56bfc062723c751e8b465ee728b)
Start importing Assets/SimplePoly City - Low Poly Assets/Textures/Vehicle_Taxi.png using Guid(d9fe8b9f6a8a040408a6a74b3714c665) Importer(815301076,1909f56bfc062723c751e8b465ee728b)  -> (artifact id: '3ca7e16b61bc075c79d83554b2d9b021') in 0.017913 seconds
Number of updated asset objects reloaded before import = 0
Number of asset objects unloaded after import = 2
========================================================================
Received Import Request.
  Time since last request: 0.000019 seconds.
  path: Assets/SimplePoly City - Low Poly Assets/Textures/Vehicle_Truck_3.png
  artifactKey: Guid(2eda3c100b5440441a8ce0e35c3fa3fa) Importer(815301076,1909f56bfc062723c751e8b465ee728b)
Start importing Assets/SimplePoly City - Low Poly Assets/Textures/Vehicle_Truck_3.png using Guid(2eda3c100b5440441a8ce0e35c3fa3fa) Importer(815301076,1909f56bfc062723c751e8b465ee728b)  -> (artifact id: '6bfb3f9a318c20d1cd0d6238ab18c2bc') in 0.020279 seconds
Number of updated asset objects reloaded before import = 0
Number of asset objects unloaded after import = 2
========================================================================
Received Import Request.
  Time since last request: 17.062056 seconds.
  path: Assets/Product/model/Mama(pack).fbx
  artifactKey: Guid(c18cb2c4c9c48b54787885139173036c) Importer(815301076,1909f56bfc062723c751e8b465ee728b)
Start importing Assets/Product/model/Mama(pack).fbx using Guid(c18cb2c4c9c48b54787885139173036c) Importer(815301076,1909f56bfc062723c751e8b465ee728b)  -> (artifact id: 'fd81cb3fe86ff82cf4558e16a333d561') in 0.026422 seconds
Number of updated asset objects reloaded before import = 0
Number of asset objects unloaded after import = 8
========================================================================
Received Import Request.
  Time since last request: 9.244361 seconds.
  path: Assets/Product/materials/Mama(pack).mat
  artifactKey: Guid(92bae40779da5914592b73c54bd0131a) Importer(815301076,1909f56bfc062723c751e8b465ee728b)
Start importing Assets/Product/materials/Mama(pack).mat using Guid(92bae40779da5914592b73c54bd0131a) Importer(815301076,1909f56bfc062723c751e8b465ee728b)  -> (artifact id: '2c1b89f5348ab1bdb046ee5650da6d09') in 0.025725 seconds
Number of updated asset objects reloaded before import = 0
Number of asset objects unloaded after import = 2
========================================================================
Received Import Request.
  Time since last request: 1.997370 seconds.
  path: Assets/Product/model/Mama(pack).fbx
  artifactKey: Guid(c18cb2c4c9c48b54787885139173036c) Importer(815301076,1909f56bfc062723c751e8b465ee728b)
Start importing Assets/Product/model/Mama(pack).fbx using Guid(c18cb2c4c9c48b54787885139173036c) Importer(815301076,1909f56bfc062723c751e8b465ee728b)  -> (artifact id: 'b2595f511335b26ada0e9a9db52b4395') in 0.053694 seconds
Number of updated asset objects reloaded before import = 0
Number of asset objects unloaded after import = 9
========================================================================
Received Import Request.
  Time since last request: 208.680288 seconds.
  path: ProjectSettings/TagManager.asset
  artifactKey: Guid(00000000000000003000000000000000) Importer(815301076,1909f56bfc062723c751e8b465ee728b)
Start importing ProjectSettings/TagManager.asset using Guid(00000000000000003000000000000000) Importer(815301076,1909f56bfc062723c751e8b465ee728b)  -> (artifact id: '9d98bb4c70b0b00ef8ab5af5393eed2c') in 0.001517 seconds
Number of updated asset objects reloaded before import = 0
Number of asset objects unloaded after import = 0
========================================================================
Received Prepare
Begin MonoManager ReloadAssembly
- Loaded All Assemblies, in  0.425 seconds
Refreshing native plugins compatible for Editor in 10.26 ms, found 9 plugins.
Native extension for WindowsStandalone target not found
[Package Manager] Server::EnsureServerProcessIsRunning -- launch failed, reason: Unity was launched with the -noUpm command-line argument
[Package Manager] UpmClient::Send -- Unable to send message (not connected to UPM process).
[Package Manager] Cannot connect to Unity Package Manager local server
Mono: successfully reloaded assembly
[Package Manager] Server::EnsureServerProcessIsRunning -- launch failed, reason: Unity was launched with the -noUpm command-line argument
[Package Manager] UpmClient::Send -- Unable to send message (not connected to UPM process).
[Package Manager] Cannot connect to Unity Package Manager local server
- Finished resetting the current domain, in  1.090 seconds
Domain Reload Profiling: 1515ms
	BeginReloadAssembly (156ms)
		ExecutionOrderSort (0ms)
		DisableScriptedObjects (3ms)
		BackupInstance (0ms)
		ReleaseScriptingObjects (0ms)
		CreateAndSetChildDomain (37ms)
	RebuildCommonClasses (30ms)
	RebuildNativeTypeToScriptingClass (10ms)
	initialDomainReloadingComplete (24ms)
	LoadAllAssembliesAndSetupDomain (205ms)
		LoadAssemblies (274ms)
		RebuildTransferFunctionScriptingTraits (0ms)
		AnalyzeDomain (17ms)
			TypeCache.Refresh (6ms)
				TypeCache.ScanAssembly (0ms)
			ScanForSourceGeneratedMonoScriptInfo (0ms)
			ResolveRequiredComponents (9ms)
	FinalizeReload (1091ms)
		ReleaseScriptCaches (0ms)
		RebuildScriptCaches (0ms)
		SetupLoadedEditorAssemblies (541ms)
			LogAssemblyErrors (0ms)
			InitializePlatformSupportModulesInManaged (6ms)
			SetLoadedEditorAssemblies (5ms)
			RefreshPlugins (0ms)
			BeforeProcessingInitializeOnLoad (72ms)
			ProcessInitializeOnLoadAttributes (417ms)
			ProcessInitializeOnLoadMethodAttributes (40ms)
			AfterProcessingInitializeOnLoad (2ms)
			EditorAssembliesLoaded (0ms)
		ExecutionOrderSort2 (0ms)
		AwakeInstancesAfterBackupRestoration (7ms)
Refreshing native plugins compatible for Editor in 24.87 ms, found 9 plugins.
Preloading 0 native plugins for Editor in 0.00 ms.
Unloading 4469 Unused Serialized files (Serialized files now loaded: 0)
Unloading 60 unused Assets / (49.8 KB). Loaded Objects now: 5122.
Memory consumption went from 167.7 MB to 167.7 MB.
Total: 5.597000 ms (FindLiveObjects: 0.353900 ms CreateObjectMapping: 0.320700 ms MarkObjects: 4.738700 ms  DeleteObjects: 0.182000 ms)

Prepare: number of updated asset objects reloaded= 0
AssetImportParameters requested are different than current active one (requested -> active):
  custom:container-demuxer-ogg: 62fdf1f143b41e24485cea50d1cbac27 -> 
  custom:video-codec-MediaFoundation-h265: 746d11721c4dcdbdad8f713fa42b33f4 -> 
  custom:video-decoder-ogg-theora: a1e56fd34408186e4bbccfd4996cb3dc -> 
  custom:framework-win-MediaFoundation: 216162199b28c13a410421893ffa2e32 -> 
  custom:scripting/monoscript/fileName/DisconnectOnGrab.cs: b6d535f14de0b54fc350dbde59139bca -> 829cd3f79b470f7b924c00f819c10ca8
  custom:CustomObjectIndexerAttribute: 9a22284fe3817be447336de3de66b15e -> 
  custom:scripting/monoscript/fileName/SocketChecker.cs: 81e2c6ae821d2f82fca4ae7f488fee82 -> 11eea032f05868895a3d7bd31e5112c8
  custom:container-demuxer-webm: 4f35f7cbe854078d1ac9338744f61a02 -> 
  custom:container-muxer-webm: aa71ff27fc2769a1b78a27578f13a17b -> 
  custom:video-decoder-webm-vp8: 9c59270c3fd7afecdb556c50c9e8de78 -> 
  custom:scripting/monoscript/fileName/ObjectConnector.cs: b6889c6d7c3a3d07a33c3997b113a4de -> 27ec08e04caab7342e1ebf9ebffa40c1
  custom:SearchIndexIgnoredProperties: e643bd26f0fe6173181afceb89e7c659 -> 
  custom:AudioImporter_EditorPlatform: d09bf68614088b80899f8185d706f6e7 -> 
  custom:video-encoder-webm-vp8: eb34c28f22e8b96e1ab97ce403110664 -> 
  custom:scripting/monoscript/fileName/BasketTrigger.cs: aa00535640a464914bb19856add306dc -> 48c5e4ba96c9f234beae8838e152e959
  custom:audio-decoder-ogg-vorbis: bf7c407c2cedff20999df2af8eb42d56 -> 
  custom:audio-encoder-webm-vorbis: bf7c407c2cedff20999df2af8eb42d56 -> 
  custom:scripting/monoscript/fileName/ScoreManager.cs: 8bf37ad2a0e5ee64fa29f25e7049ed24 -> 2117df56b7ba23abd331d761e713022a
  custom:scripting/monoscript/fileName/BasketTriggerObject.cs: 9b05c554f29a11072e71a667da6ed2cb -> 
========================================================================
Received Prepare
Begin MonoManager ReloadAssembly
- Loaded All Assemblies, in  0.428 seconds
Refreshing native plugins compatible for Editor in 10.46 ms, found 9 plugins.
Native extension for WindowsStandalone target not found
[Package Manager] Server::EnsureServerProcessIsRunning -- launch failed, reason: Unity was launched with the -noUpm command-line argument
[Package Manager] UpmClient::Send -- Unable to send message (not connected to UPM process).
[Package Manager] Cannot connect to Unity Package Manager local server
Mono: successfully reloaded assembly
[Package Manager] Server::EnsureServerProcessIsRunning -- launch failed, reason: Unity was launched with the -noUpm command-line argument
[Package Manager] UpmClient::Send -- Unable to send message (not connected to UPM process).
[Package Manager] Cannot connect to Unity Package Manager local server
- Finished resetting the current domain, in  1.049 seconds
Domain Reload Profiling: 1477ms
	BeginReloadAssembly (151ms)
		ExecutionOrderSort (0ms)
		DisableScriptedObjects (4ms)
		BackupInstance (0ms)
		ReleaseScriptingObjects (0ms)
		CreateAndSetChildDomain (31ms)
	RebuildCommonClasses (32ms)
	RebuildNativeTypeToScriptingClass (9ms)
	initialDomainReloadingComplete (26ms)
	LoadAllAssembliesAndSetupDomain (209ms)
		LoadAssemblies (279ms)
		RebuildTransferFunctionScriptingTraits (0ms)
		AnalyzeDomain (17ms)
			TypeCache.Refresh (6ms)
				TypeCache.ScanAssembly (0ms)
			ScanForSourceGeneratedMonoScriptInfo (0ms)
			ResolveRequiredComponents (8ms)
	FinalizeReload (1050ms)
		ReleaseScriptCaches (0ms)
		RebuildScriptCaches (0ms)
		SetupLoadedEditorAssemblies (502ms)
			LogAssemblyErrors (0ms)
			InitializePlatformSupportModulesInManaged (5ms)
			SetLoadedEditorAssemblies (5ms)
			RefreshPlugins (0ms)
			BeforeProcessingInitializeOnLoad (65ms)
			ProcessInitializeOnLoadAttributes (386ms)
			ProcessInitializeOnLoadMethodAttributes (38ms)
			AfterProcessingInitializeOnLoad (2ms)
			EditorAssembliesLoaded (0ms)
		ExecutionOrderSort2 (0ms)
		AwakeInstancesAfterBackupRestoration (8ms)
Refreshing native plugins compatible for Editor in 24.48 ms, found 9 plugins.
Preloading 0 native plugins for Editor in 0.00 ms.
Unloading 4469 Unused Serialized files (Serialized files now loaded: 0)
Unloading 60 unused Assets / (49.9 KB). Loaded Objects now: 5126.
Memory consumption went from 167.7 MB to 167.7 MB.
Total: 5.101000 ms (FindLiveObjects: 0.376400 ms CreateObjectMapping: 0.275300 ms MarkObjects: 4.328300 ms  DeleteObjects: 0.119100 ms)

Prepare: number of updated asset objects reloaded= 0
AssetImportParameters requested are different than current active one (requested -> active):
  custom:container-demuxer-ogg: 62fdf1f143b41e24485cea50d1cbac27 -> 
  custom:video-codec-MediaFoundation-h265: 746d11721c4dcdbdad8f713fa42b33f4 -> 
  custom:video-decoder-ogg-theora: a1e56fd34408186e4bbccfd4996cb3dc -> 
  custom:framework-win-MediaFoundation: 216162199b28c13a410421893ffa2e32 -> 
  custom:scripting/monoscript/fileName/DisconnectOnGrab.cs: b6d535f14de0b54fc350dbde59139bca -> 829cd3f79b470f7b924c00f819c10ca8
  custom:CustomObjectIndexerAttribute: 9a22284fe3817be447336de3de66b15e -> 
  custom:scripting/monoscript/fileName/SocketChecker.cs: 81e2c6ae821d2f82fca4ae7f488fee82 -> 11eea032f05868895a3d7bd31e5112c8
  custom:container-demuxer-webm: 4f35f7cbe854078d1ac9338744f61a02 -> 
  custom:container-muxer-webm: aa71ff27fc2769a1b78a27578f13a17b -> 
  custom:video-decoder-webm-vp8: 9c59270c3fd7afecdb556c50c9e8de78 -> 
  custom:scripting/monoscript/fileName/ObjectConnector.cs: b6889c6d7c3a3d07a33c3997b113a4de -> 27ec08e04caab7342e1ebf9ebffa40c1
  custom:SearchIndexIgnoredProperties: e643bd26f0fe6173181afceb89e7c659 -> 
  custom:AudioImporter_EditorPlatform: d09bf68614088b80899f8185d706f6e7 -> 
  custom:video-encoder-webm-vp8: eb34c28f22e8b96e1ab97ce403110664 -> 
  custom:scripting/monoscript/fileName/BasketTrigger.cs: aa00535640a464914bb19856add306dc -> 48c5e4ba96c9f234beae8838e152e959
  custom:audio-decoder-ogg-vorbis: bf7c407c2cedff20999df2af8eb42d56 -> 
  custom:audio-encoder-webm-vorbis: bf7c407c2cedff20999df2af8eb42d56 -> 
  custom:scripting/monoscript/fileName/ScoreManager.cs: 8bf37ad2a0e5ee64fa29f25e7049ed24 -> 2117df56b7ba23abd331d761e713022a
  custom:scripting/monoscript/fileName/BasketTriggerObject.cs: 9b05c554f29a11072e71a667da6ed2cb -> 
========================================================================
Received Prepare
Begin MonoManager ReloadAssembly
- Loaded All Assemblies, in  0.480 seconds
Refreshing native plugins compatible for Editor in 9.56 ms, found 9 plugins.
Native extension for WindowsStandalone target not found
[Package Manager] Server::EnsureServerProcessIsRunning -- launch failed, reason: Unity was launched with the -noUpm command-line argument
[Package Manager] UpmClient::Send -- Unable to send message (not connected to UPM process).
[Package Manager] Cannot connect to Unity Package Manager local server
Mono: successfully reloaded assembly
[Package Manager] Server::EnsureServerProcessIsRunning -- launch failed, reason: Unity was launched with the -noUpm command-line argument
[Package Manager] UpmClient::Send -- Unable to send message (not connected to UPM process).
[Package Manager] Cannot connect to Unity Package Manager local server
- Finished resetting the current domain, in  1.057 seconds
Domain Reload Profiling: 1538ms
	BeginReloadAssembly (206ms)
		ExecutionOrderSort (0ms)
		DisableScriptedObjects (3ms)
		BackupInstance (0ms)
		ReleaseScriptingObjects (0ms)
		CreateAndSetChildDomain (41ms)
	RebuildCommonClasses (31ms)
	RebuildNativeTypeToScriptingClass (9ms)
	initialDomainReloadingComplete (24ms)
	LoadAllAssembliesAndSetupDomain (209ms)
		LoadAssemblies (321ms)
		RebuildTransferFunctionScriptingTraits (0ms)
		AnalyzeDomain (16ms)
			TypeCache.Refresh (6ms)
				TypeCache.ScanAssembly (0ms)
			ScanForSourceGeneratedMonoScriptInfo (0ms)
			ResolveRequiredComponents (8ms)
	FinalizeReload (1058ms)
		ReleaseScriptCaches (0ms)
		RebuildScriptCaches (0ms)
		SetupLoadedEditorAssemblies (528ms)
			LogAssemblyErrors (0ms)
			InitializePlatformSupportModulesInManaged (7ms)
			SetLoadedEditorAssemblies (5ms)
			RefreshPlugins (0ms)
			BeforeProcessingInitializeOnLoad (72ms)
			ProcessInitializeOnLoadAttributes (405ms)
			ProcessInitializeOnLoadMethodAttributes (37ms)
			AfterProcessingInitializeOnLoad (2ms)
			EditorAssembliesLoaded (0ms)
		ExecutionOrderSort2 (0ms)
		AwakeInstancesAfterBackupRestoration (8ms)
Refreshing native plugins compatible for Editor in 26.95 ms, found 9 plugins.
Preloading 0 native plugins for Editor in 0.00 ms.
Unloading 4469 Unused Serialized files (Serialized files now loaded: 0)
Unloading 60 unused Assets / (49.9 KB). Loaded Objects now: 5130.
Memory consumption went from 167.7 MB to 167.7 MB.
Total: 5.503000 ms (FindLiveObjects: 0.436200 ms CreateObjectMapping: 0.320000 ms MarkObjects: 4.557100 ms  DeleteObjects: 0.188000 ms)

Prepare: number of updated asset objects reloaded= 0
AssetImportParameters requested are different than current active one (requested -> active):
  custom:container-demuxer-ogg: 62fdf1f143b41e24485cea50d1cbac27 -> 
  custom:video-codec-MediaFoundation-h265: 746d11721c4dcdbdad8f713fa42b33f4 -> 
  custom:video-decoder-ogg-theora: a1e56fd34408186e4bbccfd4996cb3dc -> 
  custom:framework-win-MediaFoundation: 216162199b28c13a410421893ffa2e32 -> 
  custom:scripting/monoscript/fileName/DisconnectOnGrab.cs: b6d535f14de0b54fc350dbde59139bca -> 829cd3f79b470f7b924c00f819c10ca8
  custom:CustomObjectIndexerAttribute: 9a22284fe3817be447336de3de66b15e -> 
  custom:scripting/monoscript/fileName/SocketChecker.cs: 81e2c6ae821d2f82fca4ae7f488fee82 -> 11eea032f05868895a3d7bd31e5112c8
  custom:container-demuxer-webm: 4f35f7cbe854078d1ac9338744f61a02 -> 
  custom:container-muxer-webm: aa71ff27fc2769a1b78a27578f13a17b -> 
  custom:video-decoder-webm-vp8: 9c59270c3fd7afecdb556c50c9e8de78 -> 
  custom:scripting/monoscript/fileName/ObjectConnector.cs: b6889c6d7c3a3d07a33c3997b113a4de -> 27ec08e04caab7342e1ebf9ebffa40c1
  custom:SearchIndexIgnoredProperties: e643bd26f0fe6173181afceb89e7c659 -> 
  custom:AudioImporter_EditorPlatform: d09bf68614088b80899f8185d706f6e7 -> 
  custom:video-encoder-webm-vp8: eb34c28f22e8b96e1ab97ce403110664 -> 
  custom:scripting/monoscript/fileName/BasketTrigger.cs: aa00535640a464914bb19856add306dc -> 48c5e4ba96c9f234beae8838e152e959
  custom:audio-decoder-ogg-vorbis: bf7c407c2cedff20999df2af8eb42d56 -> 
  custom:audio-encoder-webm-vorbis: bf7c407c2cedff20999df2af8eb42d56 -> 
  custom:scripting/monoscript/fileName/ScoreManager.cs: 8bf37ad2a0e5ee64fa29f25e7049ed24 -> 2117df56b7ba23abd331d761e713022a
  custom:scripting/monoscript/fileName/BasketTriggerObject.cs: 9b05c554f29a11072e71a667da6ed2cb -> 
========================================================================
Received Prepare
Begin MonoManager ReloadAssembly
- Loaded All Assemblies, in  0.426 seconds
Refreshing native plugins compatible for Editor in 11.77 ms, found 9 plugins.
Native extension for WindowsStandalone target not found
[Package Manager] Server::EnsureServerProcessIsRunning -- launch failed, reason: Unity was launched with the -noUpm command-line argument
[Package Manager] UpmClient::Send -- Unable to send message (not connected to UPM process).
[Package Manager] Cannot connect to Unity Package Manager local server
Mono: successfully reloaded assembly
[Package Manager] Server::EnsureServerProcessIsRunning -- launch failed, reason: Unity was launched with the -noUpm command-line argument
[Package Manager] UpmClient::Send -- Unable to send message (not connected to UPM process).
[Package Manager] Cannot connect to Unity Package Manager local server
- Finished resetting the current domain, in  1.116 seconds
Domain Reload Profiling: 1541ms
	BeginReloadAssembly (154ms)
		ExecutionOrderSort (0ms)
		DisableScriptedObjects (4ms)
		BackupInstance (0ms)
		ReleaseScriptingObjects (0ms)
		CreateAndSetChildDomain (31ms)
	RebuildCommonClasses (31ms)
	RebuildNativeTypeToScriptingClass (10ms)
	initialDomainReloadingComplete (23ms)
	LoadAllAssembliesAndSetupDomain (207ms)
		LoadAssemblies (277ms)
		RebuildTransferFunctionScriptingTraits (0ms)
		AnalyzeDomain (16ms)
			TypeCache.Refresh (6ms)
				TypeCache.ScanAssembly (0ms)
			ScanForSourceGeneratedMonoScriptInfo (0ms)
			ResolveRequiredComponents (8ms)
	FinalizeReload (1116ms)
		ReleaseScriptCaches (0ms)
		RebuildScriptCaches (0ms)
		SetupLoadedEditorAssemblies (546ms)
			LogAssemblyErrors (0ms)
			InitializePlatformSupportModulesInManaged (5ms)
			SetLoadedEditorAssemblies (6ms)
			RefreshPlugins (0ms)
			BeforeProcessingInitializeOnLoad (70ms)
			ProcessInitializeOnLoadAttributes (422ms)
			ProcessInitializeOnLoadMethodAttributes (42ms)
			AfterProcessingInitializeOnLoad (2ms)
			EditorAssembliesLoaded (0ms)
		ExecutionOrderSort2 (0ms)
		AwakeInstancesAfterBackupRestoration (8ms)
Refreshing native plugins compatible for Editor in 28.20 ms, found 9 plugins.
Preloading 0 native plugins for Editor in 0.00 ms.
Unloading 4469 Unused Serialized files (Serialized files now loaded: 0)
Unloading 60 unused Assets / (49.9 KB). Loaded Objects now: 5134.
Memory consumption went from 167.7 MB to 167.7 MB.
Total: 5.464200 ms (FindLiveObjects: 0.356800 ms CreateObjectMapping: 0.303600 ms MarkObjects: 4.665100 ms  DeleteObjects: 0.136900 ms)

Prepare: number of updated asset objects reloaded= 0
AssetImportParameters requested are different than current active one (requested -> active):
  custom:container-demuxer-ogg: 62fdf1f143b41e24485cea50d1cbac27 -> 
  custom:video-codec-MediaFoundation-h265: 746d11721c4dcdbdad8f713fa42b33f4 -> 
  custom:video-decoder-ogg-theora: a1e56fd34408186e4bbccfd4996cb3dc -> 
  custom:framework-win-MediaFoundation: 216162199b28c13a410421893ffa2e32 -> 
  custom:scripting/monoscript/fileName/DisconnectOnGrab.cs: b6d535f14de0b54fc350dbde59139bca -> 829cd3f79b470f7b924c00f819c10ca8
  custom:CustomObjectIndexerAttribute: 9a22284fe3817be447336de3de66b15e -> 
  custom:scripting/monoscript/fileName/SocketChecker.cs: 81e2c6ae821d2f82fca4ae7f488fee82 -> 11eea032f05868895a3d7bd31e5112c8
  custom:container-demuxer-webm: 4f35f7cbe854078d1ac9338744f61a02 -> 
  custom:container-muxer-webm: aa71ff27fc2769a1b78a27578f13a17b -> 
  custom:video-decoder-webm-vp8: 9c59270c3fd7afecdb556c50c9e8de78 -> 
  custom:scripting/monoscript/fileName/ObjectConnector.cs: b6889c6d7c3a3d07a33c3997b113a4de -> 27ec08e04caab7342e1ebf9ebffa40c1
  custom:SearchIndexIgnoredProperties: e643bd26f0fe6173181afceb89e7c659 -> 
  custom:AudioImporter_EditorPlatform: d09bf68614088b80899f8185d706f6e7 -> 
  custom:video-encoder-webm-vp8: eb34c28f22e8b96e1ab97ce403110664 -> 
  custom:scripting/monoscript/fileName/BasketTrigger.cs: aa00535640a464914bb19856add306dc -> 48c5e4ba96c9f234beae8838e152e959
  custom:audio-decoder-ogg-vorbis: bf7c407c2cedff20999df2af8eb42d56 -> 
  custom:audio-encoder-webm-vorbis: bf7c407c2cedff20999df2af8eb42d56 -> 
  custom:scripting/monoscript/fileName/ScoreManager.cs: 8bf37ad2a0e5ee64fa29f25e7049ed24 -> 2117df56b7ba23abd331d761e713022a
  custom:scripting/monoscript/fileName/BasketTriggerObject.cs: 9b05c554f29a11072e71a667da6ed2cb -> 
========================================================================
Received Prepare
Begin MonoManager ReloadAssembly
- Loaded All Assemblies, in  0.456 seconds
Refreshing native plugins compatible for Editor in 12.23 ms, found 9 plugins.
Native extension for WindowsStandalone target not found
[Package Manager] Server::EnsureServerProcessIsRunning -- launch failed, reason: Unity was launched with the -noUpm command-line argument
[Package Manager] UpmClient::Send -- Unable to send message (not connected to UPM process).
[Package Manager] Cannot connect to Unity Package Manager local server
Mono: successfully reloaded assembly
[Package Manager] Server::EnsureServerProcessIsRunning -- launch failed, reason: Unity was launched with the -noUpm command-line argument
[Package Manager] UpmClient::Send -- Unable to send message (not connected to UPM process).
[Package Manager] Cannot connect to Unity Package Manager local server
- Finished resetting the current domain, in  1.147 seconds
Domain Reload Profiling: 1603ms
	BeginReloadAssembly (154ms)
		ExecutionOrderSort (0ms)
		DisableScriptedObjects (4ms)
		BackupInstance (0ms)
		ReleaseScriptingObjects (0ms)
		CreateAndSetChildDomain (33ms)
	RebuildCommonClasses (32ms)
	RebuildNativeTypeToScriptingClass (12ms)
	initialDomainReloadingComplete (25ms)
	LoadAllAssembliesAndSetupDomain (232ms)
		LoadAssemblies (300ms)
		RebuildTransferFunctionScriptingTraits (0ms)
		AnalyzeDomain (18ms)
			TypeCache.Refresh (6ms)
				TypeCache.ScanAssembly (0ms)
			ScanForSourceGeneratedMonoScriptInfo (0ms)
			ResolveRequiredComponents (9ms)
	FinalizeReload (1148ms)
		ReleaseScriptCaches (0ms)
		RebuildScriptCaches (0ms)
		SetupLoadedEditorAssemblies (562ms)
			LogAssemblyErrors (0ms)
			InitializePlatformSupportModulesInManaged (4ms)
			SetLoadedEditorAssemblies (5ms)
			RefreshPlugins (0ms)
			BeforeProcessingInitializeOnLoad (72ms)
			ProcessInitializeOnLoadAttributes (438ms)
			ProcessInitializeOnLoadMethodAttributes (41ms)
			AfterProcessingInitializeOnLoad (2ms)
			EditorAssembliesLoaded (0ms)
		ExecutionOrderSort2 (0ms)
		AwakeInstancesAfterBackupRestoration (11ms)
Refreshing native plugins compatible for Editor in 28.28 ms, found 9 plugins.
Preloading 0 native plugins for Editor in 0.00 ms.
Unloading 4469 Unused Serialized files (Serialized files now loaded: 0)
Unloading 60 unused Assets / (49.9 KB). Loaded Objects now: 5138.
Memory consumption went from 167.7 MB to 167.7 MB.
Total: 5.585600 ms (FindLiveObjects: 0.450400 ms CreateObjectMapping: 0.268900 ms MarkObjects: 4.738000 ms  DeleteObjects: 0.126000 ms)

Prepare: number of updated asset objects reloaded= 0
AssetImportParameters requested are different than current active one (requested -> active):
  custom:container-demuxer-ogg: 62fdf1f143b41e24485cea50d1cbac27 -> 
  custom:video-codec-MediaFoundation-h265: 746d11721c4dcdbdad8f713fa42b33f4 -> 
  custom:video-decoder-ogg-theora: a1e56fd34408186e4bbccfd4996cb3dc -> 
  custom:framework-win-MediaFoundation: 216162199b28c13a410421893ffa2e32 -> 
  custom:scripting/monoscript/fileName/DisconnectOnGrab.cs: b6d535f14de0b54fc350dbde59139bca -> 829cd3f79b470f7b924c00f819c10ca8
  custom:CustomObjectIndexerAttribute: 9a22284fe3817be447336de3de66b15e -> 
  custom:scripting/monoscript/fileName/SocketChecker.cs: 81e2c6ae821d2f82fca4ae7f488fee82 -> 11eea032f05868895a3d7bd31e5112c8
  custom:container-demuxer-webm: 4f35f7cbe854078d1ac9338744f61a02 -> 
  custom:container-muxer-webm: aa71ff27fc2769a1b78a27578f13a17b -> 
  custom:video-decoder-webm-vp8: 9c59270c3fd7afecdb556c50c9e8de78 -> 
  custom:scripting/monoscript/fileName/ObjectConnector.cs: b6889c6d7c3a3d07a33c3997b113a4de -> 27ec08e04caab7342e1ebf9ebffa40c1
  custom:SearchIndexIgnoredProperties: e643bd26f0fe6173181afceb89e7c659 -> 
  custom:AudioImporter_EditorPlatform: d09bf68614088b80899f8185d706f6e7 -> 
  custom:video-encoder-webm-vp8: eb34c28f22e8b96e1ab97ce403110664 -> 
  custom:scripting/monoscript/fileName/BasketTrigger.cs: aa00535640a464914bb19856add306dc -> 48c5e4ba96c9f234beae8838e152e959
  custom:audio-decoder-ogg-vorbis: bf7c407c2cedff20999df2af8eb42d56 -> 
  custom:audio-encoder-webm-vorbis: bf7c407c2cedff20999df2af8eb42d56 -> 
  custom:scripting/monoscript/fileName/ScoreManager.cs: 8bf37ad2a0e5ee64fa29f25e7049ed24 -> 2117df56b7ba23abd331d761e713022a
  custom:scripting/monoscript/fileName/BasketTriggerObject.cs: 9b05c554f29a11072e71a667da6ed2cb -> 
========================================================================
Received Prepare
Begin MonoManager ReloadAssembly
- Loaded All Assemblies, in  0.410 seconds
Refreshing native plugins compatible for Editor in 10.47 ms, found 9 plugins.
Native extension for WindowsStandalone target not found
[Package Manager] Server::EnsureServerProcessIsRunning -- launch failed, reason: Unity was launched with the -noUpm command-line argument
[Package Manager] UpmClient::Send -- Unable to send message (not connected to UPM process).
[Package Manager] Cannot connect to Unity Package Manager local server
Mono: successfully reloaded assembly
[Package Manager] Server::EnsureServerProcessIsRunning -- launch failed, reason: Unity was launched with the -noUpm command-line argument
[Package Manager] UpmClient::Send -- Unable to send message (not connected to UPM process).
[Package Manager] Cannot connect to Unity Package Manager local server
- Finished resetting the current domain, in  1.043 seconds
Domain Reload Profiling: 1453ms
	BeginReloadAssembly (153ms)
		ExecutionOrderSort (0ms)
		DisableScriptedObjects (3ms)
		BackupInstance (0ms)
		ReleaseScriptingObjects (0ms)
		CreateAndSetChildDomain (30ms)
	RebuildCommonClasses (33ms)
	RebuildNativeTypeToScriptingClass (10ms)
	initialDomainReloadingComplete (24ms)
	LoadAllAssembliesAndSetupDomain (189ms)
		LoadAssemblies (264ms)
		RebuildTransferFunctionScriptingTraits (0ms)
		AnalyzeDomain (16ms)
			TypeCache.Refresh (6ms)
				TypeCache.ScanAssembly (0ms)
			ScanForSourceGeneratedMonoScriptInfo (0ms)
			ResolveRequiredComponents (7ms)
	FinalizeReload (1044ms)
		ReleaseScriptCaches (0ms)
		RebuildScriptCaches (0ms)
		SetupLoadedEditorAssemblies (504ms)
			LogAssemblyErrors (0ms)
			InitializePlatformSupportModulesInManaged (6ms)
			SetLoadedEditorAssemblies (5ms)
			RefreshPlugins (0ms)
			BeforeProcessingInitializeOnLoad (65ms)
			ProcessInitializeOnLoadAttributes (389ms)
			ProcessInitializeOnLoadMethodAttributes (36ms)
			AfterProcessingInitializeOnLoad (2ms)
			EditorAssembliesLoaded (0ms)
		ExecutionOrderSort2 (0ms)
		AwakeInstancesAfterBackupRestoration (7ms)
Refreshing native plugins compatible for Editor in 27.11 ms, found 9 plugins.
Preloading 0 native plugins for Editor in 0.00 ms.
Unloading 4469 Unused Serialized files (Serialized files now loaded: 0)
Unloading 60 unused Assets / (49.9 KB). Loaded Objects now: 5142.
Memory consumption went from 167.7 MB to 167.7 MB.
Total: 5.564800 ms (FindLiveObjects: 0.379700 ms CreateObjectMapping: 0.282700 ms MarkObjects: 4.776000 ms  DeleteObjects: 0.124700 ms)

Prepare: number of updated asset objects reloaded= 0
AssetImportParameters requested are different than current active one (requested -> active):
  custom:container-demuxer-ogg: 62fdf1f143b41e24485cea50d1cbac27 -> 
  custom:video-codec-MediaFoundation-h265: 746d11721c4dcdbdad8f713fa42b33f4 -> 
  custom:video-decoder-ogg-theora: a1e56fd34408186e4bbccfd4996cb3dc -> 
  custom:framework-win-MediaFoundation: 216162199b28c13a410421893ffa2e32 -> 
  custom:scripting/monoscript/fileName/DisconnectOnGrab.cs: b6d535f14de0b54fc350dbde59139bca -> 829cd3f79b470f7b924c00f819c10ca8
  custom:CustomObjectIndexerAttribute: 9a22284fe3817be447336de3de66b15e -> 
  custom:scripting/monoscript/fileName/SocketChecker.cs: 81e2c6ae821d2f82fca4ae7f488fee82 -> 11eea032f05868895a3d7bd31e5112c8
  custom:container-demuxer-webm: 4f35f7cbe854078d1ac9338744f61a02 -> 
  custom:container-muxer-webm: aa71ff27fc2769a1b78a27578f13a17b -> 
  custom:video-decoder-webm-vp8: 9c59270c3fd7afecdb556c50c9e8de78 -> 
  custom:scripting/monoscript/fileName/ObjectConnector.cs: b6889c6d7c3a3d07a33c3997b113a4de -> 27ec08e04caab7342e1ebf9ebffa40c1
  custom:SearchIndexIgnoredProperties: e643bd26f0fe6173181afceb89e7c659 -> 
  custom:AudioImporter_EditorPlatform: d09bf68614088b80899f8185d706f6e7 -> 
  custom:video-encoder-webm-vp8: eb34c28f22e8b96e1ab97ce403110664 -> 
  custom:scripting/monoscript/fileName/BasketTrigger.cs: aa00535640a464914bb19856add306dc -> 48c5e4ba96c9f234beae8838e152e959
  custom:audio-decoder-ogg-vorbis: bf7c407c2cedff20999df2af8eb42d56 -> 
  custom:audio-encoder-webm-vorbis: bf7c407c2cedff20999df2af8eb42d56 -> 
  custom:scripting/monoscript/fileName/ScoreManager.cs: 8bf37ad2a0e5ee64fa29f25e7049ed24 -> 2117df56b7ba23abd331d761e713022a
  custom:scripting/monoscript/fileName/BasketTriggerObject.cs: 9b05c554f29a11072e71a667da6ed2cb -> 
========================================================================
Received Prepare
Begin MonoManager ReloadAssembly
- Loaded All Assemblies, in  0.401 seconds
Refreshing native plugins compatible for Editor in 9.22 ms, found 9 plugins.
Native extension for WindowsStandalone target not found
[Package Manager] Server::EnsureServerProcessIsRunning -- launch failed, reason: Unity was launched with the -noUpm command-line argument
[Package Manager] UpmClient::Send -- Unable to send message (not connected to UPM process).
[Package Manager] Cannot connect to Unity Package Manager local server
Mono: successfully reloaded assembly
[Package Manager] Server::EnsureServerProcessIsRunning -- launch failed, reason: Unity was launched with the -noUpm command-line argument
[Package Manager] UpmClient::Send -- Unable to send message (not connected to UPM process).
[Package Manager] Cannot connect to Unity Package Manager local server
- Finished resetting the current domain, in  0.998 seconds
Domain Reload Profiling: 1398ms
	BeginReloadAssembly (148ms)
		ExecutionOrderSort (0ms)
		DisableScriptedObjects (3ms)
		BackupInstance (0ms)
		ReleaseScriptingObjects (0ms)
		CreateAndSetChildDomain (28ms)
	RebuildCommonClasses (30ms)
	RebuildNativeTypeToScriptingClass (9ms)
	initialDomainReloadingComplete (24ms)
	LoadAllAssembliesAndSetupDomain (190ms)
		LoadAssemblies (261ms)
		RebuildTransferFunctionScriptingTraits (0ms)
		AnalyzeDomain (17ms)
			TypeCache.Refresh (6ms)
				TypeCache.ScanAssembly (0ms)
			ScanForSourceGeneratedMonoScriptInfo (0ms)
			ResolveRequiredComponents (8ms)
	FinalizeReload (998ms)
		ReleaseScriptCaches (0ms)
		RebuildScriptCaches (0ms)
		SetupLoadedEditorAssemblies (483ms)
			LogAssemblyErrors (0ms)
			InitializePlatformSupportModulesInManaged (4ms)
			SetLoadedEditorAssemblies (5ms)
			RefreshPlugins (0ms)
			BeforeProcessingInitializeOnLoad (61ms)
			ProcessInitializeOnLoadAttributes (374ms)
			ProcessInitializeOnLoadMethodAttributes (37ms)
			AfterProcessingInitializeOnLoad (3ms)
			EditorAssembliesLoaded (0ms)
		ExecutionOrderSort2 (0ms)
		AwakeInstancesAfterBackupRestoration (8ms)
Refreshing native plugins compatible for Editor in 23.75 ms, found 9 plugins.
Preloading 0 native plugins for Editor in 0.00 ms.
Unloading 4469 Unused Serialized files (Serialized files now loaded: 0)
Unloading 60 unused Assets / (49.8 KB). Loaded Objects now: 5146.
Memory consumption went from 167.8 MB to 167.7 MB.
Total: 5.300000 ms (FindLiveObjects: 0.481100 ms CreateObjectMapping: 0.354700 ms MarkObjects: 4.332600 ms  DeleteObjects: 0.129700 ms)

Prepare: number of updated asset objects reloaded= 0
AssetImportParameters requested are different than current active one (requested -> active):
  custom:container-demuxer-ogg: 62fdf1f143b41e24485cea50d1cbac27 -> 
  custom:video-codec-MediaFoundation-h265: 746d11721c4dcdbdad8f713fa42b33f4 -> 
  custom:video-decoder-ogg-theora: a1e56fd34408186e4bbccfd4996cb3dc -> 
  custom:framework-win-MediaFoundation: 216162199b28c13a410421893ffa2e32 -> 
  custom:scripting/monoscript/fileName/DisconnectOnGrab.cs: b6d535f14de0b54fc350dbde59139bca -> 829cd3f79b470f7b924c00f819c10ca8
  custom:CustomObjectIndexerAttribute: 9a22284fe3817be447336de3de66b15e -> 
  custom:scripting/monoscript/fileName/SocketChecker.cs: 81e2c6ae821d2f82fca4ae7f488fee82 -> 11eea032f05868895a3d7bd31e5112c8
  custom:container-demuxer-webm: 4f35f7cbe854078d1ac9338744f61a02 -> 
  custom:container-muxer-webm: aa71ff27fc2769a1b78a27578f13a17b -> 
  custom:video-decoder-webm-vp8: 9c59270c3fd7afecdb556c50c9e8de78 -> 
  custom:scripting/monoscript/fileName/ObjectConnector.cs: b6889c6d7c3a3d07a33c3997b113a4de -> 27ec08e04caab7342e1ebf9ebffa40c1
  custom:SearchIndexIgnoredProperties: e643bd26f0fe6173181afceb89e7c659 -> 
  custom:AudioImporter_EditorPlatform: d09bf68614088b80899f8185d706f6e7 -> 
  custom:video-encoder-webm-vp8: eb34c28f22e8b96e1ab97ce403110664 -> 
  custom:scripting/monoscript/fileName/BasketTrigger.cs: aa00535640a464914bb19856add306dc -> 48c5e4ba96c9f234beae8838e152e959
  custom:audio-decoder-ogg-vorbis: bf7c407c2cedff20999df2af8eb42d56 -> 
  custom:audio-encoder-webm-vorbis: bf7c407c2cedff20999df2af8eb42d56 -> 
  custom:scripting/monoscript/fileName/ScoreManager.cs: 8bf37ad2a0e5ee64fa29f25e7049ed24 -> 2117df56b7ba23abd331d761e713022a
  custom:scripting/monoscript/fileName/BasketTriggerObject.cs: 9b05c554f29a11072e71a667da6ed2cb -> 
========================================================================
Received Prepare
Begin MonoManager ReloadAssembly
- Loaded All Assemblies, in  0.421 seconds
Refreshing native plugins compatible for Editor in 8.89 ms, found 9 plugins.
Native extension for WindowsStandalone target not found
[Package Manager] Server::EnsureServerProcessIsRunning -- launch failed, reason: Unity was launched with the -noUpm command-line argument
[Package Manager] UpmClient::Send -- Unable to send message (not connected to UPM process).
[Package Manager] Cannot connect to Unity Package Manager local server
Mono: successfully reloaded assembly
[Package Manager] Server::EnsureServerProcessIsRunning -- launch failed, reason: Unity was launched with the -noUpm command-line argument
[Package Manager] UpmClient::Send -- Unable to send message (not connected to UPM process).
[Package Manager] Cannot connect to Unity Package Manager local server
- Finished resetting the current domain, in  1.005 seconds
Domain Reload Profiling: 1426ms
	BeginReloadAssembly (149ms)
		ExecutionOrderSort (0ms)
		DisableScriptedObjects (3ms)
		BackupInstance (0ms)
		ReleaseScriptingObjects (0ms)
		CreateAndSetChildDomain (28ms)
	RebuildCommonClasses (30ms)
	RebuildNativeTypeToScriptingClass (10ms)
	initialDomainReloadingComplete (24ms)
	LoadAllAssembliesAndSetupDomain (208ms)
		LoadAssemblies (278ms)
		RebuildTransferFunctionScriptingTraits (0ms)
		AnalyzeDomain (17ms)
			TypeCache.Refresh (6ms)
				TypeCache.ScanAssembly (0ms)
			ScanForSourceGeneratedMonoScriptInfo (0ms)
			ResolveRequiredComponents (7ms)
	FinalizeReload (1005ms)
		ReleaseScriptCaches (0ms)
		RebuildScriptCaches (0ms)
		SetupLoadedEditorAssemblies (500ms)
			LogAssemblyErrors (0ms)
			InitializePlatformSupportModulesInManaged (4ms)
			SetLoadedEditorAssemblies (3ms)
			RefreshPlugins (0ms)
			BeforeProcessingInitializeOnLoad (58ms)
			ProcessInitializeOnLoadAttributes (398ms)
			ProcessInitializeOnLoadMethodAttributes (35ms)
			AfterProcessingInitializeOnLoad (2ms)
			EditorAssembliesLoaded (0ms)
		ExecutionOrderSort2 (0ms)
		AwakeInstancesAfterBackupRestoration (8ms)
Refreshing native plugins compatible for Editor in 26.72 ms, found 9 plugins.
Preloading 0 native plugins for Editor in 0.00 ms.
Unloading 4469 Unused Serialized files (Serialized files now loaded: 0)
Unloading 60 unused Assets / (49.8 KB). Loaded Objects now: 5150.
Memory consumption went from 167.8 MB to 167.7 MB.
Total: 7.453200 ms (FindLiveObjects: 0.683900 ms CreateObjectMapping: 0.309400 ms MarkObjects: 5.993100 ms  DeleteObjects: 0.464900 ms)

Prepare: number of updated asset objects reloaded= 0
AssetImportParameters requested are different than current active one (requested -> active):
  custom:container-demuxer-ogg: 62fdf1f143b41e24485cea50d1cbac27 -> 
  custom:video-codec-MediaFoundation-h265: 746d11721c4dcdbdad8f713fa42b33f4 -> 
  custom:video-decoder-ogg-theora: a1e56fd34408186e4bbccfd4996cb3dc -> 
  custom:framework-win-MediaFoundation: 216162199b28c13a410421893ffa2e32 -> 
  custom:scripting/monoscript/fileName/DisconnectOnGrab.cs: b6d535f14de0b54fc350dbde59139bca -> 829cd3f79b470f7b924c00f819c10ca8
  custom:CustomObjectIndexerAttribute: 9a22284fe3817be447336de3de66b15e -> 
  custom:scripting/monoscript/fileName/SocketChecker.cs: 81e2c6ae821d2f82fca4ae7f488fee82 -> 11eea032f05868895a3d7bd31e5112c8
  custom:container-demuxer-webm: 4f35f7cbe854078d1ac9338744f61a02 -> 
  custom:container-muxer-webm: aa71ff27fc2769a1b78a27578f13a17b -> 
  custom:video-decoder-webm-vp8: 9c59270c3fd7afecdb556c50c9e8de78 -> 
  custom:scripting/monoscript/fileName/ObjectConnector.cs: b6889c6d7c3a3d07a33c3997b113a4de -> 27ec08e04caab7342e1ebf9ebffa40c1
  custom:SearchIndexIgnoredProperties: e643bd26f0fe6173181afceb89e7c659 -> 
  custom:AudioImporter_EditorPlatform: d09bf68614088b80899f8185d706f6e7 -> 
  custom:video-encoder-webm-vp8: eb34c28f22e8b96e1ab97ce403110664 -> 
  custom:scripting/monoscript/fileName/BasketTrigger.cs: aa00535640a464914bb19856add306dc -> 48c5e4ba96c9f234beae8838e152e959
  custom:audio-decoder-ogg-vorbis: bf7c407c2cedff20999df2af8eb42d56 -> 
  custom:audio-encoder-webm-vorbis: bf7c407c2cedff20999df2af8eb42d56 -> 
  custom:scripting/monoscript/fileName/ScoreManager.cs: 8bf37ad2a0e5ee64fa29f25e7049ed24 -> 2117df56b7ba23abd331d761e713022a
  custom:scripting/monoscript/fileName/BasketTriggerObject.cs: 9b05c554f29a11072e71a667da6ed2cb -> 
========================================================================
Received Prepare
Begin MonoManager ReloadAssembly
- Loaded All Assemblies, in  0.395 seconds
Refreshing native plugins compatible for Editor in 9.31 ms, found 9 plugins.
Native extension for WindowsStandalone target not found
[Package Manager] Server::EnsureServerProcessIsRunning -- launch failed, reason: Unity was launched with the -noUpm command-line argument
[Package Manager] UpmClient::Send -- Unable to send message (not connected to UPM process).
[Package Manager] Cannot connect to Unity Package Manager local server
Mono: successfully reloaded assembly
[Package Manager] Server::EnsureServerProcessIsRunning -- launch failed, reason: Unity was launched with the -noUpm command-line argument
[Package Manager] UpmClient::Send -- Unable to send message (not connected to UPM process).
[Package Manager] Cannot connect to Unity Package Manager local server
- Finished resetting the current domain, in  1.021 seconds
Domain Reload Profiling: 1416ms
	BeginReloadAssembly (142ms)
		ExecutionOrderSort (0ms)
		DisableScriptedObjects (3ms)
		BackupInstance (0ms)
		ReleaseScriptingObjects (0ms)
		CreateAndSetChildDomain (31ms)
	RebuildCommonClasses (30ms)
	RebuildNativeTypeToScriptingClass (10ms)
	initialDomainReloadingComplete (23ms)
	LoadAllAssembliesAndSetupDomain (190ms)
		LoadAssemblies (253ms)
		RebuildTransferFunctionScriptingTraits (0ms)
		AnalyzeDomain (16ms)
			TypeCache.Refresh (6ms)
				TypeCache.ScanAssembly (0ms)
			ScanForSourceGeneratedMonoScriptInfo (0ms)
			ResolveRequiredComponents (8ms)
	FinalizeReload (1021ms)
		ReleaseScriptCaches (0ms)
		RebuildScriptCaches (0ms)
		SetupLoadedEditorAssemblies (500ms)
			LogAssemblyErrors (0ms)
			InitializePlatformSupportModulesInManaged (4ms)
			SetLoadedEditorAssemblies (5ms)
			RefreshPlugins (0ms)
			BeforeProcessingInitializeOnLoad (63ms)
			ProcessInitializeOnLoadAttributes (376ms)
			ProcessInitializeOnLoadMethodAttributes (49ms)
			AfterProcessingInitializeOnLoad (2ms)
			EditorAssembliesLoaded (0ms)
		ExecutionOrderSort2 (0ms)
		AwakeInstancesAfterBackupRestoration (8ms)
Refreshing native plugins compatible for Editor in 24.21 ms, found 9 plugins.
Preloading 0 native plugins for Editor in 0.00 ms.
Unloading 4469 Unused Serialized files (Serialized files now loaded: 0)
Unloading 60 unused Assets / (49.9 KB). Loaded Objects now: 5154.
Memory consumption went from 167.8 MB to 167.8 MB.
Total: 5.134500 ms (FindLiveObjects: 0.409200 ms CreateObjectMapping: 0.284800 ms MarkObjects: 4.288500 ms  DeleteObjects: 0.150300 ms)

Prepare: number of updated asset objects reloaded= 0
AssetImportParameters requested are different than current active one (requested -> active):
  custom:container-demuxer-ogg: 62fdf1f143b41e24485cea50d1cbac27 -> 
  custom:video-codec-MediaFoundation-h265: 746d11721c4dcdbdad8f713fa42b33f4 -> 
  custom:video-decoder-ogg-theora: a1e56fd34408186e4bbccfd4996cb3dc -> 
  custom:framework-win-MediaFoundation: 216162199b28c13a410421893ffa2e32 -> 
  custom:scripting/monoscript/fileName/DisconnectOnGrab.cs: b6d535f14de0b54fc350dbde59139bca -> 829cd3f79b470f7b924c00f819c10ca8
  custom:CustomObjectIndexerAttribute: 9a22284fe3817be447336de3de66b15e -> 
  custom:scripting/monoscript/fileName/SocketChecker.cs: 81e2c6ae821d2f82fca4ae7f488fee82 -> 11eea032f05868895a3d7bd31e5112c8
  custom:container-demuxer-webm: 4f35f7cbe854078d1ac9338744f61a02 -> 
  custom:container-muxer-webm: aa71ff27fc2769a1b78a27578f13a17b -> 
  custom:video-decoder-webm-vp8: 9c59270c3fd7afecdb556c50c9e8de78 -> 
  custom:scripting/monoscript/fileName/ObjectConnector.cs: b6889c6d7c3a3d07a33c3997b113a4de -> 27ec08e04caab7342e1ebf9ebffa40c1
  custom:SearchIndexIgnoredProperties: e643bd26f0fe6173181afceb89e7c659 -> 
  custom:AudioImporter_EditorPlatform: d09bf68614088b80899f8185d706f6e7 -> 
  custom:video-encoder-webm-vp8: eb34c28f22e8b96e1ab97ce403110664 -> 
  custom:scripting/monoscript/fileName/BasketTrigger.cs: aa00535640a464914bb19856add306dc -> 48c5e4ba96c9f234beae8838e152e959
  custom:audio-decoder-ogg-vorbis: bf7c407c2cedff20999df2af8eb42d56 -> 
  custom:audio-encoder-webm-vorbis: bf7c407c2cedff20999df2af8eb42d56 -> 
  custom:scripting/monoscript/fileName/ScoreManager.cs: 8bf37ad2a0e5ee64fa29f25e7049ed24 -> 2117df56b7ba23abd331d761e713022a
  custom:scripting/monoscript/fileName/BasketTriggerObject.cs: 9b05c554f29a11072e71a667da6ed2cb -> 
========================================================================
Received Import Request.
  Time since last request: 307.297163 seconds.
  path: Assets/Product/prefab/Mama(pack).prefab
  artifactKey: Guid(8583781a26f0a3a4589266286b83b3b8) Importer(815301076,1909f56bfc062723c751e8b465ee728b)
Start importing Assets/Product/prefab/Mama(pack).prefab using Guid(8583781a26f0a3a4589266286b83b3b8) Importer(815301076,1909f56bfc062723c751e8b465ee728b)  -> (artifact id: '0dac8388ad1bebb1b08e3242af6b9256') in 0.132428 seconds
Number of updated asset objects reloaded before import = 0
Number of asset objects unloaded after import = 24
========================================================================
Received Import Request.
  Time since last request: 453.830611 seconds.
  path: Assets/Product/model/Mama(cup).fbx
  artifactKey: Guid(92e9e754d9f32b342ae03daea6e3a27a) Importer(815301076,1909f56bfc062723c751e8b465ee728b)
Start importing Assets/Product/model/Mama(cup).fbx using Guid(92e9e754d9f32b342ae03daea6e3a27a) Importer(815301076,1909f56bfc062723c751e8b465ee728b)  -> (artifact id: 'c332a0238f5b8a23ab4d77ee9a85ee21') in 0.087623 seconds
Number of updated asset objects reloaded before import = 0
Number of asset objects unloaded after import = 23
========================================================================
Received Import Request.
  Time since last request: 5.958804 seconds.
  path: Assets/Product/model/fish sauce.fbx
  artifactKey: Guid(05cfcb03fea904a4ba066c04fd34f9b5) Importer(815301076,1909f56bfc062723c751e8b465ee728b)
Start importing Assets/Product/model/fish sauce.fbx using Guid(05cfcb03fea904a4ba066c04fd34f9b5) Importer(815301076,1909f56bfc062723c751e8b465ee728b)  -> (artifact id: 'fdb5ecdd396b428b2ef1bae87a7f47c9') in 0.093586 seconds
Number of updated asset objects reloaded before import = 0
Number of asset objects unloaded after import = 36
========================================================================
Received Import Request.
  Time since last request: 4.014369 seconds.
  path: Assets/Product/textures/fish sauce.png
  artifactKey: Guid(f990917708f06374fa09bdcd87279045) Importer(815301076,1909f56bfc062723c751e8b465ee728b)
Start importing Assets/Product/textures/fish sauce.png using Guid(f990917708f06374fa09bdcd87279045) Importer(815301076,1909f56bfc062723c751e8b465ee728b)  -> (artifact id: 'ced1e6d43aa3900968b6096315f756cf') in 0.030811 seconds
Number of updated asset objects reloaded before import = 0
Number of asset objects unloaded after import = 2
========================================================================
Received Import Request.
  Time since last request: 7.011873 seconds.
  path: Assets/Product/model/fish sauce.fbx
  artifactKey: Guid(05cfcb03fea904a4ba066c04fd34f9b5) Importer(815301076,1909f56bfc062723c751e8b465ee728b)
Start importing Assets/Product/model/fish sauce.fbx using Guid(05cfcb03fea904a4ba066c04fd34f9b5) Importer(815301076,1909f56bfc062723c751e8b465ee728b)  -> (artifact id: 'e19124e91d60546d46de59dc8c5da7c2') in 0.090252 seconds
Number of updated asset objects reloaded before import = 0
Number of asset objects unloaded after import = 37
========================================================================
Received Import Request.
  Time since last request: 167.757370 seconds.
  path: ProjectSettings/TagManager.asset
  artifactKey: Guid(00000000000000003000000000000000) Importer(815301076,1909f56bfc062723c751e8b465ee728b)
Start importing ProjectSettings/TagManager.asset using Guid(00000000000000003000000000000000) Importer(815301076,1909f56bfc062723c751e8b465ee728b)  -> (artifact id: '2a623fbd9c33272faab005720f0c0170') in 0.001330 seconds
Number of updated asset objects reloaded before import = 0
Number of asset objects unloaded after import = 0
========================================================================
Received Prepare
Begin MonoManager ReloadAssembly
- Loaded All Assemblies, in  0.438 seconds
Refreshing native plugins compatible for Editor in 11.99 ms, found 9 plugins.
Native extension for WindowsStandalone target not found
[Package Manager] Server::EnsureServerProcessIsRunning -- launch failed, reason: Unity was launched with the -noUpm command-line argument
[Package Manager] UpmClient::Send -- Unable to send message (not connected to UPM process).
[Package Manager] Cannot connect to Unity Package Manager local server
Mono: successfully reloaded assembly
[Package Manager] Server::EnsureServerProcessIsRunning -- launch failed, reason: Unity was launched with the -noUpm command-line argument
[Package Manager] UpmClient::Send -- Unable to send message (not connected to UPM process).
[Package Manager] Cannot connect to Unity Package Manager local server
- Finished resetting the current domain, in  1.519 seconds
Domain Reload Profiling: 1956ms
	BeginReloadAssembly (154ms)
		ExecutionOrderSort (0ms)
		DisableScriptedObjects (4ms)
		BackupInstance (0ms)
		ReleaseScriptingObjects (0ms)
		CreateAndSetChildDomain (33ms)
	RebuildCommonClasses (31ms)
	RebuildNativeTypeToScriptingClass (9ms)
	initialDomainReloadingComplete (22ms)
	LoadAllAssembliesAndSetupDomain (220ms)
		LoadAssemblies (291ms)
		RebuildTransferFunctionScriptingTraits (0ms)
		AnalyzeDomain (16ms)
			TypeCache.Refresh (6ms)
				TypeCache.ScanAssembly (0ms)
			ScanForSourceGeneratedMonoScriptInfo (0ms)
			ResolveRequiredComponents (8ms)
	FinalizeReload (1519ms)
		ReleaseScriptCaches (0ms)
		RebuildScriptCaches (0ms)
		SetupLoadedEditorAssemblies (513ms)
			LogAssemblyErrors (0ms)
			InitializePlatformSupportModulesInManaged (4ms)
			SetLoadedEditorAssemblies (3ms)
			RefreshPlugins (0ms)
			BeforeProcessingInitializeOnLoad (58ms)
			ProcessInitializeOnLoadAttributes (399ms)
			ProcessInitializeOnLoadMethodAttributes (46ms)
			AfterProcessingInitializeOnLoad (3ms)
			EditorAssembliesLoaded (0ms)
		ExecutionOrderSort2 (0ms)
		AwakeInstancesAfterBackupRestoration (9ms)
Refreshing native plugins compatible for Editor in 22.96 ms, found 9 plugins.
Preloading 0 native plugins for Editor in 0.00 ms.
Unloading 4469 Unused Serialized files (Serialized files now loaded: 0)
Unloading 60 unused Assets / (49.9 KB). Loaded Objects now: 5158.
Memory consumption went from 167.9 MB to 167.8 MB.
Total: 5.919600 ms (FindLiveObjects: 0.343000 ms CreateObjectMapping: 0.486400 ms MarkObjects: 4.927100 ms  DeleteObjects: 0.161200 ms)

Prepare: number of updated asset objects reloaded= 0
AssetImportParameters requested are different than current active one (requested -> active):
  custom:container-demuxer-ogg: 62fdf1f143b41e24485cea50d1cbac27 -> 
  custom:video-codec-MediaFoundation-h265: 746d11721c4dcdbdad8f713fa42b33f4 -> 
  custom:video-decoder-ogg-theora: a1e56fd34408186e4bbccfd4996cb3dc -> 
  custom:framework-win-MediaFoundation: 216162199b28c13a410421893ffa2e32 -> 
  custom:scripting/monoscript/fileName/DisconnectOnGrab.cs: b6d535f14de0b54fc350dbde59139bca -> 829cd3f79b470f7b924c00f819c10ca8
  custom:CustomObjectIndexerAttribute: 9a22284fe3817be447336de3de66b15e -> 
  custom:scripting/monoscript/fileName/SocketChecker.cs: 81e2c6ae821d2f82fca4ae7f488fee82 -> 11eea032f05868895a3d7bd31e5112c8
  custom:container-demuxer-webm: 4f35f7cbe854078d1ac9338744f61a02 -> 
  custom:container-muxer-webm: aa71ff27fc2769a1b78a27578f13a17b -> 
  custom:video-decoder-webm-vp8: 9c59270c3fd7afecdb556c50c9e8de78 -> 
  custom:scripting/monoscript/fileName/ObjectConnector.cs: b6889c6d7c3a3d07a33c3997b113a4de -> 27ec08e04caab7342e1ebf9ebffa40c1
  custom:SearchIndexIgnoredProperties: e643bd26f0fe6173181afceb89e7c659 -> 
  custom:AudioImporter_EditorPlatform: d09bf68614088b80899f8185d706f6e7 -> 
  custom:video-encoder-webm-vp8: eb34c28f22e8b96e1ab97ce403110664 -> 
  custom:scripting/monoscript/fileName/BasketTrigger.cs: aa00535640a464914bb19856add306dc -> 48c5e4ba96c9f234beae8838e152e959
  custom:audio-decoder-ogg-vorbis: bf7c407c2cedff20999df2af8eb42d56 -> 
  custom:audio-encoder-webm-vorbis: bf7c407c2cedff20999df2af8eb42d56 -> 
  custom:scripting/monoscript/fileName/ScoreManager.cs: 8bf37ad2a0e5ee64fa29f25e7049ed24 -> 2117df56b7ba23abd331d761e713022a
  custom:scripting/monoscript/fileName/BasketTriggerObject.cs: 9b05c554f29a11072e71a667da6ed2cb -> 
========================================================================
Received Import Request.
  Time since last request: 149.535555 seconds.
  path: Assets/Product/prefab/Fish_Sauce.prefab
  artifactKey: Guid(f09ec411e65f8684199fca76a8c0f196) Importer(815301076,1909f56bfc062723c751e8b465ee728b)
Start importing Assets/Product/prefab/Fish_Sauce.prefab using Guid(f09ec411e65f8684199fca76a8c0f196) Importer(815301076,1909f56bfc062723c751e8b465ee728b)  -> (artifact id: '50a2e46ebeac5d94248f264591305e9a') in 0.150540 seconds
Number of updated asset objects reloaded before import = 0
Number of asset objects unloaded after import = 66
========================================================================
Received Import Request.
  Time since last request: 256.619419 seconds.
  path: Assets/Product/model/ketchup.fbx
  artifactKey: Guid(e32e0007e0640234ea8db31fd6ad08f1) Importer(815301076,1909f56bfc062723c751e8b465ee728b)
Start importing Assets/Product/model/ketchup.fbx using Guid(e32e0007e0640234ea8db31fd6ad08f1) Importer(815301076,1909f56bfc062723c751e8b465ee728b)  -> (artifact id: 'f2f6cf9f3cc2a1727f4ade3d3e3009d2') in 0.140935 seconds
Number of updated asset objects reloaded before import = 0
Number of asset objects unloaded after import = 30
========================================================================
Received Import Request.
  Time since last request: 3.813039 seconds.
  path: Assets/Product/textures/ketchup.png
  artifactKey: Guid(d2fd4ec12ee82db4e8ce2839065ec1f7) Importer(815301076,1909f56bfc062723c751e8b465ee728b)
Start importing Assets/Product/textures/ketchup.png using Guid(d2fd4ec12ee82db4e8ce2839065ec1f7) Importer(815301076,1909f56bfc062723c751e8b465ee728b)  -> (artifact id: '6dfe3a54fe4d4ca638f1bbb215fc0dce') in 0.027275 seconds
Number of updated asset objects reloaded before import = 0
Number of asset objects unloaded after import = 2
========================================================================
Received Import Request.
  Time since last request: 0.868462 seconds.
  path: Assets/Product/model/ketchup.fbx
  artifactKey: Guid(e32e0007e0640234ea8db31fd6ad08f1) Importer(815301076,1909f56bfc062723c751e8b465ee728b)
Start importing Assets/Product/model/ketchup.fbx using Guid(e32e0007e0640234ea8db31fd6ad08f1) Importer(815301076,1909f56bfc062723c751e8b465ee728b)  -> (artifact id: 'd1aefd8a3dd2770f1d1158cd7611529d') in 0.071267 seconds
Number of updated asset objects reloaded before import = 0
Number of asset objects unloaded after import = 31
========================================================================
Received Import Request.
  Time since last request: 110.018093 seconds.
  path: ProjectSettings/TagManager.asset
  artifactKey: Guid(00000000000000003000000000000000) Importer(815301076,1909f56bfc062723c751e8b465ee728b)
Start importing ProjectSettings/TagManager.asset using Guid(00000000000000003000000000000000) Importer(815301076,1909f56bfc062723c751e8b465ee728b)  -> (artifact id: 'd2f6a6b42b540b0733b0d9d9246221b7') in 0.001336 seconds
Number of updated asset objects reloaded before import = 0
Number of asset objects unloaded after import = 0
========================================================================
Received Prepare
Begin MonoManager ReloadAssembly
- Loaded All Assemblies, in  0.453 seconds
Refreshing native plugins compatible for Editor in 11.18 ms, found 9 plugins.
Native extension for WindowsStandalone target not found
[Package Manager] Server::EnsureServerProcessIsRunning -- launch failed, reason: Unity was launched with the -noUpm command-line argument
[Package Manager] UpmClient::Send -- Unable to send message (not connected to UPM process).
[Package Manager] Cannot connect to Unity Package Manager local server
Mono: successfully reloaded assembly
[Package Manager] Server::EnsureServerProcessIsRunning -- launch failed, reason: Unity was launched with the -noUpm command-line argument
[Package Manager] UpmClient::Send -- Unable to send message (not connected to UPM process).
[Package Manager] Cannot connect to Unity Package Manager local server
- Finished resetting the current domain, in  1.223 seconds
Domain Reload Profiling: 1677ms
	BeginReloadAssembly (164ms)
		ExecutionOrderSort (0ms)
		DisableScriptedObjects (4ms)
		BackupInstance (0ms)
		ReleaseScriptingObjects (0ms)
		CreateAndSetChildDomain (38ms)
	RebuildCommonClasses (34ms)
	RebuildNativeTypeToScriptingClass (11ms)
	initialDomainReloadingComplete (26ms)
	LoadAllAssembliesAndSetupDomain (217ms)
		LoadAssemblies (289ms)
		RebuildTransferFunctionScriptingTraits (0ms)
		AnalyzeDomain (18ms)
			TypeCache.Refresh (7ms)
				TypeCache.ScanAssembly (0ms)
			ScanForSourceGeneratedMonoScriptInfo (0ms)
			ResolveRequiredComponents (9ms)
	FinalizeReload (1224ms)
		ReleaseScriptCaches (0ms)
		RebuildScriptCaches (0ms)
		SetupLoadedEditorAssemblies (590ms)
			LogAssemblyErrors (0ms)
			InitializePlatformSupportModulesInManaged (7ms)
			SetLoadedEditorAssemblies (6ms)
			RefreshPlugins (0ms)
			BeforeProcessingInitializeOnLoad (77ms)
			ProcessInitializeOnLoadAttributes (455ms)
			ProcessInitializeOnLoadMethodAttributes (44ms)
			AfterProcessingInitializeOnLoad (2ms)
			EditorAssembliesLoaded (0ms)
		ExecutionOrderSort2 (0ms)
		AwakeInstancesAfterBackupRestoration (7ms)
Refreshing native plugins compatible for Editor in 27.66 ms, found 9 plugins.
Preloading 0 native plugins for Editor in 0.00 ms.
Unloading 4469 Unused Serialized files (Serialized files now loaded: 0)
Unloading 60 unused Assets / (49.9 KB). Loaded Objects now: 5162.
Memory consumption went from 167.9 MB to 167.9 MB.
Total: 5.737200 ms (FindLiveObjects: 0.370800 ms CreateObjectMapping: 0.293000 ms MarkObjects: 4.887900 ms  DeleteObjects: 0.183800 ms)

Prepare: number of updated asset objects reloaded= 0
AssetImportParameters requested are different than current active one (requested -> active):
  custom:container-demuxer-ogg: 62fdf1f143b41e24485cea50d1cbac27 -> 
  custom:video-codec-MediaFoundation-h265: 746d11721c4dcdbdad8f713fa42b33f4 -> 
  custom:video-decoder-ogg-theora: a1e56fd34408186e4bbccfd4996cb3dc -> 
  custom:framework-win-MediaFoundation: 216162199b28c13a410421893ffa2e32 -> 
  custom:scripting/monoscript/fileName/DisconnectOnGrab.cs: b6d535f14de0b54fc350dbde59139bca -> 829cd3f79b470f7b924c00f819c10ca8
  custom:CustomObjectIndexerAttribute: 9a22284fe3817be447336de3de66b15e -> 
  custom:scripting/monoscript/fileName/SocketChecker.cs: 81e2c6ae821d2f82fca4ae7f488fee82 -> 11eea032f05868895a3d7bd31e5112c8
  custom:container-demuxer-webm: 4f35f7cbe854078d1ac9338744f61a02 -> 
  custom:container-muxer-webm: aa71ff27fc2769a1b78a27578f13a17b -> 
  custom:video-decoder-webm-vp8: 9c59270c3fd7afecdb556c50c9e8de78 -> 
  custom:scripting/monoscript/fileName/ObjectConnector.cs: b6889c6d7c3a3d07a33c3997b113a4de -> 27ec08e04caab7342e1ebf9ebffa40c1
  custom:SearchIndexIgnoredProperties: e643bd26f0fe6173181afceb89e7c659 -> 
  custom:AudioImporter_EditorPlatform: d09bf68614088b80899f8185d706f6e7 -> 
  custom:video-encoder-webm-vp8: eb34c28f22e8b96e1ab97ce403110664 -> 
  custom:scripting/monoscript/fileName/BasketTrigger.cs: aa00535640a464914bb19856add306dc -> 48c5e4ba96c9f234beae8838e152e959
  custom:audio-decoder-ogg-vorbis: bf7c407c2cedff20999df2af8eb42d56 -> 
  custom:audio-encoder-webm-vorbis: bf7c407c2cedff20999df2af8eb42d56 -> 
  custom:scripting/monoscript/fileName/ScoreManager.cs: 8bf37ad2a0e5ee64fa29f25e7049ed24 -> 2117df56b7ba23abd331d761e713022a
  custom:scripting/monoscript/fileName/BasketTriggerObject.cs: 9b05c554f29a11072e71a667da6ed2cb -> 
========================================================================
Received Prepare
Begin MonoManager ReloadAssembly
- Loaded All Assemblies, in  0.428 seconds
Refreshing native plugins compatible for Editor in 10.79 ms, found 9 plugins.
Native extension for WindowsStandalone target not found
[Package Manager] Server::EnsureServerProcessIsRunning -- launch failed, reason: Unity was launched with the -noUpm command-line argument
[Package Manager] UpmClient::Send -- Unable to send message (not connected to UPM process).
[Package Manager] Cannot connect to Unity Package Manager local server
Mono: successfully reloaded assembly
[Package Manager] Server::EnsureServerProcessIsRunning -- launch failed, reason: Unity was launched with the -noUpm command-line argument
[Package Manager] UpmClient::Send -- Unable to send message (not connected to UPM process).
[Package Manager] Cannot connect to Unity Package Manager local server
- Finished resetting the current domain, in  1.049 seconds
Domain Reload Profiling: 1476ms
	BeginReloadAssembly (155ms)
		ExecutionOrderSort (0ms)
		DisableScriptedObjects (3ms)
		BackupInstance (0ms)
		ReleaseScriptingObjects (0ms)
		CreateAndSetChildDomain (28ms)
	RebuildCommonClasses (35ms)
	RebuildNativeTypeToScriptingClass (11ms)
	initialDomainReloadingComplete (25ms)
	LoadAllAssembliesAndSetupDomain (200ms)
		LoadAssemblies (276ms)
		RebuildTransferFunctionScriptingTraits (0ms)
		AnalyzeDomain (17ms)
			TypeCache.Refresh (6ms)
				TypeCache.ScanAssembly (0ms)
			ScanForSourceGeneratedMonoScriptInfo (0ms)
			ResolveRequiredComponents (8ms)
	FinalizeReload (1050ms)
		ReleaseScriptCaches (0ms)
		RebuildScriptCaches (0ms)
		SetupLoadedEditorAssemblies (516ms)
			LogAssemblyErrors (0ms)
			InitializePlatformSupportModulesInManaged (4ms)
			SetLoadedEditorAssemblies (5ms)
			RefreshPlugins (0ms)
			BeforeProcessingInitializeOnLoad (67ms)
			ProcessInitializeOnLoadAttributes (390ms)
			ProcessInitializeOnLoadMethodAttributes (47ms)
			AfterProcessingInitializeOnLoad (2ms)
			EditorAssembliesLoaded (0ms)
		ExecutionOrderSort2 (0ms)
		AwakeInstancesAfterBackupRestoration (8ms)
Refreshing native plugins compatible for Editor in 24.18 ms, found 9 plugins.
Preloading 0 native plugins for Editor in 0.00 ms.
Unloading 4469 Unused Serialized files (Serialized files now loaded: 0)
Unloading 60 unused Assets / (49.9 KB). Loaded Objects now: 5166.
Memory consumption went from 167.9 MB to 167.9 MB.
Total: 6.142700 ms (FindLiveObjects: 0.415200 ms CreateObjectMapping: 0.397300 ms MarkObjects: 5.208400 ms  DeleteObjects: 0.120400 ms)

Prepare: number of updated asset objects reloaded= 0
AssetImportParameters requested are different than current active one (requested -> active):
  custom:container-demuxer-ogg: 62fdf1f143b41e24485cea50d1cbac27 -> 
  custom:video-codec-MediaFoundation-h265: 746d11721c4dcdbdad8f713fa42b33f4 -> 
  custom:video-decoder-ogg-theora: a1e56fd34408186e4bbccfd4996cb3dc -> 
  custom:framework-win-MediaFoundation: 216162199b28c13a410421893ffa2e32 -> 
  custom:scripting/monoscript/fileName/DisconnectOnGrab.cs: b6d535f14de0b54fc350dbde59139bca -> 829cd3f79b470f7b924c00f819c10ca8
  custom:CustomObjectIndexerAttribute: 9a22284fe3817be447336de3de66b15e -> 
  custom:scripting/monoscript/fileName/SocketChecker.cs: 81e2c6ae821d2f82fca4ae7f488fee82 -> 11eea032f05868895a3d7bd31e5112c8
  custom:container-demuxer-webm: 4f35f7cbe854078d1ac9338744f61a02 -> 
  custom:container-muxer-webm: aa71ff27fc2769a1b78a27578f13a17b -> 
  custom:video-decoder-webm-vp8: 9c59270c3fd7afecdb556c50c9e8de78 -> 
  custom:scripting/monoscript/fileName/ObjectConnector.cs: b6889c6d7c3a3d07a33c3997b113a4de -> 27ec08e04caab7342e1ebf9ebffa40c1
  custom:SearchIndexIgnoredProperties: e643bd26f0fe6173181afceb89e7c659 -> 
  custom:AudioImporter_EditorPlatform: d09bf68614088b80899f8185d706f6e7 -> 
  custom:video-encoder-webm-vp8: eb34c28f22e8b96e1ab97ce403110664 -> 
  custom:scripting/monoscript/fileName/BasketTrigger.cs: aa00535640a464914bb19856add306dc -> 48c5e4ba96c9f234beae8838e152e959
  custom:audio-decoder-ogg-vorbis: bf7c407c2cedff20999df2af8eb42d56 -> 
  custom:audio-encoder-webm-vorbis: bf7c407c2cedff20999df2af8eb42d56 -> 
  custom:scripting/monoscript/fileName/ScoreManager.cs: 8bf37ad2a0e5ee64fa29f25e7049ed24 -> 2117df56b7ba23abd331d761e713022a
  custom:scripting/monoscript/fileName/BasketTriggerObject.cs: 9b05c554f29a11072e71a667da6ed2cb -> 
========================================================================
Received Prepare
Begin MonoManager ReloadAssembly
- Loaded All Assemblies, in  0.420 seconds
Refreshing native plugins compatible for Editor in 9.40 ms, found 9 plugins.
Native extension for WindowsStandalone target not found
[Package Manager] Server::EnsureServerProcessIsRunning -- launch failed, reason: Unity was launched with the -noUpm command-line argument
[Package Manager] UpmClient::Send -- Unable to send message (not connected to UPM process).
[Package Manager] Cannot connect to Unity Package Manager local server
Mono: successfully reloaded assembly
[Package Manager] Server::EnsureServerProcessIsRunning -- launch failed, reason: Unity was launched with the -noUpm command-line argument
[Package Manager] UpmClient::Send -- Unable to send message (not connected to UPM process).
[Package Manager] Cannot connect to Unity Package Manager local server
- Finished resetting the current domain, in  1.013 seconds
Domain Reload Profiling: 1433ms
	BeginReloadAssembly (164ms)
		ExecutionOrderSort (0ms)
		DisableScriptedObjects (4ms)
		BackupInstance (0ms)
		ReleaseScriptingObjects (0ms)
		CreateAndSetChildDomain (35ms)
	RebuildCommonClasses (32ms)
	RebuildNativeTypeToScriptingClass (11ms)
	initialDomainReloadingComplete (22ms)
	LoadAllAssembliesAndSetupDomain (190ms)
		LoadAssemblies (265ms)
		RebuildTransferFunctionScriptingTraits (0ms)
		AnalyzeDomain (16ms)
			TypeCache.Refresh (6ms)
				TypeCache.ScanAssembly (0ms)
			ScanForSourceGeneratedMonoScriptInfo (0ms)
			ResolveRequiredComponents (8ms)
	FinalizeReload (1014ms)
		ReleaseScriptCaches (0ms)
		RebuildScriptCaches (0ms)
		SetupLoadedEditorAssemblies (484ms)
			LogAssemblyErrors (0ms)
			InitializePlatformSupportModulesInManaged (4ms)
			SetLoadedEditorAssemblies (3ms)
			RefreshPlugins (0ms)
			BeforeProcessingInitializeOnLoad (65ms)
			ProcessInitializeOnLoadAttributes (372ms)
			ProcessInitializeOnLoadMethodAttributes (36ms)
			AfterProcessingInitializeOnLoad (3ms)
			EditorAssembliesLoaded (0ms)
		ExecutionOrderSort2 (0ms)
		AwakeInstancesAfterBackupRestoration (9ms)
Refreshing native plugins compatible for Editor in 25.27 ms, found 9 plugins.
Preloading 0 native plugins for Editor in 0.00 ms.
Unloading 4469 Unused Serialized files (Serialized files now loaded: 0)
Unloading 60 unused Assets / (50.0 KB). Loaded Objects now: 5170.
Memory consumption went from 167.9 MB to 167.8 MB.
Total: 6.257300 ms (FindLiveObjects: 0.379900 ms CreateObjectMapping: 0.673500 ms MarkObjects: 5.089400 ms  DeleteObjects: 0.112400 ms)

Prepare: number of updated asset objects reloaded= 0
AssetImportParameters requested are different than current active one (requested -> active):
  custom:container-demuxer-ogg: 62fdf1f143b41e24485cea50d1cbac27 -> 
  custom:video-codec-MediaFoundation-h265: 746d11721c4dcdbdad8f713fa42b33f4 -> 
  custom:video-decoder-ogg-theora: a1e56fd34408186e4bbccfd4996cb3dc -> 
  custom:framework-win-MediaFoundation: 216162199b28c13a410421893ffa2e32 -> 
  custom:scripting/monoscript/fileName/DisconnectOnGrab.cs: b6d535f14de0b54fc350dbde59139bca -> 829cd3f79b470f7b924c00f819c10ca8
  custom:CustomObjectIndexerAttribute: 9a22284fe3817be447336de3de66b15e -> 
  custom:scripting/monoscript/fileName/SocketChecker.cs: 81e2c6ae821d2f82fca4ae7f488fee82 -> 11eea032f05868895a3d7bd31e5112c8
  custom:container-demuxer-webm: 4f35f7cbe854078d1ac9338744f61a02 -> 
  custom:container-muxer-webm: aa71ff27fc2769a1b78a27578f13a17b -> 
  custom:video-decoder-webm-vp8: 9c59270c3fd7afecdb556c50c9e8de78 -> 
  custom:scripting/monoscript/fileName/ObjectConnector.cs: b6889c6d7c3a3d07a33c3997b113a4de -> 27ec08e04caab7342e1ebf9ebffa40c1
  custom:SearchIndexIgnoredProperties: e643bd26f0fe6173181afceb89e7c659 -> 
  custom:AudioImporter_EditorPlatform: d09bf68614088b80899f8185d706f6e7 -> 
  custom:video-encoder-webm-vp8: eb34c28f22e8b96e1ab97ce403110664 -> 
  custom:scripting/monoscript/fileName/BasketTrigger.cs: aa00535640a464914bb19856add306dc -> 48c5e4ba96c9f234beae8838e152e959
  custom:audio-decoder-ogg-vorbis: bf7c407c2cedff20999df2af8eb42d56 -> 
  custom:audio-encoder-webm-vorbis: bf7c407c2cedff20999df2af8eb42d56 -> 
  custom:scripting/monoscript/fileName/ScoreManager.cs: 8bf37ad2a0e5ee64fa29f25e7049ed24 -> 2117df56b7ba23abd331d761e713022a
  custom:scripting/monoscript/fileName/BasketTriggerObject.cs: 9b05c554f29a11072e71a667da6ed2cb -> 
========================================================================
Received Prepare
Begin MonoManager ReloadAssembly
- Loaded All Assemblies, in  0.410 seconds
Refreshing native plugins compatible for Editor in 11.57 ms, found 9 plugins.
Native extension for WindowsStandalone target not found
[Package Manager] Server::EnsureServerProcessIsRunning -- launch failed, reason: Unity was launched with the -noUpm command-line argument
[Package Manager] UpmClient::Send -- Unable to send message (not connected to UPM process).
[Package Manager] Cannot connect to Unity Package Manager local server
Mono: successfully reloaded assembly
[Package Manager] Server::EnsureServerProcessIsRunning -- launch failed, reason: Unity was launched with the -noUpm command-line argument
[Package Manager] UpmClient::Send -- Unable to send message (not connected to UPM process).
[Package Manager] Cannot connect to Unity Package Manager local server
- Finished resetting the current domain, in  1.066 seconds
Domain Reload Profiling: 1476ms
	BeginReloadAssembly (150ms)
		ExecutionOrderSort (0ms)
		DisableScriptedObjects (3ms)
		BackupInstance (0ms)
		ReleaseScriptingObjects (0ms)
		CreateAndSetChildDomain (29ms)
	RebuildCommonClasses (30ms)
	RebuildNativeTypeToScriptingClass (10ms)
	initialDomainReloadingComplete (23ms)
	LoadAllAssembliesAndSetupDomain (196ms)
		LoadAssemblies (269ms)
		RebuildTransferFunctionScriptingTraits (0ms)
		AnalyzeDomain (15ms)
			TypeCache.Refresh (6ms)
				TypeCache.ScanAssembly (0ms)
			ScanForSourceGeneratedMonoScriptInfo (0ms)
			ResolveRequiredComponents (7ms)
	FinalizeReload (1066ms)
		ReleaseScriptCaches (0ms)
		RebuildScriptCaches (0ms)
		SetupLoadedEditorAssemblies (482ms)
			LogAssemblyErrors (0ms)
			InitializePlatformSupportModulesInManaged (4ms)
			SetLoadedEditorAssemblies (3ms)
			RefreshPlugins (0ms)
			BeforeProcessingInitializeOnLoad (61ms)
			ProcessInitializeOnLoadAttributes (371ms)
			ProcessInitializeOnLoadMethodAttributes (39ms)
			AfterProcessingInitializeOnLoad (2ms)
			EditorAssembliesLoaded (0ms)
		ExecutionOrderSort2 (0ms)
		AwakeInstancesAfterBackupRestoration (8ms)
Refreshing native plugins compatible for Editor in 25.89 ms, found 9 plugins.
Preloading 0 native plugins for Editor in 0.00 ms.
Unloading 4469 Unused Serialized files (Serialized files now loaded: 0)
Unloading 60 unused Assets / (49.9 KB). Loaded Objects now: 5174.
Memory consumption went from 167.9 MB to 167.8 MB.
Total: 5.184200 ms (FindLiveObjects: 0.450700 ms CreateObjectMapping: 0.287200 ms MarkObjects: 4.306300 ms  DeleteObjects: 0.138400 ms)

Prepare: number of updated asset objects reloaded= 0
AssetImportParameters requested are different than current active one (requested -> active):
  custom:container-demuxer-ogg: 62fdf1f143b41e24485cea50d1cbac27 -> 
  custom:video-codec-MediaFoundation-h265: 746d11721c4dcdbdad8f713fa42b33f4 -> 
  custom:video-decoder-ogg-theora: a1e56fd34408186e4bbccfd4996cb3dc -> 
  custom:framework-win-MediaFoundation: 216162199b28c13a410421893ffa2e32 -> 
  custom:scripting/monoscript/fileName/DisconnectOnGrab.cs: b6d535f14de0b54fc350dbde59139bca -> 829cd3f79b470f7b924c00f819c10ca8
  custom:CustomObjectIndexerAttribute: 9a22284fe3817be447336de3de66b15e -> 
  custom:scripting/monoscript/fileName/SocketChecker.cs: 81e2c6ae821d2f82fca4ae7f488fee82 -> 11eea032f05868895a3d7bd31e5112c8
  custom:container-demuxer-webm: 4f35f7cbe854078d1ac9338744f61a02 -> 
  custom:container-muxer-webm: aa71ff27fc2769a1b78a27578f13a17b -> 
  custom:video-decoder-webm-vp8: 9c59270c3fd7afecdb556c50c9e8de78 -> 
  custom:scripting/monoscript/fileName/ObjectConnector.cs: b6889c6d7c3a3d07a33c3997b113a4de -> 27ec08e04caab7342e1ebf9ebffa40c1
  custom:SearchIndexIgnoredProperties: e643bd26f0fe6173181afceb89e7c659 -> 
  custom:AudioImporter_EditorPlatform: d09bf68614088b80899f8185d706f6e7 -> 
  custom:video-encoder-webm-vp8: eb34c28f22e8b96e1ab97ce403110664 -> 
  custom:scripting/monoscript/fileName/BasketTrigger.cs: aa00535640a464914bb19856add306dc -> 48c5e4ba96c9f234beae8838e152e959
  custom:audio-decoder-ogg-vorbis: bf7c407c2cedff20999df2af8eb42d56 -> 
  custom:audio-encoder-webm-vorbis: bf7c407c2cedff20999df2af8eb42d56 -> 
  custom:scripting/monoscript/fileName/ScoreManager.cs: 8bf37ad2a0e5ee64fa29f25e7049ed24 -> 2117df56b7ba23abd331d761e713022a
  custom:scripting/monoscript/fileName/BasketTriggerObject.cs: 9b05c554f29a11072e71a667da6ed2cb -> 
========================================================================
Received Import Request.
  Time since last request: 255.866106 seconds.
  path: Assets/Product/prefab
  artifactKey: Guid(06611ff126865ed42a05a5f6a237d685) Importer(815301076,1909f56bfc062723c751e8b465ee728b)
Start importing Assets/Product/prefab using Guid(06611ff126865ed42a05a5f6a237d685) Importer(815301076,1909f56bfc062723c751e8b465ee728b)  -> (artifact id: '0a2b44a32dda137f301d4d821f5f3560') in 0.003965 seconds
Number of updated asset objects reloaded before import = 0
Number of asset objects unloaded after import = 0
========================================================================
Received Import Request.
  Time since last request: 2.797933 seconds.
  path: Assets/Product/prefab/Ketchup.prefab
  artifactKey: Guid(d421725931e949a45a1addadf1ba6a76) Importer(815301076,1909f56bfc062723c751e8b465ee728b)
Start importing Assets/Product/prefab/Ketchup.prefab using Guid(d421725931e949a45a1addadf1ba6a76) Importer(815301076,1909f56bfc062723c751e8b465ee728b)  -> (artifact id: 'c20d73beeab6b7b7aac138d3bb67a27a') in 0.121483 seconds
Number of updated asset objects reloaded before import = 0
Number of asset objects unloaded after import = 56
========================================================================
Received Import Request.
  Time since last request: 170.283394 seconds.
  path: Assets/Product/model/Crisps.fbx
  artifactKey: Guid(3c21a91f1bd38304fb04ddc098c6cd81) Importer(815301076,1909f56bfc062723c751e8b465ee728b)
Start importing Assets/Product/model/Crisps.fbx using Guid(3c21a91f1bd38304fb04ddc098c6cd81) Importer(815301076,1909f56bfc062723c751e8b465ee728b)  -> (artifact id: '9f637f63f9730797e8943bb465ef5005') in 0.062933 seconds
Number of updated asset objects reloaded before import = 0
Number of asset objects unloaded after import = 12
========================================================================
Received Import Request.
  Time since last request: 5.112607 seconds.
  path: Assets/Product/textures/crisps.jpg
  artifactKey: Guid(42beb45ebbe8a6b4f897edd129c3fb0c) Importer(815301076,1909f56bfc062723c751e8b465ee728b)
Start importing Assets/Product/textures/crisps.jpg using Guid(42beb45ebbe8a6b4f897edd129c3fb0c) Importer(815301076,1909f56bfc062723c751e8b465ee728b)  -> (artifact id: 'e79dd18db54cb353c54378819157bbe4') in 0.028523 seconds
Number of updated asset objects reloaded before import = 0
Number of asset objects unloaded after import = 2
========================================================================
Received Import Request.
  Time since last request: 13.777037 seconds.
  path: Assets/Product/materials/Mama(cup,side).mat
  artifactKey: Guid(f79d694c598c93e4b927334c8bae7c9d) Importer(815301076,1909f56bfc062723c751e8b465ee728b)
Start importing Assets/Product/materials/Mama(cup,side).mat using Guid(f79d694c598c93e4b927334c8bae7c9d) Importer(815301076,1909f56bfc062723c751e8b465ee728b)  -> (artifact id: 'd7e49608137f34157eb3f6cde823609c') in 0.023374 seconds
Number of updated asset objects reloaded before import = 0
Number of asset objects unloaded after import = 2
========================================================================
Received Import Request.
  Time since last request: 23.390927 seconds.
  path: Assets/Product/materials/Crisps.mat
  artifactKey: Guid(cb871997df8a05e4d8caef6426019a9c) Importer(815301076,1909f56bfc062723c751e8b465ee728b)
Start importing Assets/Product/materials/Crisps.mat using Guid(cb871997df8a05e4d8caef6426019a9c) Importer(815301076,1909f56bfc062723c751e8b465ee728b)  -> (artifact id: 'f551b222bc7cc31efaa0901128bfd670') in 0.020708 seconds
Number of updated asset objects reloaded before import = 0
Number of asset objects unloaded after import = 1
========================================================================
Received Import Request.
  Time since last request: 7.511312 seconds.
  path: Assets/TextMesh Pro/Examples & Extras/Textures/Wipe Pattern - Circle.psd
  artifactKey: Guid(10c49fcd9c64421db7c0133e61e55f97) Importer(815301076,1909f56bfc062723c751e8b465ee728b)
Start importing Assets/TextMesh Pro/Examples & Extras/Textures/Wipe Pattern - Circle.psd using Guid(10c49fcd9c64421db7c0133e61e55f97) Importer(815301076,1909f56bfc062723c751e8b465ee728b)  -> (artifact id: '440efb0a3d2f9926a51626d71eb815d8') in 0.019987 seconds
Number of updated asset objects reloaded before import = 0
Number of asset objects unloaded after import = 2
========================================================================
Received Import Request.
  Time since last request: 0.000138 seconds.
  path: Assets/TextMesh Pro/Examples & Extras/Textures/Wipe Pattern - Radial Double.psd
  artifactKey: Guid(7631f4eff8f74ed38eb3eb9db17134e1) Importer(815301076,1909f56bfc062723c751e8b465ee728b)
Start importing Assets/TextMesh Pro/Examples & Extras/Textures/Wipe Pattern - Radial Double.psd using Guid(7631f4eff8f74ed38eb3eb9db17134e1) Importer(815301076,1909f56bfc062723c751e8b465ee728b)  -> (artifact id: '98defea3ad925d80ea55ee717a84bf01') in 0.010756 seconds
Number of updated asset objects reloaded before import = 0
Number of asset objects unloaded after import = 2
========================================================================
Received Import Request.
  Time since last request: 0.000447 seconds.
  path: Assets/Samples/XR Interaction Toolkit/2.5.4/XR Device Simulator/UI/HeadDevice/XR.png
  artifactKey: Guid(0265e2b6afccd49de9c1f0b3a1fb4285) Importer(815301076,1909f56bfc062723c751e8b465ee728b)
Start importing Assets/Samples/XR Interaction Toolkit/2.5.4/XR Device Simulator/UI/HeadDevice/XR.png using Guid(0265e2b6afccd49de9c1f0b3a1fb4285) Importer(815301076,1909f56bfc062723c751e8b465ee728b)  -> (artifact id: '64dc8e03c4d0314ed99d819bde8837d1') in 0.031821 seconds
Number of updated asset objects reloaded before import = 0
Number of asset objects unloaded after import = 3
========================================================================
Received Import Request.
  Time since last request: 0.000018 seconds.
  path: Assets/Samples/XR Interaction Toolkit/2.5.4/XR Device Simulator/UI/ControllerDevice/xr_ctlr.png
  artifactKey: Guid(7d7a2f6c5e996e24388af5a8227afdcf) Importer(815301076,1909f56bfc062723c751e8b465ee728b)
Start importing Assets/Samples/XR Interaction Toolkit/2.5.4/XR Device Simulator/UI/ControllerDevice/xr_ctlr.png using Guid(7d7a2f6c5e996e24388af5a8227afdcf) Importer(815301076,1909f56bfc062723c751e8b465ee728b)  -> (artifact id: 'c483efeab8daccd4b7730520df0c11fe') in 0.022048 seconds
Number of updated asset objects reloaded before import = 0
Number of asset objects unloaded after import = 3
========================================================================
Received Import Request.
  Time since last request: 16.984932 seconds.
  path: Assets/Product/model/Crisps.fbx
  artifactKey: Guid(3c21a91f1bd38304fb04ddc098c6cd81) Importer(815301076,1909f56bfc062723c751e8b465ee728b)
Start importing Assets/Product/model/Crisps.fbx using Guid(3c21a91f1bd38304fb04ddc098c6cd81) Importer(815301076,1909f56bfc062723c751e8b465ee728b)  -> (artifact id: '70bfbd78fd7a5fa8009c152c9de35f0e') in 0.031007 seconds
Number of updated asset objects reloaded before import = 0
Number of asset objects unloaded after import = 12
========================================================================
Received Import Request.
  Time since last request: 104.458031 seconds.
  path: ProjectSettings/TagManager.asset
  artifactKey: Guid(00000000000000003000000000000000) Importer(815301076,1909f56bfc062723c751e8b465ee728b)
Start importing ProjectSettings/TagManager.asset using Guid(00000000000000003000000000000000) Importer(815301076,1909f56bfc062723c751e8b465ee728b)  -> (artifact id: '8a34ba1455a8d1dc3db49af9939acccc') in 0.001138 seconds
Number of updated asset objects reloaded before import = 0
Number of asset objects unloaded after import = 0
========================================================================
Received Prepare
Begin MonoManager ReloadAssembly
- Loaded All Assemblies, in  0.452 seconds
Refreshing native plugins compatible for Editor in 12.72 ms, found 9 plugins.
Native extension for WindowsStandalone target not found
[Package Manager] Server::EnsureServerProcessIsRunning -- launch failed, reason: Unity was launched with the -noUpm command-line argument
[Package Manager] UpmClient::Send -- Unable to send message (not connected to UPM process).
[Package Manager] Cannot connect to Unity Package Manager local server
Mono: successfully reloaded assembly
[Package Manager] Server::EnsureServerProcessIsRunning -- launch failed, reason: Unity was launched with the -noUpm command-line argument
[Package Manager] UpmClient::Send -- Unable to send message (not connected to UPM process).
[Package Manager] Cannot connect to Unity Package Manager local server
- Finished resetting the current domain, in  1.260 seconds
Domain Reload Profiling: 1711ms
	BeginReloadAssembly (162ms)
		ExecutionOrderSort (0ms)
		DisableScriptedObjects (4ms)
		BackupInstance (0ms)
		ReleaseScriptingObjects (0ms)
		CreateAndSetChildDomain (37ms)
	RebuildCommonClasses (31ms)
	RebuildNativeTypeToScriptingClass (10ms)
	initialDomainReloadingComplete (26ms)
	LoadAllAssembliesAndSetupDomain (222ms)
		LoadAssemblies (295ms)
		RebuildTransferFunctionScriptingTraits (0ms)
		AnalyzeDomain (19ms)
			TypeCache.Refresh (6ms)
				TypeCache.ScanAssembly (0ms)
			ScanForSourceGeneratedMonoScriptInfo (0ms)
			ResolveRequiredComponents (8ms)
	FinalizeReload (1260ms)
		ReleaseScriptCaches (0ms)
		RebuildScriptCaches (0ms)
		SetupLoadedEditorAssemblies (614ms)
			LogAssemblyErrors (0ms)
			InitializePlatformSupportModulesInManaged (5ms)
			SetLoadedEditorAssemblies (4ms)
			RefreshPlugins (0ms)
			BeforeProcessingInitializeOnLoad (68ms)
			ProcessInitializeOnLoadAttributes (495ms)
			ProcessInitializeOnLoadMethodAttributes (39ms)
			AfterProcessingInitializeOnLoad (3ms)
			EditorAssembliesLoaded (0ms)
		ExecutionOrderSort2 (0ms)
		AwakeInstancesAfterBackupRestoration (9ms)
Refreshing native plugins compatible for Editor in 26.55 ms, found 9 plugins.
Preloading 0 native plugins for Editor in 0.00 ms.
Unloading 4469 Unused Serialized files (Serialized files now loaded: 0)
Unloading 60 unused Assets / (49.9 KB). Loaded Objects now: 5179.
Memory consumption went from 167.9 MB to 167.9 MB.
Total: 5.748900 ms (FindLiveObjects: 0.530500 ms CreateObjectMapping: 0.288200 ms MarkObjects: 4.680500 ms  DeleteObjects: 0.246800 ms)

Prepare: number of updated asset objects reloaded= 0
AssetImportParameters requested are different than current active one (requested -> active):
  custom:container-demuxer-ogg: 62fdf1f143b41e24485cea50d1cbac27 -> 
  custom:video-codec-MediaFoundation-h265: 746d11721c4dcdbdad8f713fa42b33f4 -> 
  custom:video-decoder-ogg-theora: a1e56fd34408186e4bbccfd4996cb3dc -> 
  custom:framework-win-MediaFoundation: 216162199b28c13a410421893ffa2e32 -> 
  custom:scripting/monoscript/fileName/DisconnectOnGrab.cs: b6d535f14de0b54fc350dbde59139bca -> 829cd3f79b470f7b924c00f819c10ca8
  custom:CustomObjectIndexerAttribute: 9a22284fe3817be447336de3de66b15e -> 
  custom:scripting/monoscript/fileName/SocketChecker.cs: 81e2c6ae821d2f82fca4ae7f488fee82 -> 11eea032f05868895a3d7bd31e5112c8
  custom:container-demuxer-webm: 4f35f7cbe854078d1ac9338744f61a02 -> 
  custom:container-muxer-webm: aa71ff27fc2769a1b78a27578f13a17b -> 
  custom:video-decoder-webm-vp8: 9c59270c3fd7afecdb556c50c9e8de78 -> 
  custom:scripting/monoscript/fileName/ObjectConnector.cs: b6889c6d7c3a3d07a33c3997b113a4de -> 27ec08e04caab7342e1ebf9ebffa40c1
  custom:SearchIndexIgnoredProperties: e643bd26f0fe6173181afceb89e7c659 -> 
  custom:AudioImporter_EditorPlatform: d09bf68614088b80899f8185d706f6e7 -> 
  custom:video-encoder-webm-vp8: eb34c28f22e8b96e1ab97ce403110664 -> 
  custom:scripting/monoscript/fileName/BasketTrigger.cs: aa00535640a464914bb19856add306dc -> 48c5e4ba96c9f234beae8838e152e959
  custom:audio-decoder-ogg-vorbis: bf7c407c2cedff20999df2af8eb42d56 -> 
  custom:audio-encoder-webm-vorbis: bf7c407c2cedff20999df2af8eb42d56 -> 
  custom:scripting/monoscript/fileName/ScoreManager.cs: 8bf37ad2a0e5ee64fa29f25e7049ed24 -> 2117df56b7ba23abd331d761e713022a
  custom:scripting/monoscript/fileName/BasketTriggerObject.cs: 9b05c554f29a11072e71a667da6ed2cb -> 
========================================================================
Received Prepare
Begin MonoManager ReloadAssembly
- Loaded All Assemblies, in  0.427 seconds
Refreshing native plugins compatible for Editor in 11.94 ms, found 9 plugins.
Native extension for WindowsStandalone target not found
[Package Manager] Server::EnsureServerProcessIsRunning -- launch failed, reason: Unity was launched with the -noUpm command-line argument
[Package Manager] UpmClient::Send -- Unable to send message (not connected to UPM process).
[Package Manager] Cannot connect to Unity Package Manager local server
Mono: successfully reloaded assembly
[Package Manager] Server::EnsureServerProcessIsRunning -- launch failed, reason: Unity was launched with the -noUpm command-line argument
[Package Manager] UpmClient::Send -- Unable to send message (not connected to UPM process).
[Package Manager] Cannot connect to Unity Package Manager local server
- Finished resetting the current domain, in  1.057 seconds
Domain Reload Profiling: 1484ms
	BeginReloadAssembly (156ms)
		ExecutionOrderSort (0ms)
		DisableScriptedObjects (4ms)
		BackupInstance (0ms)
		ReleaseScriptingObjects (0ms)
		CreateAndSetChildDomain (30ms)
	RebuildCommonClasses (32ms)
	RebuildNativeTypeToScriptingClass (11ms)
	initialDomainReloadingComplete (23ms)
	LoadAllAssembliesAndSetupDomain (205ms)
		LoadAssemblies (280ms)
		RebuildTransferFunctionScriptingTraits (0ms)
		AnalyzeDomain (17ms)
			TypeCache.Refresh (6ms)
				TypeCache.ScanAssembly (0ms)
			ScanForSourceGeneratedMonoScriptInfo (0ms)
			ResolveRequiredComponents (7ms)
	FinalizeReload (1057ms)
		ReleaseScriptCaches (0ms)
		RebuildScriptCaches (0ms)
		SetupLoadedEditorAssemblies (501ms)
			LogAssemblyErrors (0ms)
			InitializePlatformSupportModulesInManaged (5ms)
			SetLoadedEditorAssemblies (4ms)
			RefreshPlugins (0ms)
			BeforeProcessingInitializeOnLoad (63ms)
			ProcessInitializeOnLoadAttributes (385ms)
			ProcessInitializeOnLoadMethodAttributes (43ms)
			AfterProcessingInitializeOnLoad (2ms)
			EditorAssembliesLoaded (0ms)
		ExecutionOrderSort2 (0ms)
		AwakeInstancesAfterBackupRestoration (7ms)
Refreshing native plugins compatible for Editor in 26.36 ms, found 9 plugins.
Preloading 0 native plugins for Editor in 0.00 ms.
Unloading 4469 Unused Serialized files (Serialized files now loaded: 0)
Unloading 60 unused Assets / (49.9 KB). Loaded Objects now: 5183.
Memory consumption went from 167.9 MB to 167.9 MB.
Total: 5.480900 ms (FindLiveObjects: 0.409400 ms CreateObjectMapping: 0.309900 ms MarkObjects: 4.600300 ms  DeleteObjects: 0.159300 ms)

Prepare: number of updated asset objects reloaded= 0
AssetImportParameters requested are different than current active one (requested -> active):
  custom:container-demuxer-ogg: 62fdf1f143b41e24485cea50d1cbac27 -> 
  custom:video-codec-MediaFoundation-h265: 746d11721c4dcdbdad8f713fa42b33f4 -> 
  custom:video-decoder-ogg-theora: a1e56fd34408186e4bbccfd4996cb3dc -> 
  custom:framework-win-MediaFoundation: 216162199b28c13a410421893ffa2e32 -> 
  custom:scripting/monoscript/fileName/DisconnectOnGrab.cs: b6d535f14de0b54fc350dbde59139bca -> 829cd3f79b470f7b924c00f819c10ca8
  custom:CustomObjectIndexerAttribute: 9a22284fe3817be447336de3de66b15e -> 
  custom:scripting/monoscript/fileName/SocketChecker.cs: 81e2c6ae821d2f82fca4ae7f488fee82 -> 11eea032f05868895a3d7bd31e5112c8
  custom:container-demuxer-webm: 4f35f7cbe854078d1ac9338744f61a02 -> 
  custom:container-muxer-webm: aa71ff27fc2769a1b78a27578f13a17b -> 
  custom:video-decoder-webm-vp8: 9c59270c3fd7afecdb556c50c9e8de78 -> 
  custom:scripting/monoscript/fileName/ObjectConnector.cs: b6889c6d7c3a3d07a33c3997b113a4de -> 27ec08e04caab7342e1ebf9ebffa40c1
  custom:SearchIndexIgnoredProperties: e643bd26f0fe6173181afceb89e7c659 -> 
  custom:AudioImporter_EditorPlatform: d09bf68614088b80899f8185d706f6e7 -> 
  custom:video-encoder-webm-vp8: eb34c28f22e8b96e1ab97ce403110664 -> 
  custom:scripting/monoscript/fileName/BasketTrigger.cs: aa00535640a464914bb19856add306dc -> 48c5e4ba96c9f234beae8838e152e959
  custom:audio-decoder-ogg-vorbis: bf7c407c2cedff20999df2af8eb42d56 -> 
  custom:audio-encoder-webm-vorbis: bf7c407c2cedff20999df2af8eb42d56 -> 
  custom:scripting/monoscript/fileName/ScoreManager.cs: 8bf37ad2a0e5ee64fa29f25e7049ed24 -> 2117df56b7ba23abd331d761e713022a
  custom:scripting/monoscript/fileName/BasketTriggerObject.cs: 9b05c554f29a11072e71a667da6ed2cb -> 
========================================================================
Received Import Request.
  Time since last request: 148.309564 seconds.
  path: Assets/Product/prefab/Crisps.prefab
  artifactKey: Guid(b85c7ec19aa32c64b9c2dd9e01a501e1) Importer(815301076,1909f56bfc062723c751e8b465ee728b)
Start importing Assets/Product/prefab/Crisps.prefab using Guid(b85c7ec19aa32c64b9c2dd9e01a501e1) Importer(815301076,1909f56bfc062723c751e8b465ee728b)  -> (artifact id: '756fc94f072230e22c81458413ec3b41') in 0.126794 seconds
Number of updated asset objects reloaded before import = 0
Number of asset objects unloaded after import = 29
========================================================================
Received Prepare
Begin MonoManager ReloadAssembly
- Loaded All Assemblies, in  0.432 seconds
Refreshing native plugins compatible for Editor in 11.01 ms, found 9 plugins.
Native extension for WindowsStandalone target not found
[Package Manager] Server::EnsureServerProcessIsRunning -- launch failed, reason: Unity was launched with the -noUpm command-line argument
[Package Manager] UpmClient::Send -- Unable to send message (not connected to UPM process).
[Package Manager] Cannot connect to Unity Package Manager local server
Mono: successfully reloaded assembly
[Package Manager] Server::EnsureServerProcessIsRunning -- launch failed, reason: Unity was launched with the -noUpm command-line argument
[Package Manager] UpmClient::Send -- Unable to send message (not connected to UPM process).
[Package Manager] Cannot connect to Unity Package Manager local server
- Finished resetting the current domain, in  1.032 seconds
Domain Reload Profiling: 1464ms
	BeginReloadAssembly (161ms)
		ExecutionOrderSort (0ms)
		DisableScriptedObjects (3ms)
		BackupInstance (0ms)
		ReleaseScriptingObjects (0ms)
		CreateAndSetChildDomain (37ms)
	RebuildCommonClasses (30ms)
	RebuildNativeTypeToScriptingClass (10ms)
	initialDomainReloadingComplete (23ms)
	LoadAllAssembliesAndSetupDomain (207ms)
		LoadAssemblies (281ms)
		RebuildTransferFunctionScriptingTraits (0ms)
		AnalyzeDomain (17ms)
			TypeCache.Refresh (6ms)
				TypeCache.ScanAssembly (0ms)
			ScanForSourceGeneratedMonoScriptInfo (0ms)
			ResolveRequiredComponents (7ms)
	FinalizeReload (1033ms)
		ReleaseScriptCaches (0ms)
		RebuildScriptCaches (0ms)
		SetupLoadedEditorAssemblies (507ms)
			LogAssemblyErrors (0ms)
			InitializePlatformSupportModulesInManaged (5ms)
			SetLoadedEditorAssemblies (3ms)
			RefreshPlugins (0ms)
			BeforeProcessingInitializeOnLoad (63ms)
			ProcessInitializeOnLoadAttributes (392ms)
			ProcessInitializeOnLoadMethodAttributes (42ms)
			AfterProcessingInitializeOnLoad (2ms)
			EditorAssembliesLoaded (0ms)
		ExecutionOrderSort2 (0ms)
		AwakeInstancesAfterBackupRestoration (8ms)
Refreshing native plugins compatible for Editor in 25.62 ms, found 9 plugins.
Preloading 0 native plugins for Editor in 0.00 ms.
Unloading 4469 Unused Serialized files (Serialized files now loaded: 0)
Unloading 60 unused Assets / (50.0 KB). Loaded Objects now: 5187.
Memory consumption went from 167.9 MB to 167.9 MB.
Total: 5.406100 ms (FindLiveObjects: 0.382600 ms CreateObjectMapping: 0.361100 ms MarkObjects: 4.462500 ms  DeleteObjects: 0.197600 ms)

Prepare: number of updated asset objects reloaded= 0
AssetImportParameters requested are different than current active one (requested -> active):
  custom:container-demuxer-ogg: 62fdf1f143b41e24485cea50d1cbac27 -> 
  custom:video-codec-MediaFoundation-h265: 746d11721c4dcdbdad8f713fa42b33f4 -> 
  custom:video-decoder-ogg-theora: a1e56fd34408186e4bbccfd4996cb3dc -> 
  custom:framework-win-MediaFoundation: 216162199b28c13a410421893ffa2e32 -> 
  custom:scripting/monoscript/fileName/DisconnectOnGrab.cs: b6d535f14de0b54fc350dbde59139bca -> 829cd3f79b470f7b924c00f819c10ca8
  custom:CustomObjectIndexerAttribute: 9a22284fe3817be447336de3de66b15e -> 
  custom:scripting/monoscript/fileName/SocketChecker.cs: 81e2c6ae821d2f82fca4ae7f488fee82 -> 11eea032f05868895a3d7bd31e5112c8
  custom:container-demuxer-webm: 4f35f7cbe854078d1ac9338744f61a02 -> 
  custom:container-muxer-webm: aa71ff27fc2769a1b78a27578f13a17b -> 
  custom:video-decoder-webm-vp8: 9c59270c3fd7afecdb556c50c9e8de78 -> 
  custom:scripting/monoscript/fileName/ObjectConnector.cs: b6889c6d7c3a3d07a33c3997b113a4de -> 27ec08e04caab7342e1ebf9ebffa40c1
  custom:SearchIndexIgnoredProperties: e643bd26f0fe6173181afceb89e7c659 -> 
  custom:AudioImporter_EditorPlatform: d09bf68614088b80899f8185d706f6e7 -> 
  custom:video-encoder-webm-vp8: eb34c28f22e8b96e1ab97ce403110664 -> 
  custom:scripting/monoscript/fileName/BasketTrigger.cs: aa00535640a464914bb19856add306dc -> 48c5e4ba96c9f234beae8838e152e959
  custom:audio-decoder-ogg-vorbis: bf7c407c2cedff20999df2af8eb42d56 -> 
  custom:audio-encoder-webm-vorbis: bf7c407c2cedff20999df2af8eb42d56 -> 
  custom:scripting/monoscript/fileName/ScoreManager.cs: 8bf37ad2a0e5ee64fa29f25e7049ed24 -> 2117df56b7ba23abd331d761e713022a
  custom:scripting/monoscript/fileName/BasketTriggerObject.cs: 9b05c554f29a11072e71a667da6ed2cb -> 
========================================================================
Received Prepare
Begin MonoManager ReloadAssembly
- Loaded All Assemblies, in  0.427 seconds
Refreshing native plugins compatible for Editor in 11.29 ms, found 9 plugins.
Native extension for WindowsStandalone target not found
[Package Manager] Server::EnsureServerProcessIsRunning -- launch failed, reason: Unity was launched with the -noUpm command-line argument
[Package Manager] UpmClient::Send -- Unable to send message (not connected to UPM process).
[Package Manager] Cannot connect to Unity Package Manager local server
Mono: successfully reloaded assembly
[Package Manager] Server::EnsureServerProcessIsRunning -- launch failed, reason: Unity was launched with the -noUpm command-line argument
[Package Manager] UpmClient::Send -- Unable to send message (not connected to UPM process).
[Package Manager] Cannot connect to Unity Package Manager local server
- Finished resetting the current domain, in  1.027 seconds
Domain Reload Profiling: 1454ms
	BeginReloadAssembly (168ms)
		ExecutionOrderSort (0ms)
		DisableScriptedObjects (4ms)
		BackupInstance (0ms)
		ReleaseScriptingObjects (0ms)
		CreateAndSetChildDomain (38ms)
	RebuildCommonClasses (31ms)
	RebuildNativeTypeToScriptingClass (10ms)
	initialDomainReloadingComplete (24ms)
	LoadAllAssembliesAndSetupDomain (193ms)
		LoadAssemblies (274ms)
		RebuildTransferFunctionScriptingTraits (0ms)
		AnalyzeDomain (16ms)
			TypeCache.Refresh (6ms)
				TypeCache.ScanAssembly (0ms)
			ScanForSourceGeneratedMonoScriptInfo (0ms)
			ResolveRequiredComponents (7ms)
	FinalizeReload (1028ms)
		ReleaseScriptCaches (0ms)
		RebuildScriptCaches (0ms)
		SetupLoadedEditorAssemblies (478ms)
			LogAssemblyErrors (0ms)
			InitializePlatformSupportModulesInManaged (4ms)
			SetLoadedEditorAssemblies (3ms)
			RefreshPlugins (0ms)
			BeforeProcessingInitializeOnLoad (62ms)
			ProcessInitializeOnLoadAttributes (367ms)
			ProcessInitializeOnLoadMethodAttributes (39ms)
			AfterProcessingInitializeOnLoad (2ms)
			EditorAssembliesLoaded (0ms)
		ExecutionOrderSort2 (0ms)
		AwakeInstancesAfterBackupRestoration (9ms)
Refreshing native plugins compatible for Editor in 25.83 ms, found 9 plugins.
Preloading 0 native plugins for Editor in 0.00 ms.
Unloading 4469 Unused Serialized files (Serialized files now loaded: 0)
Unloading 60 unused Assets / (49.9 KB). Loaded Objects now: 5191.
Memory consumption went from 167.9 MB to 167.9 MB.
Total: 5.638500 ms (FindLiveObjects: 0.380300 ms CreateObjectMapping: 0.301200 ms MarkObjects: 4.826100 ms  DeleteObjects: 0.129400 ms)

Prepare: number of updated asset objects reloaded= 0
AssetImportParameters requested are different than current active one (requested -> active):
  custom:container-demuxer-ogg: 62fdf1f143b41e24485cea50d1cbac27 -> 
  custom:video-codec-MediaFoundation-h265: 746d11721c4dcdbdad8f713fa42b33f4 -> 
  custom:video-decoder-ogg-theora: a1e56fd34408186e4bbccfd4996cb3dc -> 
  custom:framework-win-MediaFoundation: 216162199b28c13a410421893ffa2e32 -> 
  custom:scripting/monoscript/fileName/DisconnectOnGrab.cs: b6d535f14de0b54fc350dbde59139bca -> 829cd3f79b470f7b924c00f819c10ca8
  custom:CustomObjectIndexerAttribute: 9a22284fe3817be447336de3de66b15e -> 
  custom:scripting/monoscript/fileName/SocketChecker.cs: 81e2c6ae821d2f82fca4ae7f488fee82 -> 11eea032f05868895a3d7bd31e5112c8
  custom:container-demuxer-webm: 4f35f7cbe854078d1ac9338744f61a02 -> 
  custom:container-muxer-webm: aa71ff27fc2769a1b78a27578f13a17b -> 
  custom:video-decoder-webm-vp8: 9c59270c3fd7afecdb556c50c9e8de78 -> 
  custom:scripting/monoscript/fileName/ObjectConnector.cs: b6889c6d7c3a3d07a33c3997b113a4de -> 27ec08e04caab7342e1ebf9ebffa40c1
  custom:SearchIndexIgnoredProperties: e643bd26f0fe6173181afceb89e7c659 -> 
  custom:AudioImporter_EditorPlatform: d09bf68614088b80899f8185d706f6e7 -> 
  custom:video-encoder-webm-vp8: eb34c28f22e8b96e1ab97ce403110664 -> 
  custom:scripting/monoscript/fileName/BasketTrigger.cs: aa00535640a464914bb19856add306dc -> 48c5e4ba96c9f234beae8838e152e959
  custom:audio-decoder-ogg-vorbis: bf7c407c2cedff20999df2af8eb42d56 -> 
  custom:audio-encoder-webm-vorbis: bf7c407c2cedff20999df2af8eb42d56 -> 
  custom:scripting/monoscript/fileName/ScoreManager.cs: 8bf37ad2a0e5ee64fa29f25e7049ed24 -> 2117df56b7ba23abd331d761e713022a
  custom:scripting/monoscript/fileName/BasketTriggerObject.cs: 9b05c554f29a11072e71a667da6ed2cb -> 
========================================================================
Received Prepare
Begin MonoManager ReloadAssembly
- Loaded All Assemblies, in  0.420 seconds
Refreshing native plugins compatible for Editor in 11.35 ms, found 9 plugins.
Native extension for WindowsStandalone target not found
[Package Manager] Server::EnsureServerProcessIsRunning -- launch failed, reason: Unity was launched with the -noUpm command-line argument
[Package Manager] UpmClient::Send -- Unable to send message (not connected to UPM process).
[Package Manager] Cannot connect to Unity Package Manager local server
Mono: successfully reloaded assembly
[Package Manager] Server::EnsureServerProcessIsRunning -- launch failed, reason: Unity was launched with the -noUpm command-line argument
[Package Manager] UpmClient::Send -- Unable to send message (not connected to UPM process).
[Package Manager] Cannot connect to Unity Package Manager local server
- Finished resetting the current domain, in  1.086 seconds
Domain Reload Profiling: 1507ms
	BeginReloadAssembly (154ms)
		ExecutionOrderSort (0ms)
		DisableScriptedObjects (3ms)
		BackupInstance (0ms)
		ReleaseScriptingObjects (0ms)
		CreateAndSetChildDomain (30ms)
	RebuildCommonClasses (30ms)
	RebuildNativeTypeToScriptingClass (10ms)
	initialDomainReloadingComplete (26ms)
	LoadAllAssembliesAndSetupDomain (198ms)
		LoadAssemblies (272ms)
		RebuildTransferFunctionScriptingTraits (0ms)
		AnalyzeDomain (16ms)
			TypeCache.Refresh (6ms)
				TypeCache.ScanAssembly (0ms)
			ScanForSourceGeneratedMonoScriptInfo (0ms)
			ResolveRequiredComponents (7ms)
	FinalizeReload (1087ms)
		ReleaseScriptCaches (0ms)
		RebuildScriptCaches (0ms)
		SetupLoadedEditorAssemblies (490ms)
			LogAssemblyErrors (0ms)
			InitializePlatformSupportModulesInManaged (4ms)
			SetLoadedEditorAssemblies (3ms)
			RefreshPlugins (0ms)
			BeforeProcessingInitializeOnLoad (63ms)
			ProcessInitializeOnLoadAttributes (380ms)
			ProcessInitializeOnLoadMethodAttributes (37ms)
			AfterProcessingInitializeOnLoad (2ms)
			EditorAssembliesLoaded (0ms)
		ExecutionOrderSort2 (0ms)
		AwakeInstancesAfterBackupRestoration (7ms)
Refreshing native plugins compatible for Editor in 23.80 ms, found 9 plugins.
Preloading 0 native plugins for Editor in 0.00 ms.
Unloading 4469 Unused Serialized files (Serialized files now loaded: 0)
Unloading 60 unused Assets / (49.9 KB). Loaded Objects now: 5195.
Memory consumption went from 167.9 MB to 167.9 MB.
Total: 5.652900 ms (FindLiveObjects: 0.379700 ms CreateObjectMapping: 0.330500 ms MarkObjects: 4.810700 ms  DeleteObjects: 0.130500 ms)

Prepare: number of updated asset objects reloaded= 0
AssetImportParameters requested are different than current active one (requested -> active):
  custom:container-demuxer-ogg: 62fdf1f143b41e24485cea50d1cbac27 -> 
  custom:video-codec-MediaFoundation-h265: 746d11721c4dcdbdad8f713fa42b33f4 -> 
  custom:video-decoder-ogg-theora: a1e56fd34408186e4bbccfd4996cb3dc -> 
  custom:framework-win-MediaFoundation: 216162199b28c13a410421893ffa2e32 -> 
  custom:scripting/monoscript/fileName/DisconnectOnGrab.cs: b6d535f14de0b54fc350dbde59139bca -> 829cd3f79b470f7b924c00f819c10ca8
  custom:CustomObjectIndexerAttribute: 9a22284fe3817be447336de3de66b15e -> 
  custom:scripting/monoscript/fileName/SocketChecker.cs: 81e2c6ae821d2f82fca4ae7f488fee82 -> 11eea032f05868895a3d7bd31e5112c8
  custom:container-demuxer-webm: 4f35f7cbe854078d1ac9338744f61a02 -> 
  custom:container-muxer-webm: aa71ff27fc2769a1b78a27578f13a17b -> 
  custom:video-decoder-webm-vp8: 9c59270c3fd7afecdb556c50c9e8de78 -> 
  custom:scripting/monoscript/fileName/ObjectConnector.cs: b6889c6d7c3a3d07a33c3997b113a4de -> 27ec08e04caab7342e1ebf9ebffa40c1
  custom:SearchIndexIgnoredProperties: e643bd26f0fe6173181afceb89e7c659 -> 
  custom:AudioImporter_EditorPlatform: d09bf68614088b80899f8185d706f6e7 -> 
  custom:video-encoder-webm-vp8: eb34c28f22e8b96e1ab97ce403110664 -> 
  custom:scripting/monoscript/fileName/BasketTrigger.cs: aa00535640a464914bb19856add306dc -> 48c5e4ba96c9f234beae8838e152e959
  custom:audio-decoder-ogg-vorbis: bf7c407c2cedff20999df2af8eb42d56 -> 
  custom:audio-encoder-webm-vorbis: bf7c407c2cedff20999df2af8eb42d56 -> 
  custom:scripting/monoscript/fileName/ScoreManager.cs: 8bf37ad2a0e5ee64fa29f25e7049ed24 -> 2117df56b7ba23abd331d761e713022a
  custom:scripting/monoscript/fileName/BasketTriggerObject.cs: 9b05c554f29a11072e71a667da6ed2cb -> 
========================================================================
Received Prepare
Begin MonoManager ReloadAssembly
- Loaded All Assemblies, in  0.486 seconds
Refreshing native plugins compatible for Editor in 12.83 ms, found 9 plugins.
Native extension for WindowsStandalone target not found
[Package Manager] Server::EnsureServerProcessIsRunning -- launch failed, reason: Unity was launched with the -noUpm command-line argument
[Package Manager] UpmClient::Send -- Unable to send message (not connected to UPM process).
[Package Manager] Cannot connect to Unity Package Manager local server
Mono: successfully reloaded assembly
[Package Manager] Server::EnsureServerProcessIsRunning -- launch failed, reason: Unity was launched with the -noUpm command-line argument
[Package Manager] UpmClient::Send -- Unable to send message (not connected to UPM process).
[Package Manager] Cannot connect to Unity Package Manager local server
- Finished resetting the current domain, in  2.098 seconds
Domain Reload Profiling: 2584ms
	BeginReloadAssembly (157ms)
		ExecutionOrderSort (0ms)
		DisableScriptedObjects (3ms)
		BackupInstance (0ms)
		ReleaseScriptingObjects (0ms)
		CreateAndSetChildDomain (29ms)
	RebuildCommonClasses (34ms)
	RebuildNativeTypeToScriptingClass (10ms)
	initialDomainReloadingComplete (24ms)
	LoadAllAssembliesAndSetupDomain (260ms)
		LoadAssemblies (337ms)
		RebuildTransferFunctionScriptingTraits (0ms)
		AnalyzeDomain (16ms)
			TypeCache.Refresh (6ms)
				TypeCache.ScanAssembly (0ms)
			ScanForSourceGeneratedMonoScriptInfo (0ms)
			ResolveRequiredComponents (7ms)
	FinalizeReload (2099ms)
		ReleaseScriptCaches (0ms)
		RebuildScriptCaches (0ms)
		SetupLoadedEditorAssemblies (671ms)
			LogAssemblyErrors (0ms)
			InitializePlatformSupportModulesInManaged (7ms)
			SetLoadedEditorAssemblies (5ms)
			RefreshPlugins (0ms)
			BeforeProcessingInitializeOnLoad (85ms)
			ProcessInitializeOnLoadAttributes (520ms)
			ProcessInitializeOnLoadMethodAttributes (50ms)
			AfterProcessingInitializeOnLoad (2ms)
			EditorAssembliesLoaded (0ms)
		ExecutionOrderSort2 (0ms)
		AwakeInstancesAfterBackupRestoration (9ms)
Refreshing native plugins compatible for Editor in 26.12 ms, found 9 plugins.
Preloading 0 native plugins for Editor in 0.00 ms.
Unloading 4469 Unused Serialized files (Serialized files now loaded: 0)
Unloading 60 unused Assets / (49.9 KB). Loaded Objects now: 5199.
Memory consumption went from 167.9 MB to 167.9 MB.
Total: 5.541000 ms (FindLiveObjects: 0.449200 ms CreateObjectMapping: 0.584200 ms MarkObjects: 4.355900 ms  DeleteObjects: 0.149700 ms)

Prepare: number of updated asset objects reloaded= 0
AssetImportParameters requested are different than current active one (requested -> active):
  custom:container-demuxer-ogg: 62fdf1f143b41e24485cea50d1cbac27 -> 
  custom:video-codec-MediaFoundation-h265: 746d11721c4dcdbdad8f713fa42b33f4 -> 
  custom:video-decoder-ogg-theora: a1e56fd34408186e4bbccfd4996cb3dc -> 
  custom:framework-win-MediaFoundation: 216162199b28c13a410421893ffa2e32 -> 
  custom:scripting/monoscript/fileName/DisconnectOnGrab.cs: b6d535f14de0b54fc350dbde59139bca -> 829cd3f79b470f7b924c00f819c10ca8
  custom:CustomObjectIndexerAttribute: 9a22284fe3817be447336de3de66b15e -> 
  custom:scripting/monoscript/fileName/SocketChecker.cs: 81e2c6ae821d2f82fca4ae7f488fee82 -> 11eea032f05868895a3d7bd31e5112c8
  custom:container-demuxer-webm: 4f35f7cbe854078d1ac9338744f61a02 -> 
  custom:container-muxer-webm: aa71ff27fc2769a1b78a27578f13a17b -> 
  custom:video-decoder-webm-vp8: 9c59270c3fd7afecdb556c50c9e8de78 -> 
  custom:scripting/monoscript/fileName/ObjectConnector.cs: b6889c6d7c3a3d07a33c3997b113a4de -> 27ec08e04caab7342e1ebf9ebffa40c1
  custom:SearchIndexIgnoredProperties: e643bd26f0fe6173181afceb89e7c659 -> 
  custom:AudioImporter_EditorPlatform: d09bf68614088b80899f8185d706f6e7 -> 
  custom:video-encoder-webm-vp8: eb34c28f22e8b96e1ab97ce403110664 -> 
  custom:scripting/monoscript/fileName/BasketTrigger.cs: aa00535640a464914bb19856add306dc -> 48c5e4ba96c9f234beae8838e152e959
  custom:audio-decoder-ogg-vorbis: bf7c407c2cedff20999df2af8eb42d56 -> 
  custom:audio-encoder-webm-vorbis: bf7c407c2cedff20999df2af8eb42d56 -> 
  custom:scripting/monoscript/fileName/ScoreManager.cs: 8bf37ad2a0e5ee64fa29f25e7049ed24 -> 2117df56b7ba23abd331d761e713022a
  custom:scripting/monoscript/fileName/BasketTriggerObject.cs: 9b05c554f29a11072e71a667da6ed2cb -> 
========================================================================
Received Prepare
Begin MonoManager ReloadAssembly
- Loaded All Assemblies, in  0.526 seconds
Refreshing native plugins compatible for Editor in 14.14 ms, found 9 plugins.
Native extension for WindowsStandalone target not found
[Package Manager] Server::EnsureServerProcessIsRunning -- launch failed, reason: Unity was launched with the -noUpm command-line argument
[Package Manager] UpmClient::Send -- Unable to send message (not connected to UPM process).
[Package Manager] Cannot connect to Unity Package Manager local server
Mono: successfully reloaded assembly
[Package Manager] Server::EnsureServerProcessIsRunning -- launch failed, reason: Unity was launched with the -noUpm command-line argument
[Package Manager] UpmClient::Send -- Unable to send message (not connected to UPM process).
[Package Manager] Cannot connect to Unity Package Manager local server
- Finished resetting the current domain, in  1.226 seconds
Domain Reload Profiling: 1752ms
	BeginReloadAssembly (192ms)
		ExecutionOrderSort (0ms)
		DisableScriptedObjects (6ms)
		BackupInstance (0ms)
		ReleaseScriptingObjects (0ms)
		CreateAndSetChildDomain (39ms)
	RebuildCommonClasses (36ms)
	RebuildNativeTypeToScriptingClass (10ms)
	initialDomainReloadingComplete (24ms)
	LoadAllAssembliesAndSetupDomain (263ms)
		LoadAssemblies (319ms)
		RebuildTransferFunctionScriptingTraits (0ms)
		AnalyzeDomain (53ms)
			TypeCache.Refresh (19ms)
				TypeCache.ScanAssembly (1ms)
			ScanForSourceGeneratedMonoScriptInfo (22ms)
			ResolveRequiredComponents (9ms)
	FinalizeReload (1227ms)
		ReleaseScriptCaches (0ms)
		RebuildScriptCaches (0ms)
		SetupLoadedEditorAssemblies (604ms)
			LogAssemblyErrors (0ms)
			InitializePlatformSupportModulesInManaged (7ms)
			SetLoadedEditorAssemblies (4ms)
			RefreshPlugins (0ms)
			BeforeProcessingInitializeOnLoad (61ms)
			ProcessInitializeOnLoadAttributes (475ms)
			ProcessInitializeOnLoadMethodAttributes (54ms)
			AfterProcessingInitializeOnLoad (2ms)
			EditorAssembliesLoaded (0ms)
		ExecutionOrderSort2 (0ms)
		AwakeInstancesAfterBackupRestoration (10ms)
Refreshing native plugins compatible for Editor in 25.04 ms, found 9 plugins.
Preloading 0 native plugins for Editor in 0.00 ms.
Unloading 4469 Unused Serialized files (Serialized files now loaded: 0)
Unloading 60 unused Assets / (50.1 KB). Loaded Objects now: 5203.
Memory consumption went from 167.9 MB to 167.9 MB.
Total: 5.034500 ms (FindLiveObjects: 0.399100 ms CreateObjectMapping: 0.291300 ms MarkObjects: 4.223200 ms  DeleteObjects: 0.119500 ms)

Prepare: number of updated asset objects reloaded= 0
AssetImportParameters requested are different than current active one (requested -> active):
  custom:container-demuxer-ogg: 62fdf1f143b41e24485cea50d1cbac27 -> 
  custom:video-codec-MediaFoundation-h265: 746d11721c4dcdbdad8f713fa42b33f4 -> 
  custom:video-decoder-ogg-theora: a1e56fd34408186e4bbccfd4996cb3dc -> 
  custom:framework-win-MediaFoundation: 216162199b28c13a410421893ffa2e32 -> 
  custom:scripting/monoscript/fileName/DisconnectOnGrab.cs: b6d535f14de0b54fc350dbde59139bca -> 829cd3f79b470f7b924c00f819c10ca8
  custom:CustomObjectIndexerAttribute: 9a22284fe3817be447336de3de66b15e -> 
  custom:scripting/monoscript/fileName/SocketChecker.cs: 81e2c6ae821d2f82fca4ae7f488fee82 -> 11eea032f05868895a3d7bd31e5112c8
  custom:container-demuxer-webm: 4f35f7cbe854078d1ac9338744f61a02 -> 
  custom:container-muxer-webm: aa71ff27fc2769a1b78a27578f13a17b -> 
  custom:video-decoder-webm-vp8: 9c59270c3fd7afecdb556c50c9e8de78 -> 
  custom:scripting/monoscript/fileName/ObjectConnector.cs: b6889c6d7c3a3d07a33c3997b113a4de -> 27ec08e04caab7342e1ebf9ebffa40c1
  custom:SearchIndexIgnoredProperties: e643bd26f0fe6173181afceb89e7c659 -> 
  custom:AudioImporter_EditorPlatform: d09bf68614088b80899f8185d706f6e7 -> 
  custom:video-encoder-webm-vp8: eb34c28f22e8b96e1ab97ce403110664 -> 
  custom:scripting/monoscript/fileName/BasketTrigger.cs: aa00535640a464914bb19856add306dc -> 48c5e4ba96c9f234beae8838e152e959
  custom:audio-decoder-ogg-vorbis: bf7c407c2cedff20999df2af8eb42d56 -> 
  custom:audio-encoder-webm-vorbis: bf7c407c2cedff20999df2af8eb42d56 -> 
  custom:scripting/monoscript/fileName/ScoreManager.cs: 8bf37ad2a0e5ee64fa29f25e7049ed24 -> 2117df56b7ba23abd331d761e713022a
  custom:scripting/monoscript/fileName/BasketTriggerObject.cs: 9b05c554f29a11072e71a667da6ed2cb -> 
========================================================================
Received Prepare
Begin MonoManager ReloadAssembly
- Loaded All Assemblies, in  0.393 seconds
Refreshing native plugins compatible for Editor in 8.94 ms, found 9 plugins.
Native extension for WindowsStandalone target not found
[Package Manager] Server::EnsureServerProcessIsRunning -- launch failed, reason: Unity was launched with the -noUpm command-line argument
[Package Manager] UpmClient::Send -- Unable to send message (not connected to UPM process).
[Package Manager] Cannot connect to Unity Package Manager local server
Mono: successfully reloaded assembly
[Package Manager] Server::EnsureServerProcessIsRunning -- launch failed, reason: Unity was launched with the -noUpm command-line argument
[Package Manager] UpmClient::Send -- Unable to send message (not connected to UPM process).
[Package Manager] Cannot connect to Unity Package Manager local server
- Finished resetting the current domain, in  0.998 seconds
Domain Reload Profiling: 1391ms
	BeginReloadAssembly (144ms)
		ExecutionOrderSort (0ms)
		DisableScriptedObjects (3ms)
		BackupInstance (0ms)
		ReleaseScriptingObjects (0ms)
		CreateAndSetChildDomain (31ms)
	RebuildCommonClasses (27ms)
	RebuildNativeTypeToScriptingClass (9ms)
	initialDomainReloadingComplete (21ms)
	LoadAllAssembliesAndSetupDomain (191ms)
		LoadAssemblies (257ms)
		RebuildTransferFunctionScriptingTraits (0ms)
		AnalyzeDomain (15ms)
			TypeCache.Refresh (6ms)
				TypeCache.ScanAssembly (0ms)
			ScanForSourceGeneratedMonoScriptInfo (0ms)
			ResolveRequiredComponents (7ms)
	FinalizeReload (999ms)
		ReleaseScriptCaches (0ms)
		RebuildScriptCaches (0ms)
		SetupLoadedEditorAssemblies (494ms)
			LogAssemblyErrors (0ms)
			InitializePlatformSupportModulesInManaged (4ms)
			SetLoadedEditorAssemblies (3ms)
			RefreshPlugins (0ms)
			BeforeProcessingInitializeOnLoad (57ms)
			ProcessInitializeOnLoadAttributes (388ms)
			ProcessInitializeOnLoadMethodAttributes (40ms)
			AfterProcessingInitializeOnLoad (2ms)
			EditorAssembliesLoaded (0ms)
		ExecutionOrderSort2 (0ms)
		AwakeInstancesAfterBackupRestoration (7ms)
Refreshing native plugins compatible for Editor in 24.34 ms, found 9 plugins.
Preloading 0 native plugins for Editor in 0.00 ms.
Unloading 4469 Unused Serialized files (Serialized files now loaded: 0)
Unloading 60 unused Assets / (49.9 KB). Loaded Objects now: 5207.
Memory consumption went from 167.9 MB to 167.9 MB.
Total: 5.654000 ms (FindLiveObjects: 0.425500 ms CreateObjectMapping: 0.319600 ms MarkObjects: 4.775400 ms  DeleteObjects: 0.132000 ms)

Prepare: number of updated asset objects reloaded= 0
AssetImportParameters requested are different than current active one (requested -> active):
  custom:container-demuxer-ogg: 62fdf1f143b41e24485cea50d1cbac27 -> 
  custom:video-codec-MediaFoundation-h265: 746d11721c4dcdbdad8f713fa42b33f4 -> 
  custom:video-decoder-ogg-theora: a1e56fd34408186e4bbccfd4996cb3dc -> 
  custom:framework-win-MediaFoundation: 216162199b28c13a410421893ffa2e32 -> 
  custom:scripting/monoscript/fileName/DisconnectOnGrab.cs: b6d535f14de0b54fc350dbde59139bca -> 829cd3f79b470f7b924c00f819c10ca8
  custom:CustomObjectIndexerAttribute: 9a22284fe3817be447336de3de66b15e -> 
  custom:scripting/monoscript/fileName/SocketChecker.cs: 81e2c6ae821d2f82fca4ae7f488fee82 -> 11eea032f05868895a3d7bd31e5112c8
  custom:container-demuxer-webm: 4f35f7cbe854078d1ac9338744f61a02 -> 
  custom:container-muxer-webm: aa71ff27fc2769a1b78a27578f13a17b -> 
  custom:video-decoder-webm-vp8: 9c59270c3fd7afecdb556c50c9e8de78 -> 
  custom:scripting/monoscript/fileName/ObjectConnector.cs: b6889c6d7c3a3d07a33c3997b113a4de -> 27ec08e04caab7342e1ebf9ebffa40c1
  custom:SearchIndexIgnoredProperties: e643bd26f0fe6173181afceb89e7c659 -> 
  custom:AudioImporter_EditorPlatform: d09bf68614088b80899f8185d706f6e7 -> 
  custom:video-encoder-webm-vp8: eb34c28f22e8b96e1ab97ce403110664 -> 
  custom:scripting/monoscript/fileName/BasketTrigger.cs: aa00535640a464914bb19856add306dc -> 48c5e4ba96c9f234beae8838e152e959
  custom:audio-decoder-ogg-vorbis: bf7c407c2cedff20999df2af8eb42d56 -> 
  custom:audio-encoder-webm-vorbis: bf7c407c2cedff20999df2af8eb42d56 -> 
  custom:scripting/monoscript/fileName/ScoreManager.cs: 8bf37ad2a0e5ee64fa29f25e7049ed24 -> 2117df56b7ba23abd331d761e713022a
  custom:scripting/monoscript/fileName/BasketTriggerObject.cs: 9b05c554f29a11072e71a667da6ed2cb -> 
========================================================================
Received Prepare
Begin MonoManager ReloadAssembly
- Loaded All Assemblies, in  0.416 seconds
Refreshing native plugins compatible for Editor in 9.98 ms, found 9 plugins.
Native extension for WindowsStandalone target not found
[Package Manager] Server::EnsureServerProcessIsRunning -- launch failed, reason: Unity was launched with the -noUpm command-line argument
[Package Manager] UpmClient::Send -- Unable to send message (not connected to UPM process).
[Package Manager] Cannot connect to Unity Package Manager local server
Mono: successfully reloaded assembly
[Package Manager] Server::EnsureServerProcessIsRunning -- launch failed, reason: Unity was launched with the -noUpm command-line argument
[Package Manager] UpmClient::Send -- Unable to send message (not connected to UPM process).
[Package Manager] Cannot connect to Unity Package Manager local server
- Finished resetting the current domain, in  1.129 seconds
Domain Reload Profiling: 1544ms
	BeginReloadAssembly (153ms)
		ExecutionOrderSort (0ms)
		DisableScriptedObjects (3ms)
		BackupInstance (0ms)
		ReleaseScriptingObjects (0ms)
		CreateAndSetChildDomain (31ms)
	RebuildCommonClasses (30ms)
	RebuildNativeTypeToScriptingClass (10ms)
	initialDomainReloadingComplete (23ms)
	LoadAllAssembliesAndSetupDomain (198ms)
		LoadAssemblies (272ms)
		RebuildTransferFunctionScriptingTraits (0ms)
		AnalyzeDomain (15ms)
			TypeCache.Refresh (6ms)
				TypeCache.ScanAssembly (0ms)
			ScanForSourceGeneratedMonoScriptInfo (0ms)
			ResolveRequiredComponents (7ms)
	FinalizeReload (1129ms)
		ReleaseScriptCaches (0ms)
		RebuildScriptCaches (0ms)
		SetupLoadedEditorAssemblies (532ms)
			LogAssemblyErrors (0ms)
			InitializePlatformSupportModulesInManaged (4ms)
			SetLoadedEditorAssemblies (4ms)
			RefreshPlugins (0ms)
			BeforeProcessingInitializeOnLoad (62ms)
			ProcessInitializeOnLoadAttributes (422ms)
			ProcessInitializeOnLoadMethodAttributes (37ms)
			AfterProcessingInitializeOnLoad (3ms)
			EditorAssembliesLoaded (0ms)
		ExecutionOrderSort2 (0ms)
		AwakeInstancesAfterBackupRestoration (8ms)
Refreshing native plugins compatible for Editor in 25.27 ms, found 9 plugins.
Preloading 0 native plugins for Editor in 0.00 ms.
Unloading 4469 Unused Serialized files (Serialized files now loaded: 0)
Unloading 60 unused Assets / (49.9 KB). Loaded Objects now: 5211.
Memory consumption went from 167.9 MB to 167.9 MB.
Total: 5.829400 ms (FindLiveObjects: 0.383200 ms CreateObjectMapping: 0.623400 ms MarkObjects: 4.699200 ms  DeleteObjects: 0.122100 ms)

Prepare: number of updated asset objects reloaded= 0
AssetImportParameters requested are different than current active one (requested -> active):
  custom:container-demuxer-ogg: 62fdf1f143b41e24485cea50d1cbac27 -> 
  custom:video-codec-MediaFoundation-h265: 746d11721c4dcdbdad8f713fa42b33f4 -> 
  custom:video-decoder-ogg-theora: a1e56fd34408186e4bbccfd4996cb3dc -> 
  custom:framework-win-MediaFoundation: 216162199b28c13a410421893ffa2e32 -> 
  custom:scripting/monoscript/fileName/DisconnectOnGrab.cs: b6d535f14de0b54fc350dbde59139bca -> 829cd3f79b470f7b924c00f819c10ca8
  custom:CustomObjectIndexerAttribute: 9a22284fe3817be447336de3de66b15e -> 
  custom:scripting/monoscript/fileName/SocketChecker.cs: 81e2c6ae821d2f82fca4ae7f488fee82 -> 11eea032f05868895a3d7bd31e5112c8
  custom:container-demuxer-webm: 4f35f7cbe854078d1ac9338744f61a02 -> 
  custom:container-muxer-webm: aa71ff27fc2769a1b78a27578f13a17b -> 
  custom:video-decoder-webm-vp8: 9c59270c3fd7afecdb556c50c9e8de78 -> 
  custom:scripting/monoscript/fileName/ObjectConnector.cs: b6889c6d7c3a3d07a33c3997b113a4de -> 27ec08e04caab7342e1ebf9ebffa40c1
  custom:SearchIndexIgnoredProperties: e643bd26f0fe6173181afceb89e7c659 -> 
  custom:AudioImporter_EditorPlatform: d09bf68614088b80899f8185d706f6e7 -> 
  custom:video-encoder-webm-vp8: eb34c28f22e8b96e1ab97ce403110664 -> 
  custom:scripting/monoscript/fileName/BasketTrigger.cs: aa00535640a464914bb19856add306dc -> 48c5e4ba96c9f234beae8838e152e959
  custom:audio-decoder-ogg-vorbis: bf7c407c2cedff20999df2af8eb42d56 -> 
  custom:audio-encoder-webm-vorbis: bf7c407c2cedff20999df2af8eb42d56 -> 
  custom:scripting/monoscript/fileName/ScoreManager.cs: 8bf37ad2a0e5ee64fa29f25e7049ed24 -> 2117df56b7ba23abd331d761e713022a
  custom:scripting/monoscript/fileName/BasketTriggerObject.cs: 9b05c554f29a11072e71a667da6ed2cb -> 
========================================================================
Received Prepare
Begin MonoManager ReloadAssembly
- Loaded All Assemblies, in  0.433 seconds
Refreshing native plugins compatible for Editor in 11.74 ms, found 9 plugins.
Native extension for WindowsStandalone target not found
[Package Manager] Server::EnsureServerProcessIsRunning -- launch failed, reason: Unity was launched with the -noUpm command-line argument
[Package Manager] UpmClient::Send -- Unable to send message (not connected to UPM process).
[Package Manager] Cannot connect to Unity Package Manager local server
Mono: successfully reloaded assembly
[Package Manager] Server::EnsureServerProcessIsRunning -- launch failed, reason: Unity was launched with the -noUpm command-line argument
[Package Manager] UpmClient::Send -- Unable to send message (not connected to UPM process).
[Package Manager] Cannot connect to Unity Package Manager local server
- Finished resetting the current domain, in  1.073 seconds
Domain Reload Profiling: 1506ms
	BeginReloadAssembly (149ms)
		ExecutionOrderSort (0ms)
		DisableScriptedObjects (4ms)
		BackupInstance (0ms)
		ReleaseScriptingObjects (0ms)
		CreateAndSetChildDomain (30ms)
	RebuildCommonClasses (37ms)
	RebuildNativeTypeToScriptingClass (11ms)
	initialDomainReloadingComplete (24ms)
	LoadAllAssembliesAndSetupDomain (210ms)
		LoadAssemblies (277ms)
		RebuildTransferFunctionScriptingTraits (0ms)
		AnalyzeDomain (19ms)
			TypeCache.Refresh (6ms)
				TypeCache.ScanAssembly (0ms)
			ScanForSourceGeneratedMonoScriptInfo (0ms)
			ResolveRequiredComponents (10ms)
	FinalizeReload (1074ms)
		ReleaseScriptCaches (0ms)
		RebuildScriptCaches (0ms)
		SetupLoadedEditorAssemblies (546ms)
			LogAssemblyErrors (0ms)
			InitializePlatformSupportModulesInManaged (4ms)
			SetLoadedEditorAssemblies (3ms)
			RefreshPlugins (0ms)
			BeforeProcessingInitializeOnLoad (63ms)
			ProcessInitializeOnLoadAttributes (436ms)
			ProcessInitializeOnLoadMethodAttributes (37ms)
			AfterProcessingInitializeOnLoad (2ms)
			EditorAssembliesLoaded (0ms)
		ExecutionOrderSort2 (0ms)
		AwakeInstancesAfterBackupRestoration (8ms)
Refreshing native plugins compatible for Editor in 25.92 ms, found 9 plugins.
Preloading 0 native plugins for Editor in 0.00 ms.
Unloading 4469 Unused Serialized files (Serialized files now loaded: 0)
Unloading 60 unused Assets / (49.9 KB). Loaded Objects now: 5215.
Memory consumption went from 167.9 MB to 167.9 MB.
Total: 5.305300 ms (FindLiveObjects: 0.470100 ms CreateObjectMapping: 0.276500 ms MarkObjects: 4.429100 ms  DeleteObjects: 0.128000 ms)

Prepare: number of updated asset objects reloaded= 0
AssetImportParameters requested are different than current active one (requested -> active):
  custom:container-demuxer-ogg: 62fdf1f143b41e24485cea50d1cbac27 -> 
  custom:video-codec-MediaFoundation-h265: 746d11721c4dcdbdad8f713fa42b33f4 -> 
  custom:video-decoder-ogg-theora: a1e56fd34408186e4bbccfd4996cb3dc -> 
  custom:framework-win-MediaFoundation: 216162199b28c13a410421893ffa2e32 -> 
  custom:scripting/monoscript/fileName/DisconnectOnGrab.cs: b6d535f14de0b54fc350dbde59139bca -> 829cd3f79b470f7b924c00f819c10ca8
  custom:CustomObjectIndexerAttribute: 9a22284fe3817be447336de3de66b15e -> 
  custom:scripting/monoscript/fileName/SocketChecker.cs: 81e2c6ae821d2f82fca4ae7f488fee82 -> 11eea032f05868895a3d7bd31e5112c8
  custom:container-demuxer-webm: 4f35f7cbe854078d1ac9338744f61a02 -> 
  custom:container-muxer-webm: aa71ff27fc2769a1b78a27578f13a17b -> 
  custom:video-decoder-webm-vp8: 9c59270c3fd7afecdb556c50c9e8de78 -> 
  custom:scripting/monoscript/fileName/ObjectConnector.cs: b6889c6d7c3a3d07a33c3997b113a4de -> 27ec08e04caab7342e1ebf9ebffa40c1
  custom:SearchIndexIgnoredProperties: e643bd26f0fe6173181afceb89e7c659 -> 
  custom:AudioImporter_EditorPlatform: d09bf68614088b80899f8185d706f6e7 -> 
  custom:video-encoder-webm-vp8: eb34c28f22e8b96e1ab97ce403110664 -> 
  custom:scripting/monoscript/fileName/BasketTrigger.cs: aa00535640a464914bb19856add306dc -> 48c5e4ba96c9f234beae8838e152e959
  custom:audio-decoder-ogg-vorbis: bf7c407c2cedff20999df2af8eb42d56 -> 
  custom:audio-encoder-webm-vorbis: bf7c407c2cedff20999df2af8eb42d56 -> 
  custom:scripting/monoscript/fileName/ScoreManager.cs: 8bf37ad2a0e5ee64fa29f25e7049ed24 -> 2117df56b7ba23abd331d761e713022a
  custom:scripting/monoscript/fileName/BasketTriggerObject.cs: 9b05c554f29a11072e71a667da6ed2cb -> 
========================================================================
Received Prepare
Begin MonoManager ReloadAssembly
- Loaded All Assemblies, in  0.410 seconds
Refreshing native plugins compatible for Editor in 10.95 ms, found 9 plugins.
Native extension for WindowsStandalone target not found
[Package Manager] Server::EnsureServerProcessIsRunning -- launch failed, reason: Unity was launched with the -noUpm command-line argument
[Package Manager] UpmClient::Send -- Unable to send message (not connected to UPM process).
[Package Manager] Cannot connect to Unity Package Manager local server
Mono: successfully reloaded assembly
[Package Manager] Server::EnsureServerProcessIsRunning -- launch failed, reason: Unity was launched with the -noUpm command-line argument
[Package Manager] UpmClient::Send -- Unable to send message (not connected to UPM process).
[Package Manager] Cannot connect to Unity Package Manager local server
- Finished resetting the current domain, in  0.991 seconds
Domain Reload Profiling: 1401ms
	BeginReloadAssembly (148ms)
		ExecutionOrderSort (0ms)
		DisableScriptedObjects (3ms)
		BackupInstance (0ms)
		ReleaseScriptingObjects (0ms)
		CreateAndSetChildDomain (32ms)
	RebuildCommonClasses (29ms)
	RebuildNativeTypeToScriptingClass (9ms)
	initialDomainReloadingComplete (23ms)
	LoadAllAssembliesAndSetupDomain (199ms)
		LoadAssemblies (267ms)
		RebuildTransferFunctionScriptingTraits (0ms)
		AnalyzeDomain (16ms)
			TypeCache.Refresh (6ms)
				TypeCache.ScanAssembly (0ms)
			ScanForSourceGeneratedMonoScriptInfo (0ms)
			ResolveRequiredComponents (8ms)
	FinalizeReload (992ms)
		ReleaseScriptCaches (0ms)
		RebuildScriptCaches (0ms)
		SetupLoadedEditorAssemblies (488ms)
			LogAssemblyErrors (0ms)
			InitializePlatformSupportModulesInManaged (4ms)
			SetLoadedEditorAssemblies (3ms)
			RefreshPlugins (0ms)
			BeforeProcessingInitializeOnLoad (60ms)
			ProcessInitializeOnLoadAttributes (382ms)
			ProcessInitializeOnLoadMethodAttributes (37ms)
			AfterProcessingInitializeOnLoad (2ms)
			EditorAssembliesLoaded (0ms)
		ExecutionOrderSort2 (0ms)
		AwakeInstancesAfterBackupRestoration (7ms)
Refreshing native plugins compatible for Editor in 22.16 ms, found 9 plugins.
Preloading 0 native plugins for Editor in 0.00 ms.
Unloading 4469 Unused Serialized files (Serialized files now loaded: 0)
Unloading 60 unused Assets / (49.9 KB). Loaded Objects now: 5219.
Memory consumption went from 167.9 MB to 167.9 MB.
Total: 5.772500 ms (FindLiveObjects: 0.487200 ms CreateObjectMapping: 0.471100 ms MarkObjects: 4.541300 ms  DeleteObjects: 0.270600 ms)

Prepare: number of updated asset objects reloaded= 0
AssetImportParameters requested are different than current active one (requested -> active):
  custom:container-demuxer-ogg: 62fdf1f143b41e24485cea50d1cbac27 -> 
  custom:video-codec-MediaFoundation-h265: 746d11721c4dcdbdad8f713fa42b33f4 -> 
  custom:video-decoder-ogg-theora: a1e56fd34408186e4bbccfd4996cb3dc -> 
  custom:framework-win-MediaFoundation: 216162199b28c13a410421893ffa2e32 -> 
  custom:scripting/monoscript/fileName/DisconnectOnGrab.cs: b6d535f14de0b54fc350dbde59139bca -> 829cd3f79b470f7b924c00f819c10ca8
  custom:CustomObjectIndexerAttribute: 9a22284fe3817be447336de3de66b15e -> 
  custom:scripting/monoscript/fileName/SocketChecker.cs: 81e2c6ae821d2f82fca4ae7f488fee82 -> 11eea032f05868895a3d7bd31e5112c8
  custom:container-demuxer-webm: 4f35f7cbe854078d1ac9338744f61a02 -> 
  custom:container-muxer-webm: aa71ff27fc2769a1b78a27578f13a17b -> 
  custom:video-decoder-webm-vp8: 9c59270c3fd7afecdb556c50c9e8de78 -> 
  custom:scripting/monoscript/fileName/ObjectConnector.cs: b6889c6d7c3a3d07a33c3997b113a4de -> 27ec08e04caab7342e1ebf9ebffa40c1
  custom:SearchIndexIgnoredProperties: e643bd26f0fe6173181afceb89e7c659 -> 
  custom:AudioImporter_EditorPlatform: d09bf68614088b80899f8185d706f6e7 -> 
  custom:video-encoder-webm-vp8: eb34c28f22e8b96e1ab97ce403110664 -> 
  custom:scripting/monoscript/fileName/BasketTrigger.cs: aa00535640a464914bb19856add306dc -> 48c5e4ba96c9f234beae8838e152e959
  custom:audio-decoder-ogg-vorbis: bf7c407c2cedff20999df2af8eb42d56 -> 
  custom:audio-encoder-webm-vorbis: bf7c407c2cedff20999df2af8eb42d56 -> 
  custom:scripting/monoscript/fileName/ScoreManager.cs: 8bf37ad2a0e5ee64fa29f25e7049ed24 -> 2117df56b7ba23abd331d761e713022a
  custom:scripting/monoscript/fileName/BasketTriggerObject.cs: 9b05c554f29a11072e71a667da6ed2cb -> 
========================================================================
Received Import Request.
  Time since last request: 1185.152465 seconds.
  path: Assets/Product/prefab/Crisps.prefab
  artifactKey: Guid(b85c7ec19aa32c64b9c2dd9e01a501e1) Importer(815301076,1909f56bfc062723c751e8b465ee728b)
Start importing Assets/Product/prefab/Crisps.prefab using Guid(b85c7ec19aa32c64b9c2dd9e01a501e1) Importer(815301076,1909f56bfc062723c751e8b465ee728b)  -> (artifact id: '4ad65569fa5a04b0f33fde527c87cf4b') in 0.135239 seconds
Number of updated asset objects reloaded before import = 0
Number of asset objects unloaded after import = 30
========================================================================
Received Import Request.
  Time since last request: 55.266591 seconds.
  path: Assets/Product/model/Crisps.fbx
  artifactKey: Guid(3c21a91f1bd38304fb04ddc098c6cd81) Importer(815301076,1909f56bfc062723c751e8b465ee728b)
Start importing Assets/Product/model/Crisps.fbx using Guid(3c21a91f1bd38304fb04ddc098c6cd81) Importer(815301076,1909f56bfc062723c751e8b465ee728b)  -> (artifact id: 'd3e58ca2cd29c53b4df9f5d2080d3bd0') in 0.057567 seconds
Number of updated asset objects reloaded before import = 0
Number of asset objects unloaded after import = 13
========================================================================
Received Import Request.
  Time since last request: 6.095333 seconds.
  path: Assets/Product/model/cookie.fbx
  artifactKey: Guid(f01ec17fc49fc224cb08100c1fe30b05) Importer(815301076,1909f56bfc062723c751e8b465ee728b)
Start importing Assets/Product/model/cookie.fbx using Guid(f01ec17fc49fc224cb08100c1fe30b05) Importer(815301076,1909f56bfc062723c751e8b465ee728b)  -> (artifact id: '375b76442af15616745c51f27007c00b') in 0.295101 seconds
Number of updated asset objects reloaded before import = 0
Number of asset objects unloaded after import = 115
========================================================================
Received Import Request.
  Time since last request: 51.242436 seconds.
  path: Assets/Product/textures/Cookie (1).png
  artifactKey: Guid(47eadaaced6c9a7448638e2ae9844520) Importer(815301076,1909f56bfc062723c751e8b465ee728b)
Start importing Assets/Product/textures/Cookie (1).png using Guid(47eadaaced6c9a7448638e2ae9844520) Importer(815301076,1909f56bfc062723c751e8b465ee728b)  -> (artifact id: '9355abe85216149fd564d4bbb781353a') in 0.027448 seconds
Number of updated asset objects reloaded before import = 0
Number of asset objects unloaded after import = 2
========================================================================
Received Import Request.
  Time since last request: 0.000020 seconds.
  path: Assets/Product/model/cookie.fbx
  artifactKey: Guid(f01ec17fc49fc224cb08100c1fe30b05) Importer(815301076,1909f56bfc062723c751e8b465ee728b)
Start importing Assets/Product/model/cookie.fbx using Guid(f01ec17fc49fc224cb08100c1fe30b05) Importer(815301076,1909f56bfc062723c751e8b465ee728b)  -> (artifact id: 'f5cac8b72fdd67c468644b7584e26d63') in 0.329894 seconds
Number of updated asset objects reloaded before import = 0
Number of asset objects unloaded after import = 116
========================================================================
Received Import Request.
  Time since last request: 5.196846 seconds.
  path: Assets/Product/materials/Crisps.mat
  artifactKey: Guid(cb871997df8a05e4d8caef6426019a9c) Importer(815301076,1909f56bfc062723c751e8b465ee728b)
Start importing Assets/Product/materials/Crisps.mat using Guid(cb871997df8a05e4d8caef6426019a9c) Importer(815301076,1909f56bfc062723c751e8b465ee728b)  -> (artifact id: '09a4bc49de9fc46eccb137052150c7b6') in 0.024162 seconds
Number of updated asset objects reloaded before import = 0
Number of asset objects unloaded after import = 2
========================================================================
Received Import Request.
  Time since last request: 12.011045 seconds.
  path: Assets/Product/materials/cookie.mat
  artifactKey: Guid(510a09910f5a6aa41abb9b7e1574d40f) Importer(815301076,1909f56bfc062723c751e8b465ee728b)
Start importing Assets/Product/materials/cookie.mat using Guid(510a09910f5a6aa41abb9b7e1574d40f) Importer(815301076,1909f56bfc062723c751e8b465ee728b)  -> (artifact id: '50d59885673fc7a2883d6e47a9fb369e') in 0.019032 seconds
Number of updated asset objects reloaded before import = 0
Number of asset objects unloaded after import = 1
========================================================================
Received Import Request.
  Time since last request: 50.959988 seconds.
  path: Assets/TextMesh Pro/Examples & Extras/Materials/Small Crate_diffuse.mat
  artifactKey: Guid(22262639920f43d6be32430e4e58350d) Importer(815301076,1909f56bfc062723c751e8b465ee728b)
Start importing Assets/TextMesh Pro/Examples & Extras/Materials/Small Crate_diffuse.mat using Guid(22262639920f43d6be32430e4e58350d) Importer(815301076,1909f56bfc062723c751e8b465ee728b)  -> (artifact id: 'd533cb344cbe0f198adc996230eb3be8') in 0.285735 seconds
Number of updated asset objects reloaded before import = 0
Number of asset objects unloaded after import = 3
========================================================================
Received Import Request.
  Time since last request: 0.000027 seconds.
  path: Assets/SimplePoly City - Low Poly Assets/Materials/Vehicle_Police Car.mat
  artifactKey: Guid(ca1eb6db662c95e47b63cb150cf463f9) Importer(815301076,1909f56bfc062723c751e8b465ee728b)
Start importing Assets/SimplePoly City - Low Poly Assets/Materials/Vehicle_Police Car.mat using Guid(ca1eb6db662c95e47b63cb150cf463f9) Importer(815301076,1909f56bfc062723c751e8b465ee728b)  -> (artifact id: 'cfacab6e9f8203be1bac86d98b3a9019') in 0.022177 seconds
Number of updated asset objects reloaded before import = 0
Number of asset objects unloaded after import = 2
========================================================================
Received Import Request.
  Time since last request: 0.000028 seconds.
  path: Assets/SimplePoly City - Low Poly Assets/Materials/Vehicle_Pick up Truck_color02.mat
  artifactKey: Guid(94d51beb0fcd7044885fa789ac899eb1) Importer(815301076,1909f56bfc062723c751e8b465ee728b)
Start importing Assets/SimplePoly City - Low Poly Assets/Materials/Vehicle_Pick up Truck_color02.mat using Guid(94d51beb0fcd7044885fa789ac899eb1) Importer(815301076,1909f56bfc062723c751e8b465ee728b)  -> (artifact id: '887d64b0cb0d6ed24239b5ee0e790520') in 0.020531 seconds
Number of updated asset objects reloaded before import = 0
Number of asset objects unloaded after import = 2
========================================================================
Received Import Request.
  Time since last request: 0.000019 seconds.
  path: Assets/SimplePoly City - Low Poly Assets/Materials/Vehicle_Container_color01.mat
  artifactKey: Guid(992fb1e4bf06a5b488783670728d3f46) Importer(815301076,1909f56bfc062723c751e8b465ee728b)
Start importing Assets/SimplePoly City - Low Poly Assets/Materials/Vehicle_Container_color01.mat using Guid(992fb1e4bf06a5b488783670728d3f46) Importer(815301076,1909f56bfc062723c751e8b465ee728b)  -> (artifact id: '5d1b4c806c530ed7cf6650c4c071fc48') in 0.019399 seconds
Number of updated asset objects reloaded before import = 0
Number of asset objects unloaded after import = 2
========================================================================
Received Import Request.
  Time since last request: 0.000019 seconds.
  path: Assets/SimplePoly City - Low Poly Assets/Materials/Vehicle_Car_color03.mat
  artifactKey: Guid(37608e6988151a248951cdd1a93a59c5) Importer(815301076,1909f56bfc062723c751e8b465ee728b)
Start importing Assets/SimplePoly City - Low Poly Assets/Materials/Vehicle_Car_color03.mat using Guid(37608e6988151a248951cdd1a93a59c5) Importer(815301076,1909f56bfc062723c751e8b465ee728b)  -> (artifact id: 'fab504bbe52c02a5786ef04eb7c01525') in 0.030522 seconds
Number of updated asset objects reloaded before import = 0
Number of asset objects unloaded after import = 2
========================================================================
Received Import Request.
  Time since last request: 0.000023 seconds.
  path: Assets/SimplePoly City - Low Poly Assets/Materials/Vehicle_Car_color01.mat
  artifactKey: Guid(c55cd13c983151f488686d50353a716f) Importer(815301076,1909f56bfc062723c751e8b465ee728b)
Start importing Assets/SimplePoly City - Low Poly Assets/Materials/Vehicle_Car_color01.mat using Guid(c55cd13c983151f488686d50353a716f) Importer(815301076,1909f56bfc062723c751e8b465ee728b)  -> (artifact id: '76dfc326b6897a9d6bc5cfe2c8b846db') in 0.031176 seconds
Number of updated asset objects reloaded before import = 0
Number of asset objects unloaded after import = 2
========================================================================
Received Import Request.
  Time since last request: 4.681331 seconds.
  path: Assets/Product/model/cookie.fbx
  artifactKey: Guid(f01ec17fc49fc224cb08100c1fe30b05) Importer(815301076,1909f56bfc062723c751e8b465ee728b)
Start importing Assets/Product/model/cookie.fbx using Guid(f01ec17fc49fc224cb08100c1fe30b05) Importer(815301076,1909f56bfc062723c751e8b465ee728b)  -> (artifact id: 'de1146244dbaa152b8c9370bce0283b1') in 0.254326 seconds
Number of updated asset objects reloaded before import = 0
Number of asset objects unloaded after import = 116
========================================================================
Received Import Request.
  Time since last request: 15.019914 seconds.
  path: Assets/Product/model/cookie.fbx
  artifactKey: Guid(f01ec17fc49fc224cb08100c1fe30b05) Importer(815301076,1909f56bfc062723c751e8b465ee728b)
Start importing Assets/Product/model/cookie.fbx using Guid(f01ec17fc49fc224cb08100c1fe30b05) Importer(815301076,1909f56bfc062723c751e8b465ee728b)  -> (artifact id: 'b8d986c06158c533854bcffc0fad4c82') in 0.238276 seconds
Number of updated asset objects reloaded before import = 0
Number of asset objects unloaded after import = 116
========================================================================
Received Import Request.
  Time since last request: 35.763215 seconds.
  path: Assets/Product/materials/cookie2.mat
  artifactKey: Guid(123d182ba78fb9e4ca6c6fb572397bfe) Importer(815301076,1909f56bfc062723c751e8b465ee728b)
Start importing Assets/Product/materials/cookie2.mat using Guid(123d182ba78fb9e4ca6c6fb572397bfe) Importer(815301076,1909f56bfc062723c751e8b465ee728b)  -> (artifact id: '12e079694af96a7dbaed267ff8772e3c') in 0.018708 seconds
Number of updated asset objects reloaded before import = 0
Number of asset objects unloaded after import = 1
========================================================================
Received Import Request.
  Time since last request: 24.463449 seconds.
  path: Assets/Product/model/cookie.fbx
  artifactKey: Guid(f01ec17fc49fc224cb08100c1fe30b05) Importer(815301076,1909f56bfc062723c751e8b465ee728b)
Start importing Assets/Product/model/cookie.fbx using Guid(f01ec17fc49fc224cb08100c1fe30b05) Importer(815301076,1909f56bfc062723c751e8b465ee728b)  -> (artifact id: '44729668ee5d75fefda4cdaa78811740') in 0.234004 seconds
Number of updated asset objects reloaded before import = 0
Number of asset objects unloaded after import = 116
========================================================================
Received Import Request.
  Time since last request: 8.961876 seconds.
  path: Assets/Product/model/cookie.fbx
  artifactKey: Guid(f01ec17fc49fc224cb08100c1fe30b05) Importer(815301076,1909f56bfc062723c751e8b465ee728b)
Start importing Assets/Product/model/cookie.fbx using Guid(f01ec17fc49fc224cb08100c1fe30b05) Importer(815301076,1909f56bfc062723c751e8b465ee728b)  -> (artifact id: 'e791fa7faaab7c9af7cc1c91da069026') in 0.237157 seconds
Number of updated asset objects reloaded before import = 0
Number of asset objects unloaded after import = 115
========================================================================
Received Import Request.
  Time since last request: 9.645301 seconds.
  path: Assets/Product/model/cookie.fbx
  artifactKey: Guid(f01ec17fc49fc224cb08100c1fe30b05) Importer(815301076,1909f56bfc062723c751e8b465ee728b)
Start importing Assets/Product/model/cookie.fbx using Guid(f01ec17fc49fc224cb08100c1fe30b05) Importer(815301076,1909f56bfc062723c751e8b465ee728b)  -> (artifact id: '1d94139b72b8a89f4f1cf4365b432a8d') in 0.214572 seconds
Number of updated asset objects reloaded before import = 0
Number of asset objects unloaded after import = 115
========================================================================
Received Import Request.
  Time since last request: 26.516656 seconds.
  path: Assets/Product/model/cookie.fbx
  artifactKey: Guid(f01ec17fc49fc224cb08100c1fe30b05) Importer(815301076,1909f56bfc062723c751e8b465ee728b)
Start importing Assets/Product/model/cookie.fbx using Guid(f01ec17fc49fc224cb08100c1fe30b05) Importer(815301076,1909f56bfc062723c751e8b465ee728b)  -> (artifact id: 'b80957b3a76df005370aa4b421d938ac') in 0.236061 seconds
Number of updated asset objects reloaded before import = 0
Number of asset objects unloaded after import = 116
========================================================================
Received Import Request.
  Time since last request: 9.466731 seconds.
  path: Assets/Product/model/cookie.fbx
  artifactKey: Guid(f01ec17fc49fc224cb08100c1fe30b05) Importer(815301076,1909f56bfc062723c751e8b465ee728b)
Start importing Assets/Product/model/cookie.fbx using Guid(f01ec17fc49fc224cb08100c1fe30b05) Importer(815301076,1909f56bfc062723c751e8b465ee728b)  -> (artifact id: 'bd432571a46b3f14d179506ac8fd4826') in 0.245352 seconds
Number of updated asset objects reloaded before import = 0
Number of asset objects unloaded after import = 116
========================================================================
Received Import Request.
  Time since last request: 97.526181 seconds.
  path: Assets/Product/textures/cookie.webp
  artifactKey: Guid(93172a77567c61b41a3082d5c14cfde6) Importer(815301076,1909f56bfc062723c751e8b465ee728b)
Start importing Assets/Product/textures/cookie.webp using Guid(93172a77567c61b41a3082d5c14cfde6) Importer(815301076,1909f56bfc062723c751e8b465ee728b)  -> (artifact id: 'daedab37adc897a5f49d7e5f6563e0e5') in 0.001236 seconds
Number of updated asset objects reloaded before import = 0
Number of asset objects unloaded after import = 1
========================================================================
Received Import Request.
  Time since last request: 4.209495 seconds.
  path: Assets/Product/textures/cookie.jpg
  artifactKey: Guid(5a7c50e87d5ef164aaab0046c05e6a23) Importer(815301076,1909f56bfc062723c751e8b465ee728b)
Start importing Assets/Product/textures/cookie.jpg using Guid(5a7c50e87d5ef164aaab0046c05e6a23) Importer(815301076,1909f56bfc062723c751e8b465ee728b)  -> (artifact id: 'cdd6a2d69eaf7522540f9fc0496110ed') in 0.019938 seconds
Number of updated asset objects reloaded before import = 0
Number of asset objects unloaded after import = 2
========================================================================
Received Import Request.
  Time since last request: 3.353353 seconds.
  path: Assets/Product/materials/cookie.mat
  artifactKey: Guid(510a09910f5a6aa41abb9b7e1574d40f) Importer(815301076,1909f56bfc062723c751e8b465ee728b)
Start importing Assets/Product/materials/cookie.mat using Guid(510a09910f5a6aa41abb9b7e1574d40f) Importer(815301076,1909f56bfc062723c751e8b465ee728b)  -> (artifact id: '20232de144cab10f06f142eec94de972') in 0.024539 seconds
Number of updated asset objects reloaded before import = 0
Number of asset objects unloaded after import = 2
========================================================================
Received Import Request.
  Time since last request: 8.590494 seconds.
  path: Assets/Product/materials/cookie3.mat
  artifactKey: Guid(078b254cb4ab8994cbfc8e9e3f2399f4) Importer(815301076,1909f56bfc062723c751e8b465ee728b)
Start importing Assets/Product/materials/cookie3.mat using Guid(078b254cb4ab8994cbfc8e9e3f2399f4) Importer(815301076,1909f56bfc062723c751e8b465ee728b)  -> (artifact id: 'ab07facd1e394928fdbd334ae99d6b13') in 0.021210 seconds
Number of updated asset objects reloaded before import = 0
Number of asset objects unloaded after import = 1
========================================================================
Received Import Request.
  Time since last request: 9.745743 seconds.
  path: Assets/Product/model/cookie.fbx
  artifactKey: Guid(f01ec17fc49fc224cb08100c1fe30b05) Importer(815301076,1909f56bfc062723c751e8b465ee728b)
Start importing Assets/Product/model/cookie.fbx using Guid(f01ec17fc49fc224cb08100c1fe30b05) Importer(815301076,1909f56bfc062723c751e8b465ee728b)  -> (artifact id: 'f828bae0f022dd04a0ff8cf0223699d4') in 0.256261 seconds
Number of updated asset objects reloaded before import = 0
Number of asset objects unloaded after import = 117
========================================================================
Received Import Request.
  Time since last request: 8.429497 seconds.
  path: Assets/Product/model/cookie.fbx
  artifactKey: Guid(f01ec17fc49fc224cb08100c1fe30b05) Importer(815301076,1909f56bfc062723c751e8b465ee728b)
Start importing Assets/Product/model/cookie.fbx using Guid(f01ec17fc49fc224cb08100c1fe30b05) Importer(815301076,1909f56bfc062723c751e8b465ee728b)  -> (artifact id: '5176b8f2ffb51dc4370a0e30038a5798') in 0.225303 seconds
Number of updated asset objects reloaded before import = 0
Number of asset objects unloaded after import = 117
========================================================================
Received Import Request.
  Time since last request: 10.550200 seconds.
  path: Assets/Product/model/cookie.fbx
  artifactKey: Guid(f01ec17fc49fc224cb08100c1fe30b05) Importer(815301076,1909f56bfc062723c751e8b465ee728b)
Start importing Assets/Product/model/cookie.fbx using Guid(f01ec17fc49fc224cb08100c1fe30b05) Importer(815301076,1909f56bfc062723c751e8b465ee728b)  -> (artifact id: '1d056d737fb7c940e9455a218843d6a9') in 0.218991 seconds
Number of updated asset objects reloaded before import = 0
Number of asset objects unloaded after import = 116
========================================================================
Received Import Request.
  Time since last request: 260.247046 seconds.
  path: ProjectSettings/TagManager.asset
  artifactKey: Guid(00000000000000003000000000000000) Importer(815301076,1909f56bfc062723c751e8b465ee728b)
Start importing ProjectSettings/TagManager.asset using Guid(00000000000000003000000000000000) Importer(815301076,1909f56bfc062723c751e8b465ee728b)  -> (artifact id: '823c82600bee4a9107cddf9493373d7b') in 0.001858 seconds
Number of updated asset objects reloaded before import = 0
Number of asset objects unloaded after import = 0
========================================================================
Received Prepare
Begin MonoManager ReloadAssembly
- Loaded All Assemblies, in  0.522 seconds
Refreshing native plugins compatible for Editor in 10.86 ms, found 9 plugins.
Native extension for WindowsStandalone target not found
[Package Manager] Server::EnsureServerProcessIsRunning -- launch failed, reason: Unity was launched with the -noUpm command-line argument
[Package Manager] UpmClient::Send -- Unable to send message (not connected to UPM process).
[Package Manager] Cannot connect to Unity Package Manager local server
Mono: successfully reloaded assembly
[Package Manager] Server::EnsureServerProcessIsRunning -- launch failed, reason: Unity was launched with the -noUpm command-line argument
[Package Manager] UpmClient::Send -- Unable to send message (not connected to UPM process).
[Package Manager] Cannot connect to Unity Package Manager local server
- Finished resetting the current domain, in  1.600 seconds
Domain Reload Profiling: 2122ms
	BeginReloadAssembly (210ms)
		ExecutionOrderSort (0ms)
		DisableScriptedObjects (4ms)
		BackupInstance (0ms)
		ReleaseScriptingObjects (0ms)
		CreateAndSetChildDomain (70ms)
	RebuildCommonClasses (42ms)
	RebuildNativeTypeToScriptingClass (10ms)
	initialDomainReloadingComplete (27ms)
	LoadAllAssembliesAndSetupDomain (233ms)
		LoadAssemblies (316ms)
		RebuildTransferFunctionScriptingTraits (0ms)
		AnalyzeDomain (18ms)
			TypeCache.Refresh (7ms)
				TypeCache.ScanAssembly (0ms)
			ScanForSourceGeneratedMonoScriptInfo (0ms)
			ResolveRequiredComponents (8ms)
	FinalizeReload (1600ms)
		ReleaseScriptCaches (0ms)
		RebuildScriptCaches (0ms)
		SetupLoadedEditorAssemblies (622ms)
			LogAssemblyErrors (0ms)
			InitializePlatformSupportModulesInManaged (6ms)
			SetLoadedEditorAssemblies (4ms)
			RefreshPlugins (0ms)
			BeforeProcessingInitializeOnLoad (81ms)
			ProcessInitializeOnLoadAttributes (479ms)
			ProcessInitializeOnLoadMethodAttributes (49ms)
			AfterProcessingInitializeOnLoad (3ms)
			EditorAssembliesLoaded (0ms)
		ExecutionOrderSort2 (0ms)
		AwakeInstancesAfterBackupRestoration (11ms)
Refreshing native plugins compatible for Editor in 26.17 ms, found 9 plugins.
Preloading 0 native plugins for Editor in 0.00 ms.
Unloading 4469 Unused Serialized files (Serialized files now loaded: 0)
Unloading 60 unused Assets / (49.9 KB). Loaded Objects now: 5223.
Memory consumption went from 168.2 MB to 168.1 MB.
Total: 6.329800 ms (FindLiveObjects: 0.444600 ms CreateObjectMapping: 0.279900 ms MarkObjects: 5.480700 ms  DeleteObjects: 0.123100 ms)

Prepare: number of updated asset objects reloaded= 0
AssetImportParameters requested are different than current active one (requested -> active):
  custom:container-demuxer-ogg: 62fdf1f143b41e24485cea50d1cbac27 -> 
  custom:video-codec-MediaFoundation-h265: 746d11721c4dcdbdad8f713fa42b33f4 -> 
  custom:video-decoder-ogg-theora: a1e56fd34408186e4bbccfd4996cb3dc -> 
  custom:framework-win-MediaFoundation: 216162199b28c13a410421893ffa2e32 -> 
  custom:scripting/monoscript/fileName/DisconnectOnGrab.cs: b6d535f14de0b54fc350dbde59139bca -> 829cd3f79b470f7b924c00f819c10ca8
  custom:CustomObjectIndexerAttribute: 9a22284fe3817be447336de3de66b15e -> 
  custom:scripting/monoscript/fileName/SocketChecker.cs: 81e2c6ae821d2f82fca4ae7f488fee82 -> 11eea032f05868895a3d7bd31e5112c8
  custom:container-demuxer-webm: 4f35f7cbe854078d1ac9338744f61a02 -> 
  custom:container-muxer-webm: aa71ff27fc2769a1b78a27578f13a17b -> 
  custom:video-decoder-webm-vp8: 9c59270c3fd7afecdb556c50c9e8de78 -> 
  custom:scripting/monoscript/fileName/ObjectConnector.cs: b6889c6d7c3a3d07a33c3997b113a4de -> 27ec08e04caab7342e1ebf9ebffa40c1
  custom:SearchIndexIgnoredProperties: e643bd26f0fe6173181afceb89e7c659 -> 
  custom:AudioImporter_EditorPlatform: d09bf68614088b80899f8185d706f6e7 -> 
  custom:video-encoder-webm-vp8: eb34c28f22e8b96e1ab97ce403110664 -> 
  custom:scripting/monoscript/fileName/BasketTrigger.cs: aa00535640a464914bb19856add306dc -> 48c5e4ba96c9f234beae8838e152e959
  custom:audio-decoder-ogg-vorbis: bf7c407c2cedff20999df2af8eb42d56 -> 
  custom:audio-encoder-webm-vorbis: bf7c407c2cedff20999df2af8eb42d56 -> 
  custom:scripting/monoscript/fileName/ScoreManager.cs: 8bf37ad2a0e5ee64fa29f25e7049ed24 -> 2117df56b7ba23abd331d761e713022a
  custom:scripting/monoscript/fileName/BasketTriggerObject.cs: 9b05c554f29a11072e71a667da6ed2cb -> 
========================================================================
Received Prepare
Begin MonoManager ReloadAssembly
- Loaded All Assemblies, in  0.417 seconds
Refreshing native plugins compatible for Editor in 10.86 ms, found 9 plugins.
Native extension for WindowsStandalone target not found
[Package Manager] Server::EnsureServerProcessIsRunning -- launch failed, reason: Unity was launched with the -noUpm command-line argument
[Package Manager] UpmClient::Send -- Unable to send message (not connected to UPM process).
[Package Manager] Cannot connect to Unity Package Manager local server
Mono: successfully reloaded assembly
[Package Manager] Server::EnsureServerProcessIsRunning -- launch failed, reason: Unity was launched with the -noUpm command-line argument
[Package Manager] UpmClient::Send -- Unable to send message (not connected to UPM process).
[Package Manager] Cannot connect to Unity Package Manager local server
- Finished resetting the current domain, in  1.101 seconds
Domain Reload Profiling: 1518ms
	BeginReloadAssembly (150ms)
		ExecutionOrderSort (0ms)
		DisableScriptedObjects (3ms)
		BackupInstance (0ms)
		ReleaseScriptingObjects (0ms)
		CreateAndSetChildDomain (31ms)
	RebuildCommonClasses (32ms)
	RebuildNativeTypeToScriptingClass (11ms)
	initialDomainReloadingComplete (24ms)
	LoadAllAssembliesAndSetupDomain (199ms)
		LoadAssemblies (265ms)
		RebuildTransferFunctionScriptingTraits (0ms)
		AnalyzeDomain (18ms)
			TypeCache.Refresh (7ms)
				TypeCache.ScanAssembly (0ms)
			ScanForSourceGeneratedMonoScriptInfo (0ms)
			ResolveRequiredComponents (8ms)
	FinalizeReload (1102ms)
		ReleaseScriptCaches (0ms)
		RebuildScriptCaches (0ms)
		SetupLoadedEditorAssemblies (563ms)
			LogAssemblyErrors (0ms)
			InitializePlatformSupportModulesInManaged (4ms)
			SetLoadedEditorAssemblies (4ms)
			RefreshPlugins (0ms)
			BeforeProcessingInitializeOnLoad (65ms)
			ProcessInitializeOnLoadAttributes (439ms)
			ProcessInitializeOnLoadMethodAttributes (48ms)
			AfterProcessingInitializeOnLoad (3ms)
			EditorAssembliesLoaded (1ms)
		ExecutionOrderSort2 (0ms)
		AwakeInstancesAfterBackupRestoration (10ms)
Refreshing native plugins compatible for Editor in 24.80 ms, found 9 plugins.
Preloading 0 native plugins for Editor in 0.00 ms.
Unloading 4469 Unused Serialized files (Serialized files now loaded: 0)
Unloading 60 unused Assets / (49.9 KB). Loaded Objects now: 5227.
Memory consumption went from 168.2 MB to 168.1 MB.
Total: 5.535000 ms (FindLiveObjects: 0.580500 ms CreateObjectMapping: 0.305000 ms MarkObjects: 4.529800 ms  DeleteObjects: 0.117700 ms)

Prepare: number of updated asset objects reloaded= 0
AssetImportParameters requested are different than current active one (requested -> active):
  custom:container-demuxer-ogg: 62fdf1f143b41e24485cea50d1cbac27 -> 
  custom:video-codec-MediaFoundation-h265: 746d11721c4dcdbdad8f713fa42b33f4 -> 
  custom:video-decoder-ogg-theora: a1e56fd34408186e4bbccfd4996cb3dc -> 
  custom:framework-win-MediaFoundation: 216162199b28c13a410421893ffa2e32 -> 
  custom:scripting/monoscript/fileName/DisconnectOnGrab.cs: b6d535f14de0b54fc350dbde59139bca -> 829cd3f79b470f7b924c00f819c10ca8
  custom:CustomObjectIndexerAttribute: 9a22284fe3817be447336de3de66b15e -> 
  custom:scripting/monoscript/fileName/SocketChecker.cs: 81e2c6ae821d2f82fca4ae7f488fee82 -> 11eea032f05868895a3d7bd31e5112c8
  custom:container-demuxer-webm: 4f35f7cbe854078d1ac9338744f61a02 -> 
  custom:container-muxer-webm: aa71ff27fc2769a1b78a27578f13a17b -> 
  custom:video-decoder-webm-vp8: 9c59270c3fd7afecdb556c50c9e8de78 -> 
  custom:scripting/monoscript/fileName/ObjectConnector.cs: b6889c6d7c3a3d07a33c3997b113a4de -> 27ec08e04caab7342e1ebf9ebffa40c1
  custom:SearchIndexIgnoredProperties: e643bd26f0fe6173181afceb89e7c659 -> 
  custom:AudioImporter_EditorPlatform: d09bf68614088b80899f8185d706f6e7 -> 
  custom:video-encoder-webm-vp8: eb34c28f22e8b96e1ab97ce403110664 -> 
  custom:scripting/monoscript/fileName/BasketTrigger.cs: aa00535640a464914bb19856add306dc -> 48c5e4ba96c9f234beae8838e152e959
  custom:audio-decoder-ogg-vorbis: bf7c407c2cedff20999df2af8eb42d56 -> 
  custom:audio-encoder-webm-vorbis: bf7c407c2cedff20999df2af8eb42d56 -> 
  custom:scripting/monoscript/fileName/ScoreManager.cs: 8bf37ad2a0e5ee64fa29f25e7049ed24 -> 2117df56b7ba23abd331d761e713022a
  custom:scripting/monoscript/fileName/BasketTriggerObject.cs: 9b05c554f29a11072e71a667da6ed2cb -> 
========================================================================
Received Import Request.
  Time since last request: 418.715259 seconds.
  path: Assets/Product/prefab/Cookie.prefab
  artifactKey: Guid(9d99756468820694582370259186bc9c) Importer(815301076,1909f56bfc062723c751e8b465ee728b)
Start importing Assets/Product/prefab/Cookie.prefab using Guid(9d99756468820694582370259186bc9c) Importer(815301076,1909f56bfc062723c751e8b465ee728b)  -> (artifact id: '9d915c7dbd3bb9375b0db2d56e6738bb') in 0.145486 seconds
Number of updated asset objects reloaded before import = 0
Number of asset objects unloaded after import = 205
========================================================================
Received Import Request.
  Time since last request: 50.002853 seconds.
  path: Assets/Product/prefab/Cookie.prefab
  artifactKey: Guid(9d99756468820694582370259186bc9c) Importer(815301076,1909f56bfc062723c751e8b465ee728b)
Start importing Assets/Product/prefab/Cookie.prefab using Guid(9d99756468820694582370259186bc9c) Importer(815301076,1909f56bfc062723c751e8b465ee728b)  -> (artifact id: 'a8b0c254fb4b56b6a2ba0c914379a303') in 0.033176 seconds
Number of updated asset objects reloaded before import = 0
Number of asset objects unloaded after import = 206
